true_label,predicted_label,prob_class_0,prob_class_1,prob_class_2,prob_class_3,prob_class_4,prob_class_5,prob_class_6,prob_class_7,prob_class_8,prob_class_9,prob_class_10,correct
8.0,10,-6.040568,-1.3585777,-2.6077387,-3.395877,0.34387007,-1.1351249,2.5148444,3.4641917,1.0925891,-1.8131312,7.7605014,0
8.0,10,-6.0351467,-1.3587728,-2.6075149,-3.3954785,0.32268223,-1.1444287,2.5454292,3.5136244,1.0314531,-1.8081644,7.758704,0
8.0,10,-6.047672,-1.3703153,-2.6395545,-3.3733425,0.36366314,-1.1293457,2.518015,3.4236934,1.1718009,-1.8165153,7.735757,0
8.0,10,-6.0464544,-1.3650424,-2.626819,-3.3864007,0.36897677,-1.1260941,2.4997997,3.4222708,1.1534358,-1.8121107,7.7505074,0
8.0,10,-6.039556,-1.3603643,-2.6150603,-3.38721,0.33683607,-1.1403198,2.5212245,3.4599848,1.1160908,-1.8183767,7.752652,0
8.0,10,-6.038668,-1.3619145,-2.5914834,-3.4065132,0.31582612,-1.140214,2.5692215,3.5679004,0.9438547,-1.7959304,7.7599945,0
2.0,6,-4.92324,-2.7278755,5.1603894,-4.4479365,-0.74777263,3.843115,6.4308343,-1.1673133,-0.24447864,-0.05771036,-0.36174902,0
2.0,6,-4.923241,-2.7278745,5.1603894,-4.4479375,-0.74777436,3.843118,6.430833,-1.1673125,-0.24447542,-0.057711523,-0.36175027,0
2.0,6,-4.923241,-2.7278748,5.1603885,-4.447937,-0.74777323,3.8431172,6.4308333,-1.1673132,-0.24447685,-0.05771069,-0.36174896,0
2.0,6,-4.92324,-2.727875,5.1603913,-4.447937,-0.74777365,3.843118,6.430832,-1.1673127,-0.244477,-0.057711225,-0.36175075,0
2.0,6,-4.92324,-2.7278752,5.160388,-4.447937,-0.74777347,3.8431168,6.430835,-1.167313,-0.24447644,-0.057711136,-0.36174908,0
2.0,6,-4.923241,-2.727874,5.1603904,-4.4479375,-0.7477745,3.8431194,6.4308305,-1.1673126,-0.24447554,-0.05771188,-0.3617504,0
9.0,9,1.4803327,1.0286541,-2.6318853,-1.6061704,-1.5415639,-2.6367044,-1.529729,-2.1628597,-2.1969478,9.385257,-1.2693003,1
9.0,9,1.480333,1.0286541,-2.6318836,-1.6061716,-1.5415639,-2.636703,-1.529727,-2.162863,-2.196948,9.385256,-1.2693002,1
9.0,9,1.4803317,1.028654,-2.6318824,-1.6061708,-1.5415634,-2.6367037,-1.5297272,-2.162863,-2.1969483,9.385257,-1.2693012,1
9.0,9,1.4803325,1.0286541,-2.631884,-1.6061711,-1.5415641,-2.6367037,-1.5297277,-2.1628618,-2.1969478,9.385257,-1.2693006,1
9.0,9,1.4803323,1.0286545,-2.6318834,-1.6061713,-1.5415636,-2.6367035,-1.5297279,-2.1628623,-2.1969478,9.385257,-1.2693008,1
9.0,9,1.4803327,1.0286542,-2.6318846,-1.6061708,-1.5415637,-2.6367042,-1.529729,-2.1628602,-2.1969478,9.385257,-1.2693006,1
6.0,6,-2.277203,-1.7331111,-2.1204705,-3.6486728,-1.0537417,0.40210366,9.447099,-1.8592927,1.5681348,0.4012444,1.1713814,1
6.0,6,-2.277203,-1.7331109,-2.1204705,-3.6486726,-1.0537418,0.4021033,9.447099,-1.8592927,1.5681353,0.4012441,1.1713816,1
6.0,6,-2.2772028,-1.7331108,-2.1204715,-3.6486716,-1.0537415,0.40210313,9.447099,-1.859293,1.5681354,0.40124378,1.1713812,1
6.0,6,-2.2772028,-1.7331107,-2.1204712,-3.6486728,-1.0537418,0.40210336,9.447099,-1.859293,1.5681357,0.40124416,1.1713815,1
6.0,6,-2.2772038,-1.7331116,-2.1204693,-3.6486738,-1.0537416,0.40210414,9.447099,-1.8592924,1.568135,0.4012444,1.1713818,1
6.0,6,-2.2772038,-1.7331116,-2.1204693,-3.648673,-1.0537416,0.40210432,9.447099,-1.8592929,1.5681345,0.4012441,1.1713816,1
6.0,6,-4.126798,-0.8449157,-2.6470172,-3.1739135,0.7686533,0.5270164,8.430058,-0.3368835,-1.9163682,-1.8375069,5.0656843,1
6.0,6,-4.1267986,-0.8449167,-2.647016,-3.1739118,0.7686545,0.5270159,8.4300585,-0.3368835,-1.9163699,-1.8375068,5.0656824,1
6.0,6,-4.126799,-0.8449165,-2.647016,-3.1739118,0.76865363,0.5270163,8.4300585,-0.33688286,-1.9163702,-1.8375071,5.0656824,1
6.0,6,-4.1267986,-0.84491765,-2.6470149,-3.173911,0.7686542,0.527016,8.43006,-0.33688357,-1.9163703,-1.8375069,5.0656815,1
6.0,6,-4.126799,-0.8449165,-2.6470163,-3.173912,0.76865315,0.5270171,8.4300585,-0.3368829,-1.9163696,-1.8375072,5.0656834,1
6.0,6,-4.126798,-0.844915,-2.6470184,-3.1739135,0.76865274,0.52701664,8.430057,-0.33688304,-1.9163692,-1.8375071,5.0656853,1
10.0,0,6.8390446,4.031017,-5.5255256,-2.2280457,-2.5368278,-0.29425347,-2.978754,-3.7290916,-2.4548671,3.8542054,1.2278198,0
10.0,0,6.839044,4.0310163,-5.5255246,-2.2280455,-2.5368273,-0.2942525,-2.9787536,-3.729092,-2.4548676,3.8542063,1.2278186,0
10.0,0,6.839044,4.031017,-5.525525,-2.2280455,-2.5368273,-0.29425246,-2.978754,-3.7290914,-2.4548674,3.8542058,1.2278186,0
10.0,0,6.839044,4.0310173,-5.5255256,-2.2280445,-2.536827,-0.2942506,-2.9787548,-3.7290914,-2.4548676,3.8542058,1.2278162,0
10.0,0,6.8390446,4.031017,-5.5255256,-2.228045,-2.5368268,-0.29425144,-2.978754,-3.7290914,-2.4548671,3.8542058,1.2278174,0
10.0,0,6.8390436,4.0310173,-5.525525,-2.2280452,-2.5368273,-0.29425192,-2.9787543,-3.7290914,-2.4548676,3.8542063,1.2278178,0
2.0,2,-6.183577,-0.5060063,6.4388113,0.50362325,-4.9354186,6.2435193,-1.062219,1.8834944,-1.3850152,-2.7272418,-0.93707585,1
2.0,2,-6.183577,-0.50600666,6.4388113,0.503625,-4.9354186,6.243519,-1.0622193,1.8834939,-1.3850156,-2.7272422,-0.93707657,1
2.0,2,-6.1835785,-0.506007,6.4388123,0.5036229,-4.935418,6.243519,-1.0622181,1.8834934,-1.3850152,-2.7272408,-0.9370756,1
2.0,2,-6.183578,-0.50600547,6.438811,0.50362295,-4.9354196,6.2435193,-1.0622189,1.8834937,-1.385014,-2.727242,-0.9370761,1
2.0,2,-6.183578,-0.5060085,6.4388127,0.5036245,-4.9354177,6.2435174,-1.0622178,1.8834939,-1.3850162,-2.7272406,-0.93707573,1
2.0,2,-6.183579,-0.5060061,6.438812,0.503624,-4.9354186,6.2435184,-1.0622184,1.8834924,-1.3850138,-2.7272418,-0.93707514,1
7.0,7,-2.1024344,-2.390963,-1.8751317,2.1750436,-2.1678052,0.037323184,0.46429655,8.678112,-2.6029866,-0.18060048,-1.5408057,1
7.0,7,-2.102434,-2.3909628,-1.8751321,2.175044,-2.1678057,0.037323087,0.46429634,8.678112,-2.6029863,-0.18059994,-1.5408064,1
7.0,7,-2.1024342,-2.3909628,-1.8751314,2.1750445,-2.167806,0.037323564,0.4642965,8.678112,-2.6029859,-0.18060024,-1.5408065,1
7.0,7,-2.1024344,-2.3909626,-1.8751316,2.175044,-2.1678061,0.037323363,0.4642961,8.678112,-2.602986,-0.18060012,-1.5408064,1
7.0,7,-2.1024349,-2.3909628,-1.8751318,2.175044,-2.1678047,0.037323408,0.4642966,8.678112,-2.6029866,-0.18060024,-1.5408062,1
7.0,7,-2.102434,-2.3909626,-1.8751321,2.1750438,-2.1678064,0.037323326,0.46429616,8.678112,-2.6029859,-0.18060012,-1.5408064,1
0.0,8,-0.9513823,-2.2715435,-1.1218328,0.08866445,0.7817574,0.24424501,-0.7819304,-0.27257225,6.584463,-3.4764407,1.2670358,0
0.0,8,-0.280022,-2.17774,-1.130122,0.05927492,1.0859022,0.39405853,-1.6717082,-0.2532162,6.1742873,-3.3905237,1.1084967,0
0.0,8,-0.81957185,-2.101686,-1.1918455,-0.14931491,0.90000623,0.37074697,-1.3231745,-0.111705676,6.4544625,-3.4729388,1.3752586,0
0.0,8,-0.6659074,-2.0942793,-1.1649559,-0.1257832,0.988536,0.35599762,-1.456279,-0.15774621,6.369083,-3.4466043,1.3058083,0
0.0,8,-0.73345995,-2.1642692,-1.156534,-0.06244891,0.9521222,0.3698594,-1.3265603,-0.15856825,6.3849297,-3.4569776,1.3090117,0
0.0,8,-0.9690707,-2.2681737,-1.1368499,0.07398475,0.7584981,0.2642939,-0.78261036,-0.24029136,6.57747,-3.4819188,1.292337,0
3.0,3,0.65564084,-0.6541078,-2.1090224,8.60303,-1.7089144,4.7330956,-1.8873494,0.690305,-2.3971941,-2.695905,-4.3742228,1
3.0,3,0.65564096,-0.65410894,-2.1090221,8.603029,-1.7089139,4.7330956,-1.8873513,0.6903065,-2.3971927,-2.6959045,-4.3742223,1
3.0,3,0.6556419,-0.6541089,-2.109023,8.603029,-1.7089137,4.7330956,-1.88735,0.6903055,-2.3971937,-2.695905,-4.3742228,1
3.0,3,0.65563977,-0.65410835,-2.1090207,8.603029,-1.7089142,4.733095,-1.887351,0.6903062,-2.3971932,-2.6959047,-4.3742237,1
3.0,3,0.6556413,-0.65410805,-2.1090229,8.603029,-1.7089142,4.7330956,-1.8873498,0.6903051,-2.3971937,-2.695905,-4.3742223,1
3.0,3,0.6556413,-0.65410876,-2.1090226,8.603029,-1.7089137,4.7330966,-1.8873507,0.69030577,-2.3971932,-2.695905,-4.3742228,1
7.0,4,0.44637433,-3.9423938,0.755754,1.8287654,6.3659167,-1.8245735,-0.14103574,2.2025,1.3330841,-3.1919549,-0.6494418,0
7.0,4,0.43013558,-3.9353704,0.7479719,1.7811677,6.275876,-1.8468442,-0.21577689,2.3490236,1.311879,-3.187043,-0.5668808,0
7.0,4,0.4000432,-3.9193363,0.66498643,1.7378519,6.1188483,-1.9818606,-0.35279062,2.7907724,1.0606868,-3.1305916,-0.35220954,0
7.0,4,0.4142259,-3.9402466,0.7022501,1.7922676,6.236466,-1.9069217,-0.24317625,2.5511143,1.1692729,-3.1670468,-0.49556115,0
7.0,4,0.39680675,-3.9188297,0.7574153,1.7021993,6.1667547,-1.8477998,-0.30543235,2.4622407,1.3679428,-3.1983252,-0.48238716,0
7.0,4,0.43700436,-3.9372678,0.77089244,1.8037357,6.351335,-1.8032006,-0.15046307,2.18624,1.3818282,-3.2020342,-0.6522428,0
0.0,10,5.765438,1.6608677,-3.8137705,-3.1233776,-2.181115,-4.284682,-2.4219646,-2.3609092,-1.2318501,1.8861414,6.5190353,0
0.0,10,5.7654376,1.6608675,-3.8137689,-3.123378,-2.1811142,-4.284683,-2.4219651,-2.360909,-1.23185,1.88614,6.5190363,0
0.0,10,5.765435,1.6608701,-3.8137696,-3.1233788,-2.1811154,-4.284681,-2.4219651,-2.3609087,-1.2318519,1.8861414,6.5190372,0
0.0,10,5.7654366,1.6608692,-3.8137708,-3.1233783,-2.1811154,-4.2846813,-2.4219651,-2.3609087,-1.231851,1.8861412,6.5190363,0
0.0,10,5.7654366,1.6608686,-3.8137696,-3.1233785,-2.181115,-4.2846823,-2.4219651,-2.3609087,-1.231851,1.88614,6.519037,0
0.0,10,5.7654376,1.6608677,-3.8137684,-3.1233783,-2.1811135,-4.2846828,-2.4219646,-2.3609087,-1.2318504,1.8861392,6.5190363,0
4.0,3,0.396229,2.4884045,-4.470563,6.782489,-1.4816328,2.9442327,-0.762608,-2.688937,-0.5311953,-2.910713,-2.622105,0
4.0,3,0.34414908,2.3602195,-4.398828,6.773973,-1.5192984,3.2655723,-0.77682173,-2.6421983,-0.7074237,-2.937168,-2.5955944,0
4.0,3,0.39960068,2.3890254,-4.374213,6.800601,-1.4023992,3.1400363,-0.7793012,-2.680453,-0.76201165,-2.9497807,-2.6037242,0
4.0,3,0.37551686,2.382451,-4.398022,6.768159,-1.475849,3.2251966,-0.7804139,-2.66836,-0.72010994,-2.9489248,-2.5935585,0
4.0,3,0.4729859,2.605913,-4.4743037,6.7362814,-1.3718063,2.786882,-0.7708325,-2.7752006,-0.5218523,-2.953048,-2.6124055,0
4.0,3,0.5912014,2.712783,-4.5197415,6.6784716,-1.2937121,2.6574028,-0.79172415,-2.8402476,-0.52308464,-2.9592197,-2.6125271,0
3.0,3,-2.6461709,-3.7761912,4.039189,6.102645,-2.4094837,0.18407781,-1.7800784,5.6117463,-4.603674,0.3860017,-2.1920083,1
3.0,3,-2.6461709,-3.776191,4.0391874,6.1026435,-2.4094844,0.18407859,-1.7800784,5.6117477,-4.603674,0.38600177,-2.1920078,1
3.0,3,-2.6461709,-3.7761905,4.039187,6.102644,-2.4094844,0.18407856,-1.7800785,5.6117473,-4.603674,0.38600194,-2.1920075,1
3.0,3,-2.6461709,-3.7761912,4.039188,6.1026444,-2.4094837,0.18407793,-1.7800785,5.611747,-4.603674,0.38600153,-2.1920083,1
3.0,3,-2.6461709,-3.7761908,4.039188,6.102644,-2.409484,0.18407838,-1.7800785,5.611747,-4.603674,0.38600123,-2.192008,1
3.0,3,-2.6461706,-3.776191,4.039188,6.102644,-2.409484,0.18407772,-1.7800784,5.6117473,-4.603674,0.3860016,-2.1920078,1
7.0,7,-1.3370018,-0.7886584,0.41275883,3.5194867,-4.5226035,4.240727,-2.35154,7.0905447,-3.346054,-3.0808215,-2.3554225,1
7.0,7,-1.3370032,-0.7886572,0.4127606,3.519483,-4.5226045,4.240729,-2.351541,7.0905447,-3.3460553,-3.0808191,-2.3554215,1
7.0,7,-1.3370038,-0.78865755,0.41276178,3.5194848,-4.5226045,4.240729,-2.351541,7.090544,-3.3460553,-3.0808194,-2.3554223,1
7.0,7,-1.3370014,-0.7886597,0.41275874,3.519486,-4.522602,4.240725,-2.35154,7.0905466,-3.346055,-3.0808194,-2.3554218,1
7.0,7,-1.3370012,-0.78865707,0.41275665,3.5194864,-4.522604,4.240727,-2.35154,7.0905447,-3.3460536,-3.0808222,-2.355422,1
7.0,7,-1.3370011,-0.7886586,0.41275766,3.5194874,-4.5226035,4.240726,-2.3515391,7.0905457,-3.3460534,-3.080822,-2.3554223,1
2.0,2,-2.6248484,-1.7746859,8.821657,-0.4398919,-2.5674424,4.137736,1.1591246,0.21384197,-1.6396444,-1.0532452,-4.400147,1
2.0,2,-2.6248496,-1.7746859,8.821655,-0.43989196,-2.5674431,4.1377387,1.1591272,0.21384309,-1.6396443,-1.0532467,-4.4001465,1
2.0,2,-2.6248488,-1.7746862,8.821655,-0.4398914,-2.567443,4.1377378,1.1591266,0.21384364,-1.6396449,-1.0532464,-4.400147,1
2.0,2,-2.6248486,-1.7746859,8.821656,-0.43989167,-2.5674431,4.1377387,1.1591259,0.2138431,-1.6396446,-1.0532464,-4.4001465,1
2.0,2,-2.6248486,-1.7746856,8.821654,-0.43989205,-2.5674436,4.1377406,1.1591262,0.21384346,-1.6396443,-1.0532472,-4.4001465,1
2.0,2,-2.6248481,-1.7746855,8.821656,-0.43989208,-2.5674431,4.1377387,1.1591237,0.21384276,-1.639644,-1.0532466,-4.4001465,1
8.0,5,-1.7200525,0.16588129,-1.1690186,2.8280852,-1.6432035,5.5737743,-2.606094,-1.1814548,4.0670786,-2.2541723,-3.029114,0
8.0,5,-1.727718,0.18197547,-1.1458929,2.80501,-1.6975335,5.6372485,-2.6358554,-1.1641071,4.0206647,-2.2758715,-3.0041287,0
8.0,5,-1.7275568,0.19839315,-1.1479557,2.779924,-1.7554096,5.6952662,-2.6814475,-1.1077787,3.954453,-2.2849069,-2.9600136,0
8.0,5,-1.7463354,0.1892895,-1.067883,2.8371239,-1.6975242,5.711099,-2.632008,-1.2472471,3.9507208,-2.3204195,-3.0405877,0
8.0,5,-1.7185949,0.19372751,-1.1276324,2.8382268,-1.6920489,5.6518893,-2.6270952,-1.2463602,4.02524,-2.3050294,-3.0298555,0
8.0,5,-1.7075342,0.17412466,-1.1909342,2.807393,-1.661216,5.565785,-2.6273844,-1.1533538,4.072021,-2.246584,-3.0042927,0
3.0,3,0.76446676,-1.0103899,-1.8915536,9.237565,-1.354062,3.6125293,-0.6900936,0.5305995,-2.7120497,-3.1584108,-4.2486353,1
3.0,3,0.7644669,-1.0103898,-1.8915534,9.237565,-1.3540617,3.6125295,-0.6900938,0.5305995,-2.7120497,-3.1584113,-4.2486353,1
3.0,3,0.764467,-1.0103899,-1.8915536,9.237566,-1.3540617,3.6125293,-0.69009393,0.5305998,-2.7120497,-3.1584113,-4.2486353,1
3.0,3,0.7644682,-1.0103897,-1.8915546,9.237565,-1.3540617,3.6125307,-0.69009465,0.53059936,-2.7120495,-3.158411,-4.2486353,1
3.0,3,0.76446545,-1.01039,-1.8915522,9.237566,-1.3540617,3.6125278,-0.6900936,0.5306001,-2.7120495,-3.1584113,-4.2486353,1
3.0,3,0.7644663,-1.01039,-1.891553,9.237566,-1.3540617,3.6125286,-0.6900936,0.5305997,-2.7120497,-3.1584113,-4.2486353,1
0.0,0,9.584751,-1.2626815,-2.4272428,1.3160498,2.1649399,-0.2658177,-1.0747377,-3.792609,-0.8106495,1.7088499,-4.901992,1
0.0,0,9.58475,-1.2626814,-2.4272428,1.3160499,2.16494,-0.26581746,-1.0747375,-3.7926095,-0.81064975,1.7088499,-4.901992,1
0.0,0,9.584749,-1.2626816,-2.4272423,1.31605,2.1649406,-0.265817,-1.0747374,-3.7926095,-0.8106508,1.70885,-4.9019914,1
0.0,0,9.584749,-1.2626815,-2.4272425,1.3160498,2.1649406,-0.26581717,-1.0747373,-3.7926095,-0.81065035,1.70885,-4.9019914,1
0.0,0,9.58475,-1.2626815,-2.4272428,1.31605,2.1649404,-0.26581746,-1.0747373,-3.7926095,-0.8106502,1.70885,-4.901992,1
0.0,0,9.58475,-1.2626815,-2.4272425,1.3160496,2.16494,-0.26581788,-1.0747372,-3.7926095,-0.8106498,1.70885,-4.9019914,1
10.0,0,7.1038513,3.9832058,-5.200761,-2.325591,-2.1436992,-1.421648,-3.4646838,-3.2426565,-2.725164,3.5469246,2.0038822,0
10.0,0,7.103852,3.9832063,-5.2007604,-2.3255916,-2.1436977,-1.4216506,-3.4646845,-3.2426543,-2.7251642,3.5469203,2.0038862,0
10.0,0,7.103851,3.9832058,-5.2007604,-2.3255916,-2.1436987,-1.4216495,-3.4646845,-3.2426553,-2.7251642,3.5469232,2.003884,0
10.0,0,7.103852,3.9832058,-5.2007604,-2.3255916,-2.143698,-1.4216505,-3.4646845,-3.2426548,-2.7251647,3.5469215,2.0038855,0
10.0,0,7.103851,3.9832067,-5.2007604,-2.3255918,-2.143699,-1.4216499,-3.464685,-3.242655,-2.7251637,3.546922,2.0038853,0
10.0,0,7.1038523,3.9832058,-5.2007604,-2.325591,-2.1436975,-1.4216511,-3.4646847,-3.242655,-2.7251644,3.546921,2.003886,0
1.0,1,-0.14475772,8.763445,0.9863554,-2.3451948,-2.7126455,2.7205904,-3.7837682,-1.1065227,-0.21225446,-4.694486,-1.5768073,1
1.0,1,-0.1447576,8.763446,0.98635554,-2.3451948,-2.7126443,2.7205894,-3.7837677,-1.1065228,-0.21225524,-4.694486,-1.5768064,1
1.0,1,-0.14475879,8.763445,0.9863554,-2.3451948,-2.712645,2.7205904,-3.7837672,-1.1065227,-0.21225435,-4.6944866,-1.5768064,1
1.0,1,-0.14475808,8.763446,0.9863558,-2.3451946,-2.7126439,2.720589,-3.7837677,-1.1065229,-0.21225569,-4.6944866,-1.576806,1
1.0,1,-0.14475763,8.763445,0.9863552,-2.3451948,-2.712644,2.7205894,-3.7837677,-1.1065235,-0.21225536,-4.6944866,-1.5768055,1
1.0,1,-0.14475855,8.763447,0.9863558,-2.3451948,-2.7126439,2.7205882,-3.7837677,-1.1065228,-0.21225616,-4.694486,-1.5768057,1
10.0,7,-3.088175,-3.6011965,-0.9810464,3.2354207,2.972644,-3.2604258,1.5937972,7.3912525,-2.0595775,-0.04978765,-1.2882056,0
10.0,7,-3.0903597,-3.6093423,-0.98282367,3.2352238,2.9688227,-3.2611682,1.626608,7.384904,-2.0637853,-0.057342064,-1.2779844,0
10.0,7,-3.0886705,-3.6058378,-0.98316103,3.235108,2.9693367,-3.2608252,1.6127769,7.3885045,-2.0620244,-0.054272126,-1.2817773,0
10.0,7,-3.0885766,-3.6060677,-0.9834981,3.2346706,2.968159,-3.2609746,1.6140307,7.3890047,-2.0621502,-0.054304373,-1.2810849,0
10.0,7,-3.0855336,-3.601605,-0.98457265,3.2361152,2.9679916,-3.2608225,1.5964632,7.3929453,-2.0601816,-0.05019505,-1.2862787,0
10.0,7,-3.0854685,-3.598209,-0.9826338,3.2355986,2.9693396,-3.2610312,1.5831552,7.395347,-2.0584116,-0.04616816,-1.2906369,0
2.0,2,-1.6305507,-2.5835147,8.927667,0.3600153,-1.6344544,-2.5535142,-0.44858173,-2.4473174,-0.40826306,2.9285352,-1.9035022,1
2.0,2,-1.6305497,-2.5835137,8.927666,0.36001387,-1.6344545,-2.5535142,-0.44858202,-2.4473193,-0.40826184,2.9285357,-1.9035025,1
2.0,2,-1.6305496,-2.583514,8.927666,0.36001393,-1.6344544,-2.5535142,-0.4485822,-2.4473183,-0.40826178,2.9285352,-1.903503,1
2.0,2,-1.6305503,-2.5835147,8.927666,0.36001495,-1.6344547,-2.5535145,-0.44858196,-2.4473178,-0.4082625,2.9285352,-1.9035025,1
2.0,2,-1.63055,-2.5835145,8.927666,0.36001447,-1.6344546,-2.5535145,-0.448582,-2.4473178,-0.40826243,2.9285352,-1.9035027,1
2.0,2,-1.6305497,-2.5835137,8.927666,0.360014,-1.6344546,-2.5535142,-0.4485822,-2.4473193,-0.40826178,2.9285352,-1.9035026,1
0.0,1,-2.77831,7.850789,-3.3345084,-1.0990044,-1.8938042,1.8298272,0.4900923,-2.622743,0.43400455,-1.7498108,-1.3544196,0
0.0,1,-2.8727622,7.7945967,-3.264483,-1.2530332,-1.7432992,1.7802356,0.600953,-2.5797684,0.4552557,-1.7025326,-1.3483998,0
0.0,1,-2.958084,7.7789702,-3.1781726,-1.3971138,-1.686972,1.8143699,0.64061093,-2.560372,0.47777015,-1.6876528,-1.3229041,0
0.0,1,-2.9215443,7.7106934,-3.2570014,-1.2756693,-1.6059545,1.7319738,0.7196279,-2.5522616,0.42150468,-1.6468204,-1.3739351,0
0.0,1,-2.8601553,7.678822,-3.3272974,-1.1491886,-1.5751159,1.6560185,0.74305737,-2.5536046,0.3871373,-1.6321867,-1.4199004,0
0.0,1,-2.776045,7.9316955,-3.2843351,-1.2093463,-1.9609219,1.8748845,0.39330938,-2.6502626,0.5208814,-1.7993847,-1.3048078,0
9.0,7,-1.3018497,-0.86938494,-2.4665213,-2.1636305,-0.79084307,-2.7973187,-1.3925782,9.196636,-2.0354316,2.1200564,0.94762456,0
9.0,7,-1.3026768,-0.88636965,-2.4529133,-2.105795,-0.77998567,-2.8006785,-1.3781927,9.2134285,-2.040062,2.0956128,0.9025809,0
9.0,7,-1.3032233,-0.8831503,-2.4567006,-2.1153698,-0.7801378,-2.8024518,-1.3804824,9.211407,-2.0382133,2.0963094,0.91588295,0
9.0,7,-1.3045037,-0.87874043,-2.4559045,-2.1437168,-0.78456956,-2.7975996,-1.3872886,9.207869,-2.031056,2.102165,0.9353303,0
9.0,7,-1.3039213,-0.8726451,-2.4627974,-2.158964,-0.78957367,-2.7966373,-1.3897226,9.200227,-2.0343401,2.1138926,0.9456562,0
9.0,7,-1.3061877,-0.8814879,-2.458442,-2.1344013,-0.78696424,-2.796354,-1.3813248,9.209842,-2.0341756,2.099015,0.9316834,0
2.0,6,-4.3619456,-2.638019,5.4139066,-3.1998067,-1.6414787,5.483427,5.738014,-0.6550089,-0.1612647,-1.1482863,-1.8285918,0
2.0,6,-4.3619447,-2.6380198,5.4139066,-3.1998067,-1.6414782,5.4834256,5.738015,-0.6550092,-0.16126521,-1.148285,-1.8285918,0
2.0,6,-4.361945,-2.6380186,5.4139085,-3.1998076,-1.6414795,5.4834304,5.738007,-0.6550075,-0.16126266,-1.1482878,-1.8285924,0
2.0,6,-4.361945,-2.6380205,5.413911,-3.1998067,-1.6414769,5.4834247,5.738012,-0.65500927,-0.16126622,-1.1482843,-1.8285922,0
2.0,6,-4.3619447,-2.6380196,5.4139104,-3.1998057,-1.6414782,5.4834266,5.73801,-0.65500796,-0.16126588,-1.1482854,-1.8285936,0
2.0,6,-4.361945,-2.6380196,5.4139094,-3.1998062,-1.6414782,5.483426,5.7380114,-0.6550083,-0.16126586,-1.1482853,-1.8285933,0
5.0,5,-2.684228,1.1821079,0.512997,-1.5181291,-4.853477,8.331714,3.3409948,0.36188695,1.1823422,-4.798784,-1.74885,1
5.0,5,-2.6842272,1.1821086,0.5129971,-1.5181286,-4.8534765,8.331713,3.3409934,0.36188722,1.1823417,-4.7987843,-1.7488495,1
5.0,5,-2.6842272,1.1821088,0.5129982,-1.5181288,-4.853477,8.331714,3.340992,0.36188725,1.1823425,-4.798785,-1.7488501,1
5.0,5,-2.6842282,1.1821077,0.5129968,-1.5181293,-4.8534775,8.331713,3.3409958,0.36188722,1.1823428,-4.7987833,-1.7488495,1
5.0,5,-2.6842284,1.1821077,0.51299727,-1.5181291,-4.8534765,8.331714,3.3409953,0.361887,1.1823417,-4.7987833,-1.7488499,1
5.0,5,-2.6842284,1.1821072,0.512997,-1.5181291,-4.8534765,8.331713,3.3409965,0.36188707,1.1823418,-4.7987833,-1.7488495,1
8.0,5,-2.462568,5.023577,-1.7121674,2.6377854,-2.4636986,5.626248,0.031490114,-2.9839776,-2.0411294,-4.2382283,-1.3848443,0
8.0,5,-2.73983,4.7381377,-1.1694243,2.3470726,-2.4644287,6.11143,0.064985424,-2.8791723,-2.1190665,-4.2666664,-1.4362136,0
8.0,5,-2.8623726,4.4777975,-0.7587825,2.1736765,-2.43527,6.4649167,0.0149505995,-2.7770956,-2.2102835,-4.2701826,-1.4964411,0
8.0,5,-2.821128,4.589529,-0.90371996,2.2362237,-2.4441707,6.319734,0.032790806,-2.8186777,-2.1773634,-4.280232,-1.471752,0
8.0,5,-2.7526677,4.739463,-1.1638954,2.383659,-2.4672685,6.060306,0.08390191,-2.8817155,-2.124803,-4.280749,-1.4260954,0
8.0,5,-2.7392282,4.606987,-1.3458991,2.6753597,-2.4763799,5.9569135,0.2278024,-2.8898747,-2.1765258,-4.222641,-1.4271775,0
2.0,2,-2.6730287,-2.1546817,8.301288,0.035222746,-2.7508986,3.0159667,1.3676313,2.2393034,-2.2182286,-0.521467,-4.8966036,1
2.0,2,-2.6730292,-2.1546824,8.301285,0.035222746,-2.750899,3.0159676,1.3676337,2.2393057,-2.2182293,-0.5214667,-4.896604,1
2.0,2,-2.673029,-2.1546817,8.301286,0.035222568,-2.7508988,3.0159671,1.3676324,2.2393043,-2.2182288,-0.5214671,-4.8966036,1
2.0,2,-2.6730287,-2.1546817,8.301288,0.035222866,-2.7508986,3.0159671,1.3676314,2.2393029,-2.2182283,-0.52146727,-4.896603,1
2.0,2,-2.6730294,-2.1546812,8.301285,0.035222568,-2.7508993,3.0159683,1.3676324,2.239305,-2.218229,-0.52146745,-4.896603,1
2.0,2,-2.673029,-2.1546812,8.301286,0.03522242,-2.7508993,3.0159695,1.3676319,2.2393048,-2.2182288,-0.52146775,-4.8966036,1
10.0,8,-1.0197592,0.21237694,-0.7544173,-2.3910599,-0.45491028,-3.1286938,-1.5849231,-1.7967169,7.7075777,-4.09145,5.9808846,0
10.0,8,-1.0359484,0.21057175,-0.7473547,-2.3912647,-0.44746625,-3.1320984,-1.5813391,-1.7884312,7.705205,-4.090975,5.981399,0
10.0,8,-1.0250171,0.21788119,-0.755902,-2.3891308,-0.4548369,-3.1224105,-1.590414,-1.7955725,7.724391,-4.089669,5.9625254,0
10.0,8,-1.0308733,0.21644609,-0.7540235,-2.3914895,-0.45132068,-3.1248157,-1.5868379,-1.7932339,7.715521,-4.0896173,5.971652,0
10.0,8,-1.0232741,0.2151287,-0.7565887,-2.3956041,-0.45217723,-3.1274614,-1.583835,-1.7968905,7.7001724,-4.0908585,5.988653,0
10.0,8,-1.017207,0.21596734,-0.75809956,-2.3922548,-0.4562546,-3.1250427,-1.5876155,-1.7992561,7.711102,-4.090828,5.977619,0
4.0,4,2.5470197,-2.4103303,-0.25514448,1.0781615,10.10677,-0.87097543,1.6824738,-3.4711232,-4.029358,-0.16921203,-1.8438697,1
4.0,4,2.5470204,-2.4103298,-0.25514454,1.0781608,10.106769,-0.87097555,1.6824727,-3.4711235,-4.0293574,-0.16921167,-1.8438702,1
4.0,4,2.547025,-2.4103296,-0.25514573,1.0781615,10.10677,-0.8709752,1.6824718,-3.471125,-4.029359,-0.16921143,-1.8438717,1
4.0,4,2.547021,-2.41033,-0.25514483,1.078162,10.106768,-0.8709753,1.682473,-3.4711235,-4.029358,-0.169212,-1.8438703,1
4.0,4,2.547023,-2.4103298,-0.2551455,1.0781615,10.106769,-0.8709753,1.6824722,-3.4711242,-4.0293584,-0.16921146,-1.843871,1
4.0,4,2.5470216,-2.41033,-0.2551453,1.0781617,10.106768,-0.8709756,1.6824728,-3.4711235,-4.0293584,-0.169212,-1.8438703,1
2.0,9,-2.0670812,-1.0446628,-4.601078,-4.8230014,0.27583864,2.1678865,6.1821346,-1.8710209,-2.337318,6.543151,0.9361476,0
2.0,9,-2.067081,-1.0446631,-4.6010776,-4.823002,0.27583933,2.1678853,6.182136,-1.8710214,-2.3373177,6.54315,0.9361483,0
2.0,9,-2.0670817,-1.0446631,-4.6010776,-4.823002,0.27583954,2.1678848,6.1821365,-1.871022,-2.337317,6.5431495,0.93614936,0
2.0,9,-2.0670812,-1.0446638,-4.601078,-4.8230014,0.27583942,2.1678858,6.1821356,-1.8710201,-2.3373175,6.54315,0.9361485,0
2.0,9,-2.0670838,-1.0446665,-4.6010737,-4.823002,0.27583924,2.1678889,6.1821375,-1.8710201,-2.3373184,6.5431495,0.93614805,0
2.0,9,-2.067083,-1.0446665,-4.6010737,-4.823001,0.27583987,2.167888,6.182138,-1.8710208,-2.3373194,6.5431495,0.9361478,0
0.0,8,-1.6994761,1.3082945,1.7020235,0.86967236,-2.6136262,-0.7735758,-1.7521291,-2.661565,8.904596,-3.1197064,-2.069273,0
0.0,8,-1.6563407,1.3273568,1.7313505,0.7961052,-2.633345,-0.8254587,-1.8001431,-2.6683311,8.914269,-3.1294012,-1.998928,0
0.0,8,-1.5993332,1.321445,1.6917725,0.7908752,-2.6289625,-0.83670664,-1.8390211,-2.67892,8.949857,-3.114734,-1.9920748,0
0.0,8,-1.5897027,1.3605411,1.6913934,0.79167885,-2.648977,-0.8557827,-1.829312,-2.708436,8.942983,-3.1340873,-1.989424,0
0.0,8,-1.6742026,1.3869092,1.7607592,0.7874852,-2.6654847,-0.85250455,-1.7699088,-2.7019646,8.8815565,-3.165528,-1.9867746,0
0.0,8,-1.5835594,1.3102133,1.6576142,0.8234188,-2.6145842,-0.8165229,-1.8473785,-2.6826382,8.955951,-3.103783,-2.0182924,0
3.0,3,1.8384782,-0.8582168,-3.0452116,8.478002,-1.3785819,4.571567,-0.34459797,-0.20080732,-2.888705,-2.7136276,-4.22836,1
3.0,3,1.8384782,-0.8582168,-3.0452113,8.478002,-1.3785821,4.571566,-0.34459785,-0.20080715,-2.8887055,-2.7136273,-4.22836,1
3.0,3,1.8384782,-0.85821676,-3.0452118,8.478003,-1.3785821,4.571566,-0.34459758,-0.20080729,-2.8887053,-2.713627,-4.22836,1
3.0,3,1.8384787,-0.8582168,-3.0452116,8.478003,-1.3785821,4.571566,-0.34459797,-0.2008073,-2.888705,-2.7136273,-4.22836,1
3.0,3,1.8384782,-0.85821694,-3.0452113,8.478002,-1.3785816,4.571566,-0.34459788,-0.20080733,-2.8887055,-2.7136276,-4.22836,1
3.0,3,1.8384777,-0.8582167,-3.0452116,8.478003,-1.3785822,4.5715666,-0.3445977,-0.2008071,-2.8887055,-2.7136273,-4.22836,1
8.0,8,0.48541996,1.3310932,-2.9456077,-3.4346566,-3.3142517,-0.7165705,0.64310384,-0.71820545,9.811812,-1.3504907,-1.0123761,1
8.0,8,0.48541942,1.331093,-2.945607,-3.4346564,-3.3142521,-0.71656865,0.64310265,-0.7182047,9.811814,-1.3504914,-1.0123765,1
8.0,8,0.4854192,1.3310924,-2.9456086,-3.4346561,-3.3142512,-0.7165714,0.6431051,-0.7182054,9.811812,-1.3504896,-1.0123755,1
8.0,8,0.4854192,1.3310935,-2.9456072,-3.4346566,-3.314252,-0.71656984,0.6431032,-0.718205,9.811814,-1.350491,-1.012376,1
8.0,8,0.48541993,1.3310931,-2.9456081,-3.4346564,-3.3142512,-0.7165709,0.64310396,-0.71820545,9.811813,-1.3504903,-1.0123758,1
8.0,8,0.4854223,1.3310934,-2.9456077,-3.4346561,-3.3142517,-0.71657044,0.6431021,-0.71820563,9.811812,-1.350491,-1.012377,1
1.0,1,0.25419062,8.136713,-0.42648825,-4.4850364,-3.9376621,1.2852019,-5.043974,-2.5245168,-0.39125937,-0.3522348,1.417882,1
1.0,1,0.25419107,8.136713,-0.4264897,-4.485036,-3.9376636,1.2852042,-5.0439734,-2.5245178,-0.3912586,-0.35223418,1.417881,1
1.0,1,0.25419176,8.136714,-0.42648926,-4.485035,-3.9376605,1.285203,-5.043974,-2.5245168,-0.3912598,-0.35223585,1.4178797,1
1.0,1,0.25419158,8.136713,-0.4264891,-4.485036,-3.9376628,1.2852027,-5.0439734,-2.524517,-0.39125943,-0.3522345,1.4178808,1
1.0,1,0.2541907,8.136713,-0.42648906,-4.4850364,-3.9376628,1.2852029,-5.0439734,-2.5245175,-0.39125955,-0.35223413,1.4178811,1
1.0,1,0.25419188,8.136715,-0.42648867,-4.485035,-3.937661,1.2852044,-5.0439744,-2.5245163,-0.39125904,-0.35223705,1.417878,1
8.0,3,1.2401822,-4.5545015,-0.6917796,5.6135855,2.1800358,2.2285893,5.259677,-1.575645,-0.6748653,-4.0138564,-3.1302543,0
8.0,3,1.2511879,-4.5520124,-0.6958339,5.613746,2.186115,2.2386196,5.2493353,-1.5793257,-0.6775009,-4.013337,-3.1396508,0
8.0,3,1.2107098,-4.5495634,-0.68965393,5.601968,2.1713789,2.2420979,5.2927794,-1.5676138,-0.6854454,-4.019274,-3.126253,0
8.0,3,1.2097864,-4.551043,-0.6882577,5.601302,2.175173,2.2385428,5.292941,-1.569141,-0.68508804,-4.0185375,-3.1237338,0
8.0,3,1.1728783,-4.553418,-0.6792675,5.5934396,2.167826,2.228241,5.328956,-1.5607613,-0.69102633,-4.021228,-3.103545,0
8.0,3,1.2120343,-4.555044,-0.6858829,5.6066995,2.1728432,2.2232234,5.2884054,-1.5688463,-0.6781482,-4.016713,-3.117029,0
8.0,8,-1.5049459,2.38785,-1.876113,-4.03734,-4.1391816,1.2953348,0.4379857,-0.446951,9.564433,-2.4713175,-0.9385888,1
8.0,8,-1.5049437,2.3878527,-1.8761123,-4.0373397,-4.1391826,1.2953358,0.4379823,-0.44695175,9.564433,-2.4713194,-0.93859017,1
8.0,8,-1.5049447,2.3878522,-1.876111,-4.0373397,-4.1391835,1.2953378,0.4379821,-0.44695106,9.564433,-2.47132,-0.9385905,1
8.0,8,-1.5049444,2.3878517,-1.8761115,-4.0373397,-4.139183,1.2953374,0.43798324,-0.44695118,9.564433,-2.4713197,-0.9385904,1
8.0,8,-1.5049425,2.3878503,-1.8761127,-4.037339,-4.1391816,1.2953347,0.437983,-0.44695133,9.564434,-2.4713185,-0.93859005,1
8.0,8,-1.5049437,2.3878527,-1.8761117,-4.0373397,-4.1391826,1.2953362,0.43798167,-0.4469513,9.564433,-2.4713194,-0.93859065,1
1.0,1,-2.9595242,8.345285,-1.9221911,-3.3195374,-3.293171,1.3885046,0.4298019,-0.9724158,2.0250196,-4.6832743,0.5666741,1
1.0,1,-2.9595253,8.3452835,-1.9221926,-3.3195376,-3.2931707,1.3885045,0.4298046,-0.9724154,2.0250196,-4.683274,0.56667525,1
1.0,1,-2.9595237,8.345286,-1.9221895,-3.3195372,-3.2931702,1.388505,0.42980015,-0.9724164,2.025018,-4.683275,0.5666734,1
1.0,1,-2.959524,8.345284,-1.9221915,-3.3195372,-3.2931705,1.3885033,0.4298023,-0.97241604,2.0250204,-4.6832743,0.5666745,1
1.0,1,-2.959524,8.345285,-1.9221898,-3.3195367,-3.2931707,1.3885059,0.42980057,-0.9724157,2.0250175,-4.683275,0.5666733,1
1.0,1,-2.9595249,8.345285,-1.9221911,-3.3195374,-3.29317,1.3885046,0.42980325,-0.97241575,2.0250168,-4.6832743,0.5666752,1
7.0,7,-4.6034727,-2.0624084,-2.6781044,0.4548786,-0.40365744,0.7074551,-1.1631336,9.342686,-0.5797366,0.33600223,-0.10484781,1
7.0,7,-4.603473,-2.062408,-2.678104,0.45487788,-0.40365714,0.70745546,-1.163133,9.342686,-0.5797365,0.33600175,-0.10484702,1
7.0,7,-4.6034737,-2.0624082,-2.6781042,0.45487794,-0.4036572,0.7074563,-1.1631328,9.342686,-0.57973635,0.33600107,-0.104847275,1
7.0,7,-4.603474,-2.062408,-2.678104,0.45487723,-0.40365726,0.70745605,-1.1631328,9.342686,-0.57973635,0.33600152,-0.104846515,1
7.0,7,-4.603473,-2.0624087,-2.678104,0.4548804,-0.40365738,0.7074565,-1.163133,9.342685,-0.5797367,0.33600074,-0.10484909,1
7.0,7,-4.6034737,-2.0624082,-2.6781042,0.45487764,-0.40365708,0.70745605,-1.1631327,9.342686,-0.57973623,0.33600146,-0.1048472,1
10.0,10,5.939158,0.939115,-2.6383104,-2.9104006,-0.432137,-5.140941,-2.0572424,-1.8008192,-1.8704932,0.10800813,7.170452,1
10.0,10,5.939157,0.9391156,-2.6383107,-2.9104009,-0.43213725,-5.1409407,-2.0572426,-1.8008187,-1.8704937,0.10800831,7.170452,1
10.0,10,5.939157,0.9391152,-2.6383092,-2.9104009,-0.4321366,-5.140941,-2.0572424,-1.8008183,-1.8704939,0.10800694,7.170453,1
10.0,10,5.939158,0.93911475,-2.6383102,-2.9104006,-0.43213668,-5.140941,-2.0572424,-1.8008187,-1.8704934,0.108007714,7.170452,1
10.0,10,5.939159,0.93911415,-2.6383095,-2.9104004,-0.43213594,-5.1409416,-2.057242,-1.8008189,-1.8704932,0.108007476,7.170452,1
10.0,10,5.93916,0.9391139,-2.638311,-2.9104002,-0.43213677,-5.14094,-2.0572422,-1.8008189,-1.8704925,0.10800831,7.170451,1
7.0,7,-1.014275,-1.8554448,0.16716129,6.0778723,-3.6932933,2.4334462,-2.327332,6.7232885,-3.8013184,-1.8863124,-2.706311,1
7.0,7,-1.0142752,-1.8554454,0.1671614,6.0778713,-3.6932929,2.4334457,-2.3273325,6.7232885,-3.8013198,-1.8863095,-2.70631,1
7.0,7,-1.014274,-1.8554444,0.16715959,6.077873,-3.6932924,2.4334455,-2.327332,6.7232876,-3.8013184,-1.8863119,-2.7063105,1
7.0,7,-1.0142742,-1.8554431,0.16715875,6.077873,-3.6932938,2.433448,-2.3273323,6.723287,-3.801318,-1.8863138,-2.706311,1
7.0,7,-1.0142742,-1.855443,0.16715911,6.0778728,-3.6932943,2.4334483,-2.3273325,6.723287,-3.8013184,-1.886313,-2.7063112,1
7.0,7,-1.0142753,-1.8554447,0.16716123,6.0778713,-3.6932933,2.4334462,-2.3273325,6.723289,-3.8013198,-1.88631,-2.70631,1
5.0,7,-1.1472967,-0.5961681,-4.602372,-0.6133287,-2.880426,3.60479,-1.5507853,7.3897343,-0.348886,-0.5904761,0.57428217,0
5.0,7,-1.1358662,-0.6238719,-4.6086173,-0.5819704,-2.8704884,3.511628,-1.51395,7.4543266,-0.37977588,-0.57909745,0.57521147,0
5.0,7,-1.1444094,-0.59128195,-4.6024156,-0.6212207,-2.8814428,3.6136186,-1.5600295,7.381317,-0.34722716,-0.58821243,0.57647806,0
5.0,7,-1.1385137,-0.5952432,-4.6038046,-0.61961657,-2.879756,3.5958703,-1.5581453,7.392266,-0.35545832,-0.58306694,0.5792321,0
5.0,7,-1.1310946,-0.60513705,-4.6066236,-0.6104541,-2.875802,3.5568957,-1.547915,7.417427,-0.36836886,-0.5759207,0.58199716,0
5.0,7,-1.1352383,-0.5986766,-4.6048274,-0.61747646,-2.8782804,3.5806954,-1.5559137,7.4016056,-0.36034232,-0.5794069,0.5813879,0
8.0,2,2.9376197,2.7016811,4.417728,-3.0523636,1.7694775,-3.5660996,-4.4579577,-3.4585712,2.332333,-2.0851347,0.2891438,0
8.0,2,2.9376194,2.7016802,4.417729,-3.0523639,1.7694794,-3.566101,-4.4579563,-3.4585707,2.332331,-2.0851352,0.289145,0
8.0,2,2.9376216,2.7016816,4.4177265,-3.0523636,1.7694807,-3.5661004,-4.457956,-3.4585714,2.332332,-2.0851355,0.2891429,0
8.0,2,2.9376228,2.7016788,4.4177284,-3.052363,1.7694801,-3.5661013,-4.457956,-3.4585714,2.332333,-2.0851347,0.28914288,0
8.0,2,2.93762,2.7016807,4.4177284,-3.0523632,1.7694811,-3.5661008,-4.4579563,-3.4585702,2.332329,-2.0851352,0.2891449,0
8.0,2,2.9376237,2.701679,4.417727,-3.0523624,1.7694825,-3.5661016,-4.457956,-3.4585714,2.332331,-2.0851357,0.28914228,0
3.0,7,-5.8174443,-2.3887649,-1.0601425,-3.4279857,2.3270605,1.6095271,1.5473852,7.494316,-2.3069947,0.3377269,1.8410288,0
3.0,7,-5.8252654,-2.401892,-1.0246366,-3.413712,2.2867475,1.606555,1.5396175,7.5213966,-2.300682,0.3358037,1.824785,0
3.0,7,-5.8347287,-2.41217,-1.0145309,-3.4084902,2.3038898,1.6262472,1.5509346,7.5002155,-2.307189,0.32960773,1.8238183,0
3.0,7,-5.8468328,-2.4260728,-0.99489206,-3.3995132,2.3101833,1.6368787,1.5647559,7.488262,-2.3134086,0.32111436,1.8236037,0
3.0,7,-5.8303714,-2.4032614,-1.0387172,-3.4194314,2.3320491,1.6171237,1.5632185,7.483197,-2.3141403,0.3282261,1.8434741,0
3.0,7,-5.8263707,-2.3996296,-1.0412083,-3.4198737,2.3232784,1.616649,1.5535687,7.4919453,-2.3093884,0.33230773,1.8372662,0
0.0,8,3.7802827,-0.16382712,-2.7363193,1.5444918,-3.236881,0.6170279,-2.8137598,-0.22577067,8.212263,-3.3782697,-2.3274205,0
0.0,8,3.748224,-0.17080566,-2.7409048,1.5769706,-3.2374227,0.65059906,-2.7879028,-0.20655724,8.197972,-3.4054515,-2.343719,0
0.0,8,3.7575784,-0.16912821,-2.740281,1.5657145,-3.2385209,0.6417593,-2.795285,-0.21302111,8.203883,-3.396574,-2.3370163,0
0.0,8,3.775781,-0.1684618,-2.7512627,1.5585866,-3.2432039,0.64403266,-2.8048627,-0.21042787,8.190144,-3.3905728,-2.3259888,0
0.0,8,3.765649,-0.16740793,-2.7431645,1.558418,-3.2394059,0.63775915,-2.801974,-0.21278362,8.200887,-3.3922641,-2.3302402,0
0.0,8,3.786369,-0.16356245,-2.7450686,1.5445565,-3.2396867,0.62377405,-2.8167286,-0.21841328,8.198552,-3.3800004,-2.321522,0
3.0,3,0.836975,-0.74554336,-2.25492,8.903124,-1.5408405,4.194375,-1.328771,0.7246537,-2.678403,-2.8971715,-4.2291846,1
3.0,3,0.8369746,-0.7455436,-2.2549198,8.903124,-1.5408405,4.194375,-1.3287709,0.72465384,-2.678403,-2.8971717,-4.229185,1
3.0,3,0.8369752,-0.7455437,-2.2549195,8.903125,-1.5408403,4.1943755,-1.3287704,0.72465324,-2.6784027,-2.8971717,-4.229185,1
3.0,3,0.8369751,-0.74554366,-2.25492,8.903125,-1.5408401,4.194375,-1.3287711,0.72465396,-2.6784027,-2.8971717,-4.229185,1
3.0,3,0.8369733,-0.74554324,-2.2549186,8.903126,-1.5408405,4.1943736,-1.3287709,0.7246542,-2.6784027,-2.8971715,-4.229185,1
3.0,3,0.8369756,-0.7455437,-2.2549205,8.903124,-1.5408403,4.194376,-1.3287709,0.7246535,-2.6784027,-2.8971713,-4.2291846,1
0.0,0,9.992865,-1.2658263,-2.1798866,1.1686695,2.002172,-0.30952471,-1.8697524,-3.3483553,-0.593274,1.4439161,-4.6361575,1
0.0,0,9.992865,-1.2658262,-2.1798875,1.1686699,2.0021718,-0.30952376,-1.8697522,-3.348355,-0.59327435,1.4439162,-4.636158,1
0.0,0,9.992864,-1.2658268,-2.1798866,1.1686699,2.0021725,-0.30952346,-1.8697516,-3.3483553,-0.59327537,1.4439163,-4.636158,1
0.0,0,9.992865,-1.2658268,-2.1798863,1.1686696,2.0021727,-0.30952382,-1.8697517,-3.3483555,-0.5932752,1.4439163,-4.6361575,1
0.0,0,9.992864,-1.2658267,-2.1798868,1.1686699,2.0021725,-0.30952334,-1.8697516,-3.3483553,-0.5932754,1.4439164,-4.636158,1
0.0,0,9.992866,-1.265827,-2.1798863,1.1686696,2.0021727,-0.30952412,-1.8697522,-3.3483553,-0.5932748,1.4439163,-4.6361575,1
2.0,2,-2.2662115,-3.0787401,9.13585,1.7151699,-1.5795082,-2.4286315,-0.553199,-1.2138646,-1.4384964,2.3838928,-1.8977627,1
2.0,2,-2.2662115,-3.0787392,9.135851,1.7151694,-1.5795081,-2.4286313,-0.5531991,-1.2138653,-1.4384956,2.3838928,-1.8977627,1
2.0,2,-2.2662117,-3.0787401,9.13585,1.715169,-1.5795084,-2.428632,-0.5531988,-1.2138649,-1.4384956,2.383894,-1.8977622,1
2.0,2,-2.2662117,-3.0787396,9.13585,1.7151685,-1.5795082,-2.428632,-0.553199,-1.2138655,-1.4384958,2.3838937,-1.8977624,1
2.0,2,-2.2662115,-3.0787394,9.13585,1.7151687,-1.5795083,-2.428632,-0.5531992,-1.2138654,-1.4384952,2.3838935,-1.8977627,1
2.0,2,-2.2662113,-3.0787394,9.13585,1.7151685,-1.5795081,-2.428632,-0.55319923,-1.213866,-1.4384952,2.3838935,-1.8977625,1
3.0,3,-0.71557665,-4.900508,-0.6252233,8.489462,1.9119133,1.9809694,2.5446625,0.9722214,-2.317344,-2.830534,-3.4748175,1
3.0,3,-0.7155762,-4.9005075,-0.6252227,8.48946,1.9119132,1.9809697,2.5446634,0.9722209,-2.3173447,-2.8305342,-3.4748173,1
3.0,3,-0.71557736,-4.900509,-0.62522244,8.48946,1.9119136,1.9809688,2.5446644,0.9722227,-2.3173444,-2.8305342,-3.474817,1
3.0,3,-0.71557593,-4.900508,-0.6252227,8.489461,1.9119132,1.9809697,2.5446634,0.9722209,-2.3173444,-2.8305342,-3.4748178,1
3.0,3,-0.715577,-4.900508,-0.6252229,8.489462,1.9119116,1.9809694,2.5446634,0.97222245,-2.3173435,-2.8305347,-3.4748175,1
3.0,3,-0.7155769,-4.900508,-0.6252229,8.48946,1.9119128,1.9809691,2.5446637,0.97222245,-2.3173444,-2.8305342,-3.474817,1
9.0,10,-1.486684,3.8912907,-5.660629,-3.8670578,-1.7716043,-4.2371345,-0.71962625,2.8977492,-2.0844643,2.2258317,5.248622,0
9.0,10,-1.4866846,3.8912902,-5.660628,-3.8670573,-1.7716033,-4.2371354,-0.71962535,2.8977501,-2.0844648,2.22583,5.248623,0
9.0,10,-1.4866844,3.8912904,-5.660628,-3.8670576,-1.7716036,-4.237136,-0.7196254,2.8977492,-2.0844646,2.2258303,5.2486234,0
9.0,10,-1.4866844,3.8912907,-5.660629,-3.8670573,-1.7716045,-4.2371345,-0.71962607,2.897749,-2.0844648,2.2258313,5.248622,0
9.0,10,-1.4866842,3.891292,-5.660628,-3.8670588,-1.7716048,-4.2371354,-0.7196275,2.8977473,-2.0844643,2.2258313,5.248624,0
9.0,10,-1.486683,3.8912935,-5.6606293,-3.8670604,-1.7716057,-4.237133,-0.7196302,2.8977478,-2.0844634,2.2258344,5.248621,0
4.0,4,-1.762317,-3.340558,0.43598843,1.9275024,9.693468,-0.9561576,2.1131155,-2.0736742,-1.008178,-1.7181219,-0.70148087,1
4.0,4,-1.7623173,-3.340558,0.43598843,1.9275017,9.693468,-0.95615834,2.1131155,-2.073674,-1.0081775,-1.7181221,-0.70148,1
4.0,4,-1.7623178,-3.3405576,0.43598855,1.9275008,9.693468,-0.95615894,2.1131155,-2.073674,-1.0081773,-1.7181219,-0.70147943,1
4.0,4,-1.7623173,-3.340558,0.43598813,1.9275028,9.693467,-0.95615774,2.113116,-2.0736735,-1.0081787,-1.7181219,-0.70148045,1
4.0,4,-1.7623175,-3.340558,0.43598884,1.9275013,9.693468,-0.95615846,2.1131158,-2.073674,-1.008178,-1.7181219,-0.70147955,1
4.0,4,-1.7623174,-3.3405576,0.4359882,1.927501,9.693468,-0.9561586,2.1131155,-2.073674,-1.0081776,-1.7181216,-0.7014797,1
10.0,10,-2.1160553,-1.0350636,-0.76748955,-6.4430704,1.842125,-2.0005388,0.5590091,2.7553856,0.27882946,-2.049421,8.25108,1
10.0,10,-2.1160533,-1.0350629,-0.76749045,-6.4430704,1.8421229,-2.00054,0.5590088,2.7553854,0.27882862,-2.049421,8.251081,1
10.0,10,-2.1160538,-1.0350631,-0.76748985,-6.443071,1.8421235,-2.0005398,0.5590092,2.7553852,0.27882904,-2.049421,8.2510805,1
10.0,10,-2.1160538,-1.0350634,-0.76748997,-6.443071,1.8421233,-2.0005395,0.55900913,2.7553856,0.2788288,-2.049421,8.2510805,1
10.0,10,-2.1160533,-1.0350634,-0.76748943,-6.443071,1.842125,-2.00054,0.5590091,2.7553842,0.27883008,-2.0494213,8.2510805,1
10.0,10,-2.1160545,-1.0350634,-0.7674904,-6.4430704,1.8421228,-2.0005395,0.55900896,2.755386,0.27882916,-2.0494208,8.2510805,1
5.0,5,0.7832688,1.6688879,-1.0429448,2.4009416,-3.6634877,8.432236,-2.813003,-2.1968112,0.39377636,-2.2875881,-3.679407,1
5.0,5,0.78326726,1.6688869,-1.0429443,2.4009418,-3.6634877,8.432236,-2.813002,-2.1968105,0.39377543,-2.2875874,-3.6794074,1
5.0,5,0.7832693,1.6688874,-1.0429444,2.4009411,-3.6634874,8.432236,-2.8130026,-2.1968114,0.39377692,-2.287588,-3.6794071,1
5.0,5,0.7832664,1.6688869,-1.042944,2.4009414,-3.6634872,8.432237,-2.8130012,-2.1968107,0.39377606,-2.2875874,-3.6794071,1
5.0,5,0.7832657,1.6688893,-1.0429425,2.4009395,-3.6634886,8.432237,-2.8130028,-2.1968112,0.39377666,-2.2875884,-3.6794071,1
5.0,5,0.7832686,1.6688873,-1.0429442,2.4009414,-3.6634872,8.432236,-2.8130026,-2.196811,0.3937763,-2.287588,-3.6794074,1
10.0,1,-1.4130262,7.2435036,2.0369916,-4.9047003,-1.6903613,-1.0513828,-4.412251,-2.3258123,-0.17126834,-2.0516186,3.367802,0
10.0,1,-1.4130276,7.243505,2.0369916,-4.9047003,-1.6903609,-1.0513817,-4.412251,-2.3258116,-0.17126873,-2.051619,3.3678005,0
10.0,1,-1.4130265,7.243503,2.0369942,-4.9046993,-1.6903547,-1.0513868,-4.412249,-2.325812,-0.17127255,-2.0516205,3.3678024,0
10.0,1,-1.4130282,7.2435036,2.036994,-4.9046993,-1.690359,-1.051383,-4.41225,-2.3258119,-0.17126936,-2.0516193,3.3678,0
10.0,1,-1.4130259,7.2435036,2.0369916,-4.9047,-1.6903596,-1.0513841,-4.4122505,-2.325812,-0.1712696,-2.0516198,3.3678017,0
10.0,1,-1.4130267,7.243503,2.0369935,-4.9047003,-1.690359,-1.0513848,-4.4122505,-2.3258126,-0.17126954,-2.0516193,3.3678021,0
1.0,1,2.1468887,8.561158,0.5528078,-2.1410508,-2.6435096,1.4630237,-5.367041,-1.0441624,-1.0686567,-3.7401602,-1.234918,1
1.0,1,2.1468897,8.561158,0.5528079,-2.1410499,-2.6435115,1.4630244,-5.367044,-1.0441616,-1.0686549,-3.7401588,-1.2349216,1
1.0,1,2.1468892,8.561158,0.5528075,-2.1410506,-2.6435096,1.4630231,-5.367041,-1.0441625,-1.068657,-3.7401597,-1.234918,1
1.0,1,2.1468897,8.561158,0.5528073,-2.1410503,-2.6435096,1.4630239,-5.3670416,-1.0441628,-1.0686567,-3.74016,-1.2349185,1
1.0,1,2.1468897,8.561158,0.5528064,-2.1410503,-2.6435096,1.463023,-5.367041,-1.0441625,-1.0686575,-3.7401597,-1.2349175,1
1.0,1,2.146889,8.561159,0.552808,-2.1410506,-2.6435106,1.4630241,-5.3670425,-1.0441623,-1.0686556,-3.7401593,-1.2349201,1
4.0,4,1.387402,-3.6307898,-0.084336154,3.8304782,8.4284935,0.10787493,2.5516038,-2.7537904,-4.5556936,-1.0415914,-2.3210273,1
4.0,4,1.3874035,-3.6307902,-0.084336124,3.8304796,8.428492,0.10787526,2.5516038,-2.7537906,-4.555694,-1.0415916,-2.3210275,1
4.0,4,1.3874023,-3.6307902,-0.084335856,3.8304796,8.428492,0.10787527,2.5516043,-2.75379,-4.5556946,-1.0415918,-2.3210273,1
4.0,4,1.3874027,-3.6307907,-0.084335886,3.8304799,8.428492,0.107875556,2.551604,-2.7537897,-4.5556946,-1.0415916,-2.3210278,1
4.0,4,1.3874024,-3.63079,-0.08433651,3.8304784,8.428493,0.10787496,2.5516038,-2.7537904,-4.5556936,-1.041591,-2.3210275,1
4.0,4,1.3874023,-3.63079,-0.0843363,3.8304791,8.428492,0.10787502,2.5516038,-2.7537901,-4.5556946,-1.0415913,-2.3210273,1
7.0,3,-0.2422742,-2.691604,-0.8129745,7.7813387,-2.7826192,1.399298,-1.904493,5.321623,-3.4361997,-1.1438344,-3.05571,0
7.0,3,-0.24227318,-2.6916049,-0.81297565,7.7813377,-2.782618,1.3992965,-1.9044929,5.321622,-3.4362006,-1.1438324,-3.0557098,0
7.0,3,-0.24227378,-2.691604,-0.81297565,7.7813377,-2.7826192,1.3992984,-1.904493,5.321622,-3.4362004,-1.143834,-3.0557103,0
7.0,3,-0.24227327,-2.6916037,-0.8129765,7.781339,-2.7826188,1.3992987,-1.9044932,5.321621,-3.4361997,-1.1438341,-3.0557106,0
7.0,3,-0.2422736,-2.6916037,-0.8129755,7.7813387,-2.7826188,1.3992981,-1.9044929,5.321622,-3.4361994,-1.1438346,-3.05571,0
7.0,3,-0.24227259,-2.691604,-0.8129767,7.7813377,-2.7826188,1.3992976,-1.9044932,5.321622,-3.4362013,-1.1438328,-3.0557098,0
6.0,6,-2.9645498,-1.1868308,-2.1586368,-4.8476086,-2.2568955,1.1587029,6.7878556,-0.92960674,5.862214,-0.17615892,0.7854116,1
6.0,6,-2.964551,-1.1868327,-2.1586356,-4.8476086,-2.2568939,1.1587033,6.7878604,-0.92960733,5.8622084,-0.17615825,0.78541267,1
6.0,6,-2.9645512,-1.1868316,-2.1586359,-4.8476086,-2.2568948,1.1587036,6.7878585,-0.92960703,5.862211,-0.17615871,0.78541243,1
6.0,6,-2.9645507,-1.1868315,-2.1586373,-4.847608,-2.2568944,1.1587021,6.787861,-0.9296076,5.8622084,-0.17615819,0.78541285,1
6.0,6,-2.9645522,-1.1868308,-2.1586347,-4.8476095,-2.2568963,1.1587051,6.7878537,-0.92960596,5.862215,-0.17615984,0.785411,1
6.0,6,-2.9645522,-1.1868324,-2.1586347,-4.847609,-2.2568944,1.1587045,6.787859,-0.92960715,5.8622103,-0.17615835,0.78541243,1
4.0,4,0.3311545,-1.3416551,-0.24937582,-1.225053,10.047262,1.3273563,0.8485268,-1.8638483,-1.987416,-0.5259518,-2.7291706,1
4.0,4,0.3311546,-1.341655,-0.24937674,-1.2250524,10.047262,1.3273572,0.8485267,-1.8638482,-1.9874163,-0.52595174,-2.7291718,1
4.0,4,0.33115438,-1.341655,-0.24937573,-1.2250537,10.047263,1.327356,0.8485267,-1.8638484,-1.9874156,-0.52595156,-2.7291703,1
4.0,4,0.3311545,-1.3416548,-0.24937618,-1.2250533,10.047262,1.3273566,0.8485265,-1.8638482,-1.9874158,-0.52595145,-2.729171,1
4.0,4,0.3311542,-1.341655,-0.24937633,-1.225053,10.047262,1.327357,0.8485266,-1.8638483,-1.987416,-0.5259519,-2.7291713,1
4.0,4,0.33115494,-1.3416553,-0.24937624,-1.2250521,10.047262,1.3273566,0.84852684,-1.8638488,-1.987416,-0.5259517,-2.729171,1
4.0,4,-0.96867883,-2.1286974,0.6221086,-2.0220315,10.27309,0.37177956,1.1175894,-0.4415208,-1.6054561,-1.1023463,-1.0909371,1
4.0,4,-0.9686793,-2.128697,0.6221087,-2.0220327,10.27309,0.37177896,1.1175897,-0.44152093,-1.6054555,-1.1023461,-1.090936,1
4.0,4,-0.9686792,-2.1286974,0.6221083,-2.0220318,10.27309,0.37177998,1.1175892,-0.4415203,-1.605456,-1.1023463,-1.0909373,1
4.0,4,-0.9686787,-2.128697,0.6221086,-2.0220315,10.27309,0.37177968,1.1175895,-0.44152173,-1.6054559,-1.1023458,-1.0909377,1
4.0,4,-0.9686785,-2.128697,0.62210894,-2.0220325,10.27309,0.37177825,1.1175895,-0.4415221,-1.6054554,-1.102346,-1.0909361,1
4.0,4,-0.96867895,-2.128697,0.6221092,-2.0220332,10.27309,0.3717777,1.1175897,-0.44152126,-1.6054554,-1.1023463,-1.0909351,1
8.0,8,0.71218586,0.26138818,-3.471114,-2.5414262,-3.6726677,0.1857343,5.1450753,-1.9060181,6.716035,-1.1509501,-1.2784525,1
8.0,8,0.71218336,0.26138854,-3.471114,-2.5414257,-3.6726677,0.18573463,5.145077,-1.9060174,6.716035,-1.1509501,-1.2784519,1
8.0,8,0.7121831,0.26138747,-3.4711132,-2.5414252,-3.6726673,0.18573502,5.1450787,-1.9060181,6.716034,-1.1509504,-1.2784518,1
8.0,8,0.7121856,0.2613873,-3.4711142,-2.5414255,-3.6726665,0.18573263,5.1450763,-1.9060181,6.716035,-1.150949,-1.2784523,1
8.0,8,0.71218276,0.26138818,-3.4711142,-2.5414257,-3.6726673,0.18573466,5.145078,-1.906018,6.716033,-1.1509503,-1.2784514,1
8.0,8,0.7121819,0.26138848,-3.4711142,-2.541426,-3.6726682,0.18573573,5.1450777,-1.9060172,6.716035,-1.150951,-1.2784511,1
