true_label,predicted_label,prob_class_0,prob_class_1,prob_class_2,prob_class_3,prob_class_4,prob_class_5,prob_class_6,prob_class_7,correct
0.0,6,-4.8146996,-1.5441086,0.5224241,1.1788868,-2.7374213,0.041304804,7.997021,0.61216176,0
0.0,6,-4.8134027,-1.6054958,0.42853162,1.0968534,-2.8022492,0.18804288,7.9697733,0.84517705,0
0.0,6,-4.6994424,-1.4667529,0.43923947,1.2289124,-2.813155,0.1653434,8.010819,0.4879864,0
0.0,6,-4.667659,-1.4144092,0.403605,1.3021817,-2.820072,0.15954709,8.02077,0.35101688,0
0.0,6,-4.7144957,-1.521576,0.47717848,1.1852115,-2.7928915,0.10898397,8.023482,0.5702083,0
0.0,6,-4.7892427,-1.5446963,0.53024644,1.173469,-2.7463686,0.039985202,8.005431,0.6080119,0
5.0,5,-0.60074717,-1.3377764,-4.5861316,-1.9848044,2.054047,7.3772683,-0.289446,2.129454,1
5.0,5,-0.046513148,-1.380272,-4.5064907,-2.0531983,2.0377398,7.1594048,-0.40282208,2.0414028,1
5.0,5,0.10755142,-1.4120195,-4.5425143,-2.1187952,2.1632552,7.192855,-0.3758974,1.7887017,1
5.0,5,-0.267265,-1.3827262,-4.405608,-2.0305982,2.0130713,7.127618,-0.41534305,2.1874626,1
5.0,5,-0.4769211,-1.3798834,-4.4050007,-2.007795,2.0331123,7.2029595,-0.39096743,2.2076194,1
5.0,5,-0.5931147,-1.3136455,-4.597165,-1.964112,2.0113175,7.369692,-0.31087583,2.1703556,1
0.0,0,8.624498,-4.0697165,0.7386675,-1.3375928,-2.88318,-0.45736387,2.2556612,-1.4264355,1
0.0,0,8.782888,-3.9095392,0.5087387,-1.4609295,-3.0027292,-0.6250164,2.055384,-1.0720958,1
0.0,0,8.835119,-3.2791116,0.84434026,-1.0634099,-3.1093633,-1.390838,1.9311057,-1.6537347,1
0.0,0,8.63698,-2.7868376,1.5949135,-0.68190014,-3.1731005,-1.9799701,1.8426162,-2.368051,1
0.0,0,7.9635854,-3.3399792,2.5444698,-0.4123048,-3.033654,-1.4674623,2.0209367,-2.9272118,1
0.0,0,8.201734,-3.7649708,1.7819338,-0.69575536,-2.9198713,-0.8890925,2.3281193,-2.5427017,1
2.0,4,-3.7277024,-3.5014124,3.0149815,1.0239422,4.7484,-3.9370873,-1.3861768,2.0204608,0
2.0,4,-3.5800233,-3.8873832,3.123051,1.4251829,4.222173,-3.6511195,-1.4055102,2.0582273,0
2.0,4,-3.6153057,-4.053248,3.3256714,1.5252882,3.8023329,-3.581281,-1.3405315,2.314646,0
2.0,4,-3.8317578,-3.8681695,3.1717265,1.4006591,3.9138687,-3.593937,-1.3804592,2.528419,0
2.0,4,-3.650025,-3.7959502,3.1055067,1.3150495,4.2978535,-3.7181265,-1.4018692,2.1491938,0
2.0,4,-3.7493045,-3.4581833,2.9936445,0.96873075,4.7881093,-3.9761891,-1.3862169,2.0795527,0
3.0,7,-5.34267,-0.700778,-2.1768236,-0.053292044,2.2518685,-2.6612704,0.7072579,7.4003773,0
3.0,7,-5.3083534,-0.7381604,-2.119315,0.0019682571,2.358748,-2.7500207,0.6299403,7.357242,0
3.0,7,-5.5188775,-0.629778,-2.0135157,0.14509118,2.5531917,-2.77192,0.49194175,7.1494884,0
3.0,7,-5.771792,-0.47100562,-1.9680108,0.28403127,2.6395488,-2.7301166,0.4442904,6.918576,0
3.0,7,-5.6875257,-0.49079928,-2.0923185,0.14909816,2.385151,-2.6650667,0.6633968,7.0666037,0
3.0,7,-5.3432503,-0.72515464,-2.1122253,-0.012954906,2.2521183,-2.705043,0.7049291,7.3899984,0
3.0,4,-1.0778893,2.5470498,-3.8109648,-2.6146605,7.5448155,-0.28613332,-1.2839345,-0.5206239,0
3.0,4,-1.0643095,2.641944,-3.7885215,-2.5895793,7.4874616,-0.36658108,-1.3259982,-0.55964977,0
3.0,4,-1.2286693,2.3957133,-3.8162217,-2.631119,7.659967,-0.15275848,-1.2512022,-0.37694126,0
3.0,4,-1.1722866,2.4686675,-3.826603,-2.5775347,7.599433,-0.16061258,-1.3087448,-0.45194727,0
3.0,4,-1.0879475,2.5812702,-3.800087,-2.5970044,7.5241976,-0.30068538,-1.3128802,-0.5289958,0
3.0,4,-1.1836501,2.4697146,-3.8131788,-2.6454039,7.6232996,-0.22225142,-1.2371961,-0.44147813,0
1.0,1,-2.2468457,8.203196,-1.6143563,-1.5396701,-0.28822467,-2.996867,-0.91769236,-1.5621965,1
1.0,1,-2.2450302,8.1929035,-2.7504504,-1.3946022,-0.4592618,-2.6274154,-0.86174613,-0.87307096,1
1.0,1,-2.0252922,8.250924,-3.3868833,-1.0504062,-0.7365942,-2.7934127,-0.80589986,-0.46662152,1
1.0,1,-2.0693896,8.239779,-2.660792,-1.1066799,-0.4962342,-2.8967736,-0.911231,-1.0602386,1
1.0,1,-2.2824335,8.144768,-2.778512,-1.2872033,-0.4679054,-2.7632012,-0.76636875,-0.8652062,1
1.0,1,-2.3106434,8.133863,-1.3234456,-1.5459985,-0.22082627,-3.0345764,-0.94341344,-1.6878302,1
5.0,5,-1.935186,-1.5557451,-1.737745,-1.3996291,-1.833877,9.71771,0.32027203,-0.7020852,1
5.0,5,-2.0083904,-1.5113991,-1.671093,-1.3944763,-1.8901889,9.693319,0.33589745,-0.7018358,1
5.0,5,-2.0618825,-1.4817694,-1.6958531,-1.3935753,-1.8907454,9.6708145,0.38300914,-0.7015916,1
5.0,5,-2.0113058,-1.5816175,-1.6538459,-1.3838468,-1.8502458,9.701203,0.28228152,-0.64960474,1
5.0,5,-1.9858707,-1.5555547,-1.6787853,-1.3919121,-1.8598076,9.704895,0.30432683,-0.67806613,1
5.0,5,-1.9824501,-1.5105765,-1.7636132,-1.4013087,-1.8510534,9.695807,0.39485866,-0.72388583,1
7.0,3,-3.0518837,-0.41478032,1.6832411,6.3117003,-1.1274999,-3.2476783,1.3889152,-0.7086096,0
7.0,3,-2.9004085,-0.46749422,1.7845775,6.2877297,-1.8210162,-3.2293007,1.7325637,-0.65770674,0
7.0,3,-3.0233073,-0.5352311,2.0640051,6.5122876,-1.992844,-3.2401452,1.3748063,-0.39215326,0
7.0,3,-3.0799904,-0.49877876,1.9164137,6.442506,-1.570797,-3.274595,1.3275747,-0.4298188,0
7.0,3,-3.089599,-0.5056944,1.9635724,6.4793596,-1.6397941,-3.2536955,1.2850193,-0.40996575,0
7.0,3,-3.2132454,-0.43819863,1.7650014,6.479499,-0.8316002,-3.2715633,0.9742432,-0.5534589,0
4.0,4,-1.7350154,-0.1425873,2.332064,-3.4216464,7.5131617,-1.9722112,-2.214608,-1.6372973,1
4.0,4,-1.8569764,-0.069779605,2.232257,-3.3707464,7.6118846,-1.9586293,-2.1774747,-1.6704564,1
4.0,4,-1.8066236,0.14517523,3.1312866,-2.9253757,7.0849676,-3.7571006,-1.4187207,-1.8617545,1
4.0,4,-1.6552858,0.12682346,3.8176162,-2.733384,6.476911,-4.542571,-1.0773671,-1.9193368,1
4.0,4,-1.690989,0.001192525,3.1050375,-3.078944,7.1129484,-3.3813636,-1.6388909,-1.8345902,1
4.0,4,-1.6475711,-0.10856359,2.7653801,-3.2811344,7.2921686,-2.664804,-1.9643325,-1.7367074,1
7.0,7,-2.7907534,-2.2817843,-2.7874918,-0.66443545,-2.1790583,0.3998579,4.064944,7.1640053,1
7.0,7,-2.7822065,-2.2838414,-2.7865794,-0.66629595,-2.1820784,0.39885765,4.053025,7.175365,1
7.0,7,-2.7751963,-2.2808857,-2.7924018,-0.66643006,-2.1849942,0.40186864,4.044906,7.179855,1
7.0,7,-2.7730572,-2.282116,-2.7912982,-0.66717416,-2.1857984,0.40142882,4.0417824,7.183357,1
7.0,7,-2.7770624,-2.2812748,-2.7907116,-0.66710436,-2.1832647,0.40007323,4.0461764,7.179411,1
7.0,7,-2.7885978,-2.2799873,-2.7898695,-0.6649558,-2.1789076,0.39996532,4.0620613,7.1652327,1
3.0,5,-3.1343381,1.657338,-4.3413506,0.84003,-1.6759552,6.54381,-2.5827396,3.0007293,0
3.0,5,-2.790263,1.7135978,-3.9655087,0.38820082,-2.282048,5.542446,-1.9563322,3.6933541,0
3.0,5,-2.9921243,1.5366995,-4.0415154,0.61231005,-1.9555547,6.2350407,-2.3975933,3.452729,0
3.0,5,-3.009167,1.6222117,-4.14384,0.6664852,-1.9261801,6.120643,-2.3674388,3.3886468,0
3.0,5,-2.9596698,1.622172,-4.334137,0.87287486,-1.6498653,6.1399436,-2.5888848,3.128616,0
3.0,5,-3.152624,1.6632894,-4.3500795,0.84350634,-1.6551085,6.5932083,-2.590001,2.953014,0
1.0,3,-2.7007618,2.640525,-0.5375673,7.6621885,-0.67693794,-1.1824825,-2.9229927,-3.967104,0
1.0,3,-2.5603058,2.8059587,-0.6885522,7.713726,-1.1908567,-0.9367897,-2.7499638,-4.0444417,0
1.0,3,-2.804562,2.9027793,0.22789964,7.3209553,-0.9877529,-1.1356117,-2.4810922,-4.4629607,0
1.0,3,-2.9154687,2.9711654,0.6354894,7.118787,-1.0085704,-1.155908,-2.2642417,-4.674189,0
1.0,3,-2.797785,2.71753,0.02810926,7.4570346,-0.78949046,-1.1732608,-2.6755784,-4.260216,0
1.0,3,-2.7847362,2.5991566,-0.2616072,7.5686436,-0.6038276,-1.2388006,-2.8783927,-4.01807,0
3.0,3,-0.7941676,-2.8530638,0.85428333,8.87887,-2.674105,0.60786223,-1.9462348,-2.6751888,1
3.0,3,-0.7771265,-2.7652233,0.76753116,8.9059,-2.669336,0.58704406,-1.9734635,-2.706172,1
3.0,3,-0.7571125,-2.715094,0.68309504,8.858145,-2.711322,0.84100163,-2.2423708,-2.573449,1
3.0,3,-0.66549665,-2.7885497,0.7883715,8.827277,-2.7783215,0.86202234,-2.2393312,-2.5673282,1
3.0,3,-0.78189725,-2.8384292,0.80573285,8.853632,-2.6868148,0.7485241,-2.1040077,-2.592627,1
3.0,3,-0.79795974,-2.8770623,0.8683427,8.865547,-2.675429,0.64592636,-1.9758314,-2.6446753,1
1.0,4,-3.1321046,-2.0724006,2.4967458,-2.5271866,7.4865932,-1.7380059,2.0226142,-0.017111078,0
1.0,4,-3.3017716,-1.9170479,2.7993574,-2.5901258,7.2342844,-1.7714309,2.0470467,0.03702127,0
1.0,4,-3.3917475,-2.2618687,3.2442207,-2.497176,6.840891,-1.9421806,2.2503474,0.33318722,0
1.0,4,-2.5554388,-2.2324896,3.0634537,-2.6319647,6.8880463,-2.2545002,2.2449296,0.074744694,0
1.0,4,-3.1011937,-2.148428,2.431182,-2.490284,7.536445,-1.70263,2.024044,-0.03202159,0
1.0,4,-3.1850114,-2.1036355,2.5047193,-2.5037014,7.4938717,-1.6976845,2.0196264,-0.008293107,0
6.0,7,-2.7603374,-2.7831907,0.5931061,-3.770165,1.9451945,-1.6716682,0.24636304,9.159329,0
6.0,7,-2.7018228,-2.7885256,0.575669,-3.7578022,1.8742697,-1.6731309,0.25728935,9.18044,0
6.0,7,-2.7259967,-2.7563195,0.52001566,-3.7677088,1.9303905,-1.638172,0.22478047,9.186254,0
6.0,7,-2.70724,-2.743728,0.4837415,-3.7788737,1.9214721,-1.5947095,0.21741246,9.199751,0
6.0,7,-2.7208478,-2.7711098,0.5479995,-3.7636194,1.9111286,-1.6557289,0.23911524,9.181541,0
6.0,7,-2.7620208,-2.7805853,0.58610487,-3.7746787,1.9520732,-1.660587,0.24630807,9.158742,0
4.0,1,-2.0592084,4.6851664,-0.20525375,-4.0953608,0.46167225,-2.3350804,4.66095,-1.9981438,0
4.0,1,-1.8811085,4.447079,0.7654909,-3.995832,0.91755915,-2.7772107,3.4950833,-2.247931,0
4.0,1,-1.1863755,5.731359,-0.22650129,-3.8082519,-0.44180402,-2.5071454,3.9644177,-2.4554114,0
4.0,1,-1.4954044,5.883271,0.39149332,-3.8346972,-0.20924248,-2.506616,3.2994463,-2.5417697,0
4.0,1,-2.091555,5.3971763,0.93244904,-3.8957708,0.5207201,-2.5602713,3.0407782,-2.454749,0
4.0,1,-2.0224185,5.135955,-0.4696997,-4.053971,-0.11684796,-2.0106134,4.899916,-1.9525381,0
5.0,5,-0.65300834,-2.2534583,-2.6840322,0.7218715,-3.4780173,8.378954,3.2038386,-1.1219697,1
5.0,5,-0.5890934,-2.2259126,-2.6123104,0.68760574,-3.7358315,8.2146225,3.3599622,-0.97208834,1
5.0,5,-0.19368125,-2.2918868,-2.7465715,0.571161,-3.8242197,8.293515,3.0088446,-0.59399855,1
5.0,5,-0.6109223,-2.298832,-2.6603067,0.63233554,-3.5401156,8.344727,3.2694383,-0.99157226,1
5.0,5,-0.57211185,-2.39889,-2.6446197,0.47255713,-3.516785,8.378111,3.2888467,-0.80277526,1
5.0,5,-0.6855789,-2.2645605,-2.6320007,0.6849733,-3.5553036,8.304391,3.3370137,-1.0689805,1
6.0,1,-2.5044093,5.6597295,-0.19477785,-0.13998425,-2.0770638,-2.3959372,4.3336744,-3.8596597,0
6.0,1,-2.5515926,5.6720657,-0.09827616,-0.14731488,-2.0646548,-2.3827891,4.2723885,-3.9273403,0
6.0,1,-2.4360635,5.6021323,-0.2648617,-0.18152836,-2.0726829,-2.4084482,4.4073286,-3.7620773,0
6.0,1,-2.4223335,5.7528157,0.100367405,-1.032629,-1.8802241,-2.6134076,4.350423,-3.1299052,0
6.0,1,-2.5241597,5.7822742,0.15874344,-0.68995285,-1.9146993,-2.6030068,4.234212,-3.49847,0
6.0,1,-2.4863863,5.701,-0.029880874,-0.39921638,-1.9837457,-2.603479,4.337237,-3.6346462,0
6.0,2,2.0044856,-4.3505554,4.382825,-0.90888923,2.3356621,-1.3246615,-0.15902819,-1.7890035,0
6.0,2,1.4039053,-4.802847,3.5335526,-0.45529386,3.2235017,-0.527099,-0.8079464,-0.8598335,0
6.0,4,-0.31460112,-5.3127494,1.4854014,1.8370776,4.4688735,1.2017137,-1.8730844,0.47786132,0
6.0,4,0.34029254,-5.1176825,2.7419538,0.01596218,3.9421227,0.42322838,-1.6828697,1.0427682,0
6.0,4,1.7775141,-5.366091,2.8126674,-0.269996,2.886171,0.78808457,-1.8077275,0.1294467,0
6.0,2,2.2231908,-4.7146564,4.1502123,-0.9203634,2.2163298,-0.86934507,-0.59451115,-1.2527224,0
6.0,2,-1.2682368,-3.552235,6.436776,5.353089,-1.1841055,-3.265541,-0.9583108,-1.927864,0
6.0,2,-1.2649927,-3.5620797,6.457569,5.3622656,-1.2039367,-3.2502615,-0.9535918,-1.9510332,0
6.0,2,-1.266512,-3.8846056,6.9386992,4.585182,-1.0495533,-3.340266,-0.9686546,-1.2746236,0
6.0,2,-1.2680147,-3.7592432,6.7262344,4.9764752,-1.1269878,-3.2834537,-0.94702107,-1.6109737,0
6.0,2,-1.2631387,-3.6239836,6.520977,5.2871284,-1.1971418,-3.2484481,-0.9441708,-1.8745447,0
6.0,2,-1.2678422,-3.5784862,6.465727,5.3161616,-1.1799372,-3.2657368,-0.9556872,-1.891839,0
0.0,0,7.682448,-2.1142857,-1.3002608,-1.6232494,3.0038798,-4.784805,-1.0971143,0.025323994,1
0.0,0,7.460942,-2.3487465,-0.80325556,-1.3112212,2.8793995,-5.082686,-0.9620274,-0.07947276,1
0.0,0,7.5928364,-1.9143407,-0.93213,-1.5389923,2.9132938,-5.1924424,-0.6904153,-0.4568693,1
0.0,0,7.103776,-1.8311099,-0.7013007,-1.6068118,3.15333,-5.642517,-0.17200638,-0.48507464,1
0.0,0,7.4789243,-2.204648,-0.8996108,-1.5111258,2.9490452,-5.1259556,-0.8347673,-0.057958588,1
0.0,0,7.626686,-2.1697853,-1.2816191,-1.6590501,3.0834873,-4.8101444,-0.9976035,0.044715326,1
6.0,2,-0.877323,-2.3679655,7.3647776,3.6057522,-1.9993011,-3.7608647,0.8801964,-2.3870971,0
6.0,2,-0.8593192,-2.409611,7.405469,3.584678,-2.0229883,-3.7409406,0.88517284,-2.3675117,0
6.0,2,-0.6687182,-2.6246028,7.7596707,2.832049,-1.842475,-3.7302403,0.7376581,-1.8413942,0
6.0,2,-0.7274921,-2.5656562,7.684889,2.9820552,-1.8578814,-3.7393363,0.7757185,-1.9506253,0
6.0,2,-0.8124037,-2.475466,7.4931045,3.4128594,-1.9806877,-3.743671,0.8531774,-2.2412403,0
6.0,2,-0.86968607,-2.380454,7.377763,3.5871224,-1.9981772,-3.7598927,0.87735415,-2.3721108,0
1.0,0,6.46401,0.9454067,0.3936324,-3.1131456,-4.456114,-2.0729432,1.5287033,0.30900577,0
1.0,0,6.901099,0.26614466,1.8532368,-2.6951041,-4.49426,-2.1694326,-0.04965978,0.16577612,0
1.0,0,6.9471493,-0.47011092,2.3961813,-2.2425597,-4.646323,-2.4393294,-0.37412602,1.2012542,0
1.0,0,7.108755,-0.5640248,1.5151186,-2.1066585,-4.5507116,-2.3198905,0.36656183,1.2792926,0
1.0,0,6.730401,0.18998131,1.0496964,-2.7350998,-4.6100326,-2.2712998,0.7808985,1.1913903,0
1.0,0,6.5012755,0.94863284,0.37278768,-3.097112,-4.4304023,-2.1038754,1.6240717,0.18332148,0
3.0,3,-5.5418735,-1.6555268,-2.0984173,4.6733403,2.4891226,-2.449722,3.0754323,2.007733,1
3.0,3,-5.4886284,-1.6589347,-2.0396018,4.7407427,2.3236935,-2.5224664,3.1917684,1.9375935,1
3.0,3,-5.4772778,-1.6498531,-2.0700552,4.7812862,2.3389063,-2.4646988,3.1607563,1.8971293,1
3.0,3,-5.475957,-1.6460458,-2.1224473,4.7936306,2.43844,-2.3994386,3.07642,1.8958697,1
3.0,3,-5.4957047,-1.646062,-2.0891206,4.757613,2.3943255,-2.451018,3.1256058,1.9183037,1
3.0,3,-5.5361395,-1.6570585,-2.1178584,4.6761703,2.5379043,-2.4342558,3.0408142,2.010957,1
6.0,6,-0.15849112,-0.8869791,-3.3741226,-4.182869,1.1309925,-0.07600851,8.476244,0.02943569,1
6.0,6,0.2034969,-0.83512306,-3.4935718,-4.232367,1.5897781,-0.3641181,8.256109,-0.1483264,1
6.0,6,0.029843615,-0.9360262,-3.5112236,-4.215809,1.4583942,-0.10827868,8.314364,-0.06715458,1
6.0,6,-0.1502022,-0.7762015,-3.3192112,-4.192525,1.3171595,-0.40493393,8.431857,0.033223856,1
6.0,6,0.30055916,-0.94473326,-3.6160135,-4.2410655,1.6595652,-0.14654876,8.182389,-0.20473307,1
6.0,6,-0.085955225,-0.91664934,-3.4387794,-4.200131,1.247552,-0.05880333,8.413254,0.0019486137,1
1.0,4,-0.26854244,4.6136394,-4.951277,-1.4554359,5.1180735,-1.5094135,2.0819478,-4.23584,0
1.0,4,-0.26852757,4.6136603,-4.951296,-1.455416,5.1180205,-1.509411,2.081965,-4.235846,0
1.0,4,-0.26852298,4.613664,-4.951303,-1.455414,5.118021,-1.5094099,2.0819592,-4.2358446,0
1.0,4,-0.26852638,4.6136546,-4.951297,-1.45542,5.1180367,-1.5094099,2.0819561,-4.235842,0
1.0,4,-0.2685294,4.6136594,-4.951295,-1.455418,5.118021,-1.5094111,2.0819654,-4.2358465,0
1.0,4,-0.26854065,4.613641,-4.9512777,-1.4554361,5.118069,-1.5094141,2.0819485,-4.23584,0
3.0,6,0.32592025,-2.3074875,1.900466,4.7158327,-3.7066157,-2.0497413,5.0593305,-3.3980079,0
3.0,3,0.5416462,-2.3065217,1.8354731,5.1079082,-3.8688724,-2.1114752,4.610194,-3.3721855,1
3.0,3,0.8013495,-2.4109483,1.7171928,5.532458,-4.0526094,-2.063946,3.9826622,-3.2705095,1
3.0,6,0.612603,-1.6101847,1.1374868,4.7651505,-3.9787967,-2.0039847,5.300898,-3.558508,0
3.0,3,0.51000434,-2.3735027,1.8074404,4.9468417,-3.8226738,-1.9679495,4.8290358,-3.4382253,1
3.0,6,0.39690962,-2.2137113,1.7431113,4.761131,-3.7720244,-1.9992709,5.0677366,-3.4440715,0
1.0,0,7.3724627,-0.76791775,-4.7583704,1.7540103,-2.0181713,1.6838888,-3.1186252,-1.3700465,0
1.0,0,5.401777,-1.4614072,-4.954997,0.8234966,-0.6657492,2.1206677,-5.0285473,2.673649,0
1.0,0,6.840604,-0.84594834,-4.772807,1.4851159,-1.5979447,1.1667044,-3.9771981,0.30717957,0
1.0,0,6.493001,-0.3527794,-4.83336,2.4885776,-2.2890122,0.6837029,-2.975628,-0.8893788,0
1.0,0,6.665288,-1.5356743,-4.921664,0.25972292,-0.7904675,1.6462127,-4.3988047,2.0700374,0
1.0,0,8.049643,-0.8715751,-4.4764194,1.55677,-2.0350237,1.137574,-2.558669,-1.9184737,0
6.0,6,-2.5495827,-0.9920417,-1.9579765,-4.2549033,5.632705,-1.7478786,5.6498036,0.16491386,1
6.0,4,-0.3438439,-2.651226,-0.8463398,-3.780409,7.9676647,-2.5421724,1.7691873,0.39562935,0
6.0,4,-0.0939565,-3.7361357,0.79815704,-3.7037778,6.793473,-3.6547592,1.7193135,2.0366862,0
6.0,4,-1.0349624,-4.453622,2.2611098,-3.4145534,5.1250606,-4.2349844,2.0609374,4.1599627,0
6.0,4,-1.5283624,-2.7831502,0.2531545,-3.951169,6.719195,-3.1508417,3.278725,1.2627925,0
6.0,6,-2.4055877,-0.8947569,-1.9972435,-4.249202,5.43537,-1.8184608,5.872693,0.03263477,1
1.0,4,3.2979364,-2.0878093,-3.4042125,-3.1231847,7.6358852,0.028092742,-1.8606523,-0.5334855,0
1.0,4,4.724842,-2.2850425,-3.2549841,-2.6390996,6.605344,0.58747715,-2.5549836,-1.0672601,0
1.0,4,3.8461318,-1.6452526,-1.9172992,-2.9945233,6.5004115,0.069913276,-0.44601762,-3.0099986,0
1.0,4,2.3028107,-1.0701027,-1.2352377,-3.6525745,6.5410194,-0.59494543,1.2040725,-3.1711426,0
1.0,4,3.446266,-1.967688,-2.7797616,-2.935496,7.3929167,-0.14139506,-1.2357348,-1.5943314,0
1.0,4,2.7831876,-2.0097744,-3.1859114,-3.2082336,7.92325,-0.3264466,-1.4494766,-0.6245963,0
2.0,6,-2.6248255,-3.2661033,4.5202312,0.45038548,-1.3022099,-2.7102463,6.4630065,-1.7279296,0
2.0,6,-2.473347,-3.3306255,4.1712184,0.54299736,-1.3557708,-2.896604,6.6187034,-1.5323354,0
2.0,6,-2.4445307,-3.3250518,3.9813013,0.6359304,-1.3695871,-3.002875,6.693743,-1.4301478,0
2.0,6,-2.3887897,-3.2487743,3.9116738,0.68261474,-1.3310025,-3.0646758,6.7278028,-1.4674407,0
2.0,6,-2.3486855,-3.2985349,4.046045,0.60028034,-1.3527609,-2.9935791,6.6763244,-1.5427451,0
2.0,6,-2.5632648,-3.2912266,4.4544683,0.4626344,-1.3128433,-2.7556312,6.4977245,-1.6990492,0
2.0,5,0.9910674,-1.9423405,0.02662345,0.55435234,0.649395,2.358142,-0.059782676,-0.9538934,0
2.0,5,1.2243927,-2.147022,0.36385968,0.19246426,-0.38970152,3.3273594,0.6200718,-1.2215679,0
2.0,5,1.4025656,-1.7605845,0.26568106,0.22361311,-0.848899,3.6601677,0.26172444,-1.011262,0
2.0,5,1.4936274,-2.2637925,0.37061977,0.21817297,-0.87823784,4.173922,0.6192449,-1.1583124,0
2.0,5,1.315657,-2.0473244,0.37408304,0.19546321,-0.5839462,3.4425907,0.54868424,-1.1945779,0
2.0,5,1.036618,-1.8613328,-0.07608124,0.6903078,0.74886787,2.3303268,-0.2920456,-0.8649642,0
1.0,1,-2.7652555,6.87697,4.847782,-2.1602159,-0.9747007,-3.0405352,-0.017652467,-4.102866,1
1.0,1,-2.8236492,7.056001,4.5716763,-2.1669202,-0.9607432,-2.9725149,0.027469441,-4.10907,1
1.0,1,-2.8108487,7.3537626,4.103292,-2.397589,-1.0822024,-2.8957448,0.33279723,-3.9593687,1
1.0,1,-2.6809926,7.369458,4.0813594,-2.7332826,-1.1345152,-2.8905337,0.48904097,-3.7480395,1
1.0,1,-2.770036,7.140734,4.442501,-2.389223,-1.0681381,-2.953664,0.2701406,-3.9782758,1
1.0,1,-2.7382028,6.867371,4.8633485,-2.2283092,-1.0134538,-3.0468674,0.05467789,-4.0630817,1
4.0,3,3.708824,0.021493375,-1.1551716,6.6898932,-0.62704766,-3.8794243,-0.031613827,-5.682811,0
4.0,3,3.2115865,0.19483888,-1.1234335,7.264821,-0.9019859,-3.4479492,-0.9035772,-5.4668193,0
4.0,3,3.2071218,0.15373471,-0.9234085,7.282084,-1.0658394,-3.3617623,-0.9406788,-5.5647287,0
4.0,3,2.4996629,0.6782118,-0.71742237,7.3346443,-1.4226938,-3.5669918,-0.43854487,-5.6026244,0
4.0,3,3.2303233,0.23309112,-1.1684773,7.1874332,-0.85825896,-3.5798705,-0.72069705,-5.45906,0
4.0,3,3.7512045,0.0025908798,-0.98686147,6.536793,-0.7130302,-4.0045433,0.29936284,-5.81163,0
6.0,6,2.581119,-6.221468,1.0014911,2.8544352,-2.656257,-3.0328977,3.7216268,1.9611398,1
6.0,3,2.576879,-6.0785,1.1474097,4.0347595,-3.0827103,-2.9879076,3.0598512,1.36194,0
6.0,3,2.6882272,-6.293298,1.1461396,3.3672707,-2.8652394,-2.9917693,3.107152,2.1218038,0
6.0,6,2.6565418,-6.407506,1.1808711,2.9075685,-2.7027354,-3.0067542,3.184924,2.5881972,1
6.0,6,2.599063,-6.3167124,1.14087,3.0406747,-2.7468355,-3.0235586,3.3756208,2.2176406,1
6.0,6,2.6919475,-6.215444,0.949922,2.8462796,-2.6605601,-3.0031767,3.7686539,1.8833947,1
5.0,3,-3.9444091,0.475015,-2.2911644,6.143776,-1.1582344,2.3217041,-0.27410764,-1.427405,0
5.0,3,-3.7639806,0.2992757,-2.5233443,6.218137,-1.6463615,2.872523,-0.13220443,-1.3143779,0
5.0,3,-3.6892333,1.5080566,-2.5877526,5.555265,-1.1913605,2.5554085,-0.4367414,-1.6582631,0
5.0,3,-3.710958,1.6410756,-2.4938912,5.4449754,-0.9458438,2.3030045,-0.5130255,-1.69763,0
5.0,3,-3.8234746,0.931087,-2.4656217,5.9093184,-1.2828704,2.5690014,-0.34567195,-1.5383962,0
5.0,3,-3.8918445,0.65928614,-2.3247755,6.1180787,-1.1908002,2.2998374,-0.34218162,-1.4836392,0
6.0,6,1.3711196,-2.5344408,-1.5452074,0.57522297,-2.3741343,-2.9822998,8.028778,0.195333,1
6.0,4,3.16814,-3.670938,-3.846246,-1.917138,3.5900738,-3.2609923,3.3898454,3.4813902,0
6.0,6,2.898711,-3.836805,-2.8780856,-1.044458,1.6651659,-3.6037803,5.30077,2.5966983,1
6.0,6,1.8588779,-3.8288682,-2.68517,-1.754999,1.4413381,-3.4003026,6.07137,3.6162524,1
6.0,6,1.8067983,-3.856458,-2.9022236,-0.9482123,2.0855439,-3.2983425,6.176878,2.2090464,1
6.0,6,1.7807258,-2.7549138,-1.8482217,0.2223657,-2.03247,-2.9892635,7.7386727,0.6107634,1
0.0,6,-1.8515793,-3.4146926,1.6369182,-2.0927596,-2.907268,0.23205504,7.9588947,2.4131134,0
0.0,6,-1.9667358,-3.3587582,1.8602961,-1.6819909,-3.024257,-0.008618072,8.205351,1.8619356,0
0.0,6,-1.6665667,-3.4538207,1.8868588,-1.7075773,-3.0989418,-0.039172936,8.172989,1.8489963,0
0.0,6,-1.8732744,-3.4346972,1.79954,-1.742619,-3.1022964,0.15614179,8.124783,2.0100567,0
0.0,6,-1.6712319,-3.456455,1.8388399,-1.7964954,-3.0641184,0.01475247,8.124001,1.9660633,0
0.0,6,-1.7518233,-3.428275,1.7173206,-2.0203831,-2.9272566,0.11805614,8.018633,2.2510648,0
0.0,6,-1.4983493,-1.8828219,-4.6945195,-4.6979804,4.0254297,-0.0643367,5.3579655,4.4905243,0
0.0,6,-0.8266564,-2.1116033,-4.968527,-4.6708775,4.640335,0.0056597665,4.7446,4.3522267,0
0.0,6,-1.6723462,-1.9514521,-4.556455,-4.55511,4.4146967,-0.2277514,5.383307,4.298258,0
0.0,6,-1.8574468,-1.9533806,-4.3500204,-4.5034075,4.2552204,-0.2583189,5.784647,4.0794816,0
0.0,6,-1.589122,-1.9583237,-4.587618,-4.59927,4.261757,-0.1596436,5.420066,4.335241,0
0.0,6,-1.5866996,-1.8763735,-4.5966177,-4.6759777,3.889924,-0.06534757,5.6067953,4.369209,0
2.0,4,-4.7101374,0.31690192,-2.914684,-2.384535,5.475235,0.35588238,2.9648786,1.4804766,0
2.0,4,-4.384474,0.7864224,-2.9917643,-2.0753193,5.6043386,-0.029636916,2.5629914,0.8014961,0
2.0,4,-4.6234856,0.825317,-2.6640813,-2.0964053,5.633424,-0.09027336,2.4145403,0.90947133,0
2.0,4,-4.684315,0.5988103,-2.7371523,-2.182795,5.577944,-0.025703978,2.6279018,1.1838851,0
2.0,4,-4.7394853,0.5806296,-2.5836854,-2.0749254,5.6035957,-0.33151242,2.4938545,1.2420723,0
2.0,4,-4.8829308,0.2052297,-2.7596388,-2.500165,5.416114,0.5373809,3.0213313,1.6898098,0
4.0,4,2.6359737,-2.8245187,-3.7888398,-1.9329886,8.145632,-1.5638633,-1.9714545,1.3133037,1
4.0,4,3.4315293,-2.7723908,-3.6579826,-1.6176453,7.8124332,-1.7960955,-2.3935773,1.0170858,1
4.0,4,3.107372,-1.7968932,-3.378103,-1.3373151,7.782961,-3.67135,-0.5240972,-0.28735557,1
4.0,4,2.2698781,-1.150402,-3.2148216,-1.5351285,7.580009,-4.3822303,0.955996,-0.7763237,1
4.0,4,2.0842211,-1.2612088,-3.2080064,-1.6949776,7.804911,-4.0747986,0.8878702,-0.7832318,1
4.0,4,1.9416456,-2.2651622,-3.438003,-1.9921145,8.341482,-2.7365165,-0.21916553,0.20555821,1
3.0,3,-0.9602537,-2.1597013,-0.12088307,8.749233,-2.4614255,0.1324198,-1.8702507,-1.4011635,1
3.0,3,-0.9224557,-2.0427997,-0.180821,8.765625,-2.5701847,0.20501691,-1.8894075,-1.4843787,1
3.0,3,-0.47477356,-2.6170073,-0.15352547,8.633359,-2.827074,0.27710077,-1.4476999,-1.2274947,1
3.0,3,-0.5540107,-2.4673905,-0.18369642,8.6613035,-2.8146698,0.30240008,-1.5748307,-1.2668236,1
3.0,3,-0.8631508,-2.1566195,-0.20580423,8.750473,-2.5944755,0.21883488,-1.8429186,-1.3893844,1
3.0,3,-0.94914067,-2.1648932,-0.13378412,8.750209,-2.4739504,0.14077723,-1.8691753,-1.3921719,1
3.0,3,-3.8511937,0.43107238,-3.3291717,6.158199,1.7080001,-1.0827922,-1.3194968,1.2765137,1
3.0,3,-3.428043,0.3874865,-3.6054611,5.854386,1.467481,-1.1023496,-1.5832598,2.0290022,1
3.0,3,-3.9965076,0.22305924,-3.3289013,6.367325,1.2892833,-0.8982372,-1.1365327,1.5451982,1
3.0,3,-4.0287776,0.1725689,-3.3132918,6.5469937,0.93623877,-0.7514388,-1.0612816,1.5327538,1
3.0,3,-3.7200665,0.45776233,-3.511068,6.025357,1.5775046,-1.1016264,-1.3467422,1.6332304,1
3.0,3,-3.7232034,0.4383197,-3.3367815,6.0796747,1.8431231,-1.1799983,-1.3921573,1.2633153,1
4.0,1,-4.3643537,6.0423427,-2.581725,-3.0392592,1.0090411,1.8003019,-1.6540623,2.0483644,0
4.0,1,-4.706795,6.2046967,-2.562255,-2.917225,0.71050143,1.8435218,-1.5340246,2.174276,0
4.0,1,-5.524215,6.5008464,-2.713963,-2.5221775,1.6715944,0.5322721,-0.62909,1.9242828,0
4.0,1,-5.1767645,6.481638,-2.7009742,-2.788451,1.4457877,0.872625,-0.97006017,2.0635724,0
4.0,1,-4.8799863,6.15475,-2.5647285,-2.7276614,0.7787001,1.8168136,-1.6227103,2.2033942,0
4.0,1,-4.389107,6.0218463,-2.632478,-3.025726,1.5664463,1.3931689,-1.5453144,1.9075606,0
5.0,5,-3.221859,-3.5775247,-1.7399509,-0.3005229,-0.97521794,5.520027,4.6445613,3.0249758,1
5.0,6,-3.4815195,-3.4875276,-1.4329678,-0.061011665,-1.2658601,4.845753,5.431282,2.7408056,0
5.0,5,-3.2951326,-3.5222166,-1.7796241,0.010458432,-1.1114091,5.467692,4.6408095,2.9481528,1
5.0,5,-3.4416895,-3.496013,-1.6049472,0.053498276,-1.2307218,5.135446,4.989437,2.9227567,1
5.0,5,-3.3387334,-3.519076,-1.6796128,0.033369996,-1.1954255,5.3267636,4.8378005,2.8891737,1
5.0,5,-3.1809936,-3.5922105,-1.7333102,-0.15160942,-1.0643438,5.603906,4.538954,3.0040014,1
2.0,2,-2.2769935,-4.6433744,5.9959636,0.07586036,-0.3014235,-4.526389,2.6522193,2.1749632,1
2.0,2,-2.063779,-4.4957714,6.6312284,0.04216159,-0.56324196,-4.4240365,2.4098907,1.7417705,1
2.0,2,-1.6965637,-4.2565036,7.451665,-0.1878584,-0.8521918,-4.143354,2.0307133,1.1899639,1
2.0,2,-1.5765327,-4.0853486,7.6723495,-0.6642199,-0.6585425,-4.0186195,1.9337152,1.1828686,1
2.0,2,-1.8619275,-4.4038434,7.0274034,-0.22450018,-0.6559963,-4.25569,2.189219,1.6288415,1
2.0,2,-2.217045,-4.6368346,6.1192594,-0.0115123615,-0.3278197,-4.4805427,2.5855212,2.1657052,1
0.0,6,-3.6489625,0.30792788,-2.7883997,3.4689813,-3.4137561,2.1669357,5.5476484,-1.3526348,0
0.0,6,-3.6085603,0.29419053,-2.7813919,3.4082878,-3.5097065,2.2262652,5.543633,-1.268918,0
0.0,6,-3.593684,0.3028818,-2.786287,3.4209735,-3.5016367,2.2049398,5.522942,-1.2695539,0
0.0,6,-3.6041636,0.358374,-2.8086522,3.4090528,-3.5017815,2.2678607,5.5029173,-1.3316349,0
0.0,6,-3.586221,0.31467274,-2.7925057,3.4422479,-3.4811482,2.1794167,5.5025945,-1.282924,0
0.0,6,-3.6299002,0.30481285,-2.7895012,3.4682345,-3.4267316,2.162389,5.532005,-1.3291974,0
5.0,1,-1.4222134,5.735759,-5.1465936,-2.943818,1.8525602,2.7487247,0.67649394,-1.0551618,0
5.0,1,-0.8896964,5.960744,-5.12336,-2.985051,2.032757,2.238608,0.29168987,-1.1971372,0
5.0,1,-1.1687057,5.901487,-5.1246467,-2.964341,2.0364416,2.399338,0.36906064,-1.0815095,0
5.0,1,-1.0936285,5.977077,-5.084156,-2.9691658,2.048621,2.2762713,0.23787174,-1.0770868,0
5.0,1,-1.3759999,5.9148355,-5.036884,-2.9655774,2.0189419,2.4332209,0.32637632,-0.9741725,0
5.0,1,-1.4389136,5.7834053,-5.135222,-2.9385414,1.8775698,2.6955338,0.5854085,-1.0105673,0
0.0,0,8.86679,-3.5207787,-3.280683,-0.5047989,-0.9186051,-0.7719298,0.20995666,0.24981698,1
0.0,0,8.892138,-3.490549,-3.1073194,-0.42845112,-0.8159131,-1.2147073,-0.2752157,0.6441358,1
0.0,0,9.192773,-3.3381195,-2.609516,-0.021692254,-0.61811924,-1.8585249,-0.16858007,-0.3864401,1
0.0,0,9.1278305,-3.396646,-2.7826629,-0.14815423,-0.68528867,-1.6319859,-0.113137946,-0.1411582,1
0.0,0,9.113065,-3.4056356,-2.8045952,-0.17578688,-0.69810796,-1.5923063,-0.095005676,-0.10773737,1
0.0,0,8.9340315,-3.4984481,-3.1903245,-0.4443414,-0.88354397,-0.8675068,0.2810291,0.015229687,1
5.0,4,-5.567536,2.3890393,-1.4976732,-0.22531813,2.4201841,-0.9229757,2.265955,-0.036667086,0
5.0,1,-5.3647647,2.5673769,-1.6584864,-0.19125372,2.4833593,-0.96259266,2.2194073,-0.35026836,0
5.0,4,-5.4400215,2.4671743,-1.6146834,-0.18532053,2.478391,-0.9241653,2.213779,-0.21199283,0
5.0,1,-5.4069967,2.5548034,-1.526872,-0.09281468,2.3378356,-1.0265051,2.2025886,-0.34691027,0
5.0,1,-5.4120145,2.525688,-1.5742861,-0.1135306,2.3943627,-0.9816807,2.1921382,-0.3039179,0
5.0,4,-5.562457,2.3890355,-1.5005327,-0.19281149,2.4154956,-0.92179507,2.2393386,-0.046783052,0
0.0,0,5.4972343,-0.7036464,-1.1670288,-2.0783672,5.4532266,0.6166316,-2.541439,-3.3978996,1
0.0,0,5.678108,-0.1148805,-1.0310228,-1.7106574,4.78945,0.7752652,-2.8604794,-3.8403516,1
0.0,0,5.8328695,-0.25329462,-1.0364772,-1.7610748,4.794928,0.7214179,-2.8087435,-3.8729725,1
0.0,0,5.4253063,-0.31496274,-1.0325612,-1.8273304,5.127417,0.74224776,-2.7332826,-3.6177473,1
0.0,0,5.3650546,-0.23167053,-1.1349462,-1.790175,5.262289,0.31600073,-2.693731,-3.64863,1
0.0,4,5.450823,-0.7058587,-1.1530836,-2.0788264,5.4760833,0.61917084,-2.5359876,-3.3785937,0
3.0,3,-3.7304683,3.9169095,-3.8370023,6.2511683,-0.123168364,-2.4003491,-2.33062,-0.39786273,1
3.0,3,-3.7073996,3.8686244,-3.8634112,6.317005,-0.16275689,-2.307729,-2.4212608,-0.32369903,1
3.0,3,-3.6956763,3.658973,-3.8625689,6.5177927,-0.41969657,-2.2141724,-2.323561,-0.18484,1
3.0,3,-3.6676917,3.9009748,-3.8935351,6.3189692,-0.11567983,-2.201016,-2.5923634,-0.32383773,1
3.0,3,-3.678544,3.9102542,-3.8836594,6.309623,-0.23127565,-2.2947867,-2.4196336,-0.32834277,1
3.0,3,-3.7215276,3.9634273,-3.8422086,6.2222176,-0.13466975,-2.4005737,-2.339443,-0.41923136,1
2.0,4,-6.7242584,3.8464491,-0.535795,-3.2534573,4.279045,-0.86645854,3.7383065,-0.047734506,0
2.0,4,-6.774765,3.5427732,-0.31585547,-3.4084897,4.2862673,-0.5876803,3.7475963,0.07702356,0
2.0,4,-6.769014,3.536725,-0.27620247,-3.4316065,4.2435703,-0.517243,3.7569716,0.042505503,0
2.0,4,-6.830665,3.7672157,-0.33821002,-3.36716,4.038929,-0.5580319,3.76361,0.08162782,0
2.0,4,-6.730524,3.9151292,-0.493126,-3.2647738,4.1745825,-0.8018842,3.747073,-0.09914345,0
2.0,4,-6.7043386,3.9654038,-0.5823415,-3.2118769,4.2326865,-0.92739946,3.7436333,-0.11253583,0
4.0,4,3.1537282,-4.1911907,-2.4418502,-0.8731922,7.7015767,-1.5344911,-1.5708627,1.8427724,1
4.0,4,4.1239643,-3.111292,-1.8872243,-1.438296,7.1278777,-2.7624981,-1.515749,1.1047275,1
4.0,4,5.042199,-1.438039,-0.8214221,-2.514832,5.255807,-3.3999178,0.41192174,-0.72455734,1
4.0,4,1.2903769,-1.6239924,0.89189667,-2.643351,4.993021,-2.5058384,3.370325,-0.93261415,1
4.0,4,4.2235265,-3.365145,-1.7186133,-1.5515031,7.0759845,-2.3085196,-0.898773,0.6788286,1
4.0,4,1.9204521,-4.344353,-2.3630207,-0.61170626,8.09434,-1.3532387,-1.3215728,2.0797472,1
1.0,0,8.498075,-2.151738,-1.1552653,-0.5800362,1.949563,-4.352379,-1.6108556,-1.0057557,0
1.0,0,8.266099,-2.2424889,-1.0538608,-0.19654319,1.8161786,-4.5804324,-1.7998747,-0.7182089,0
1.0,0,8.0395,-2.1962328,-1.0202979,-0.19824225,2.0978718,-4.7457085,-1.858338,-0.63536936,0
1.0,0,7.695586,-2.4337533,-1.0053123,0.4516351,1.7681296,-4.9228168,-2.1124206,-0.10255701,0
1.0,0,8.074322,-2.2115474,-1.0811263,-0.5325088,2.2938726,-4.65734,-1.8104343,-0.5206098,0
1.0,0,8.294851,-2.278153,-1.1813166,-0.5756933,2.0946105,-4.4424,-1.7538085,-0.58063036,0
5.0,5,0.39201885,-2.3575504,-1.4687461,-1.12625,-2.7253823,9.223561,1.4905815,-2.0959172,1
5.0,5,0.4965147,-2.3727932,-1.5272248,-1.1154706,-2.7499037,9.218453,1.4287684,-2.0716045,1
5.0,5,0.56190014,-2.4743483,-1.3507969,-1.1053466,-2.7913532,9.2105055,1.2875898,-2.0219135,1
5.0,5,0.3449829,-2.363442,-1.4376626,-1.1256722,-2.7245264,9.213574,1.5419425,-2.1069405,1
5.0,5,0.7070662,-2.4077797,-1.5224485,-1.1059223,-2.7678177,9.217522,1.2250689,-2.067188,1
5.0,5,0.453767,-2.3887281,-1.4299768,-1.1223522,-2.7383673,9.223357,1.4137161,-2.0833821,1
0.0,0,4.5140495,-2.2776432,1.5620533,0.9442593,-0.71333814,-3.9094226,4.016105,-3.684762,1
0.0,0,4.514033,-2.2776597,1.5620314,0.94426244,-0.71330094,-3.9094095,4.0161047,-3.6847603,1
0.0,0,4.514004,-2.2776678,1.5620043,0.94425046,-0.71323025,-3.909382,4.0161405,-3.6847987,1
0.0,0,4.514052,-2.2776854,1.5620108,0.9442695,-0.7132603,-3.909364,4.0160975,-3.6847928,1
0.0,0,4.514045,-2.277648,1.562037,0.94425654,-0.71330655,-3.9093928,4.016103,-3.6847808,1
0.0,0,4.514063,-2.2776475,1.5620494,0.9442669,-0.71334934,-3.9094207,4.0160913,-3.684753,1
3.0,0,4.6409087,-1.7361976,-0.7792559,0.5114688,3.8192275,1.4778472,-3.51957,-2.9096346,0
3.0,0,4.951268,-1.6260421,-0.66954947,0.44401696,3.5633652,1.4454092,-3.682893,-2.931207,0
3.0,0,5.3247013,-1.6714231,-0.51261246,0.45137855,3.2327538,1.5599695,-3.7891843,-3.0427754,0
3.0,0,5.079755,-1.6565477,-0.540436,0.60970056,3.2089918,1.5268517,-3.7813554,-2.8255625,0
3.0,0,4.9366183,-1.5452085,-0.6896171,0.31147906,3.6442842,1.3488863,-3.6459181,-2.923279,0
3.0,0,4.5303407,-1.9246156,-0.76999474,0.8050242,3.7243574,1.6536533,-3.499694,-2.9049945,0
3.0,3,-2.476978,3.0264199,-2.5262804,7.517537,-1.6299256,-1.3676894,-2.662025,-2.3403714,1
3.0,3,-2.5571747,4.0462356,-2.7050283,6.876779,-2.0488245,-1.1769028,-2.5631526,-2.4125643,1
3.0,3,-2.5562906,5.163586,-3.233362,6.1590476,-2.3213918,-1.217219,-2.3588347,-2.2268968,1
3.0,1,-2.5057845,6.0720973,-3.6727881,5.303498,-2.0872207,-1.6858752,-2.0095592,-1.9420549,0
3.0,3,-2.484992,3.651762,-2.8201623,7.1212583,-1.9712546,-1.2483809,-2.5966933,-2.1008563,1
3.0,3,-2.4784067,3.207126,-2.6530836,7.400879,-1.8155075,-1.2835997,-2.6606479,-2.1662614,1
3.0,2,-5.4310575,2.4972477,6.2544775,3.446582,-1.4005162,-3.1289675,-1.0223941,-2.4880834,0
3.0,2,-5.283647,3.4589658,6.1878667,2.544084,-1.3545716,-3.1921182,-0.67034805,-3.036932,0
3.0,2,-5.304794,4.103877,5.305877,3.0048695,-1.7293386,-3.123097,-0.651081,-3.1388476,0
3.0,2,-5.5398307,2.4778109,5.2904544,4.6276016,-1.8730668,-3.0278997,-1.2718731,-2.004768,0
3.0,2,-5.408506,3.0047781,5.941713,3.417808,-1.5420728,-3.1007576,-0.9875483,-2.6817827,0
3.0,2,-5.4734125,2.3851085,6.123701,3.7146902,-1.4648945,-3.07638,-1.128038,-2.3648138,0
7.0,2,1.5914465,-4.293913,4.73535,3.9229991,-2.0742354,-1.8117502,-2.5912576,-0.8981718,0
7.0,3,0.8732704,-4.221942,3.977583,4.418304,-3.1599371,-0.21344978,-2.9734113,-0.1551122,0
7.0,3,0.36069658,-3.8948128,4.1318936,4.9101844,-3.4200132,0.07809072,-3.341255,-0.116479255,0
7.0,3,0.49125043,-3.766012,4.4791584,5.020347,-3.2882886,-0.4715583,-3.365278,-0.35945842,0
7.0,3,0.5245828,-4.0656977,4.3685985,4.879645,-2.9557576,-0.37316054,-3.1979442,-0.44140905,0
7.0,2,1.2384151,-4.2091064,4.9471025,4.270946,-2.089778,-1.6381903,-2.804229,-1.0065186,0
6.0,0,5.865057,3.3925204,-1.3183488,-2.8469057,-0.29831317,-2.1365767,1.9000759,-5.614581,0
6.0,0,6.7274737,2.8735428,-1.1855971,-2.7167003,-0.4839429,-1.8204068,1.1457528,-5.4578996,0
6.0,0,6.483716,3.0987225,-1.3667482,-2.6633658,-0.24270988,-2.1422088,1.5702399,-5.5852737,0
6.0,0,6.13743,3.379666,-1.4359381,-2.7197084,-0.123614624,-2.2644172,1.7696844,-5.644796,0
6.0,0,6.3949747,3.1082263,-1.2894992,-2.6918838,-0.33732203,-2.1364536,1.620069,-5.583889,0
6.0,0,6.1804395,3.1629393,-1.244266,-2.7728357,-0.38505012,-2.1145585,1.7619414,-5.586181,0
6.0,1,-3.545699,4.5097113,3.4133298,0.44316667,-1.9001408,-3.178845,0.7788531,-1.5556309,0
6.0,1,-3.5815296,4.158838,2.983242,-0.0666183,-1.5009023,-3.2624426,0.70847017,-0.13530341,0
6.0,2,-2.9954693,2.9173539,3.7213902,0.25773725,-1.5498973,-3.749667,1.1960467,-0.36540294,0
6.0,2,-3.5789378,2.8573349,3.718909,0.013062008,-1.8753488,-3.7346857,1.8732361,0.47888327,0
6.0,1,-3.2860043,3.9754407,3.4911568,0.25258175,-1.6342167,-3.414819,0.81707805,-1.0536416,0
6.0,1,-3.597467,4.6440344,3.3088646,0.33434862,-1.8742466,-3.170453,0.77566195,-1.4714181,0
5.0,7,-2.031155,-1.9722311,0.7583186,-4.3645673,-0.60222924,2.087455,-2.187304,8.93052,0
5.0,7,-2.0245013,-1.9749469,0.76211834,-4.3653946,-0.59768593,2.0773842,-2.1870663,8.928099,0
5.0,7,-2.0184906,-1.9775711,0.77688885,-4.366509,-0.59175587,2.062785,-2.1919801,8.926206,0
5.0,7,-2.0412471,-1.9707599,0.7477062,-4.3746724,-0.61384296,2.1524312,-2.177172,8.904269,0
5.0,7,-2.028144,-1.9749037,0.7728478,-4.371686,-0.6000979,2.1010756,-2.189352,8.915239,0
5.0,7,-2.028868,-1.9736006,0.77031296,-4.36774,-0.59999764,2.0885954,-2.190696,8.924287,0
4.0,4,3.0711508,-0.9148631,-4.843821,-2.8360803,7.875952,1.5674623,-1.0160168,-1.549336,1
4.0,4,3.8674724,-1.0051051,-4.379644,-2.5828803,7.4943366,1.741408,-1.6884031,-2.061248,1
4.0,4,3.8926444,-0.9649459,-3.488141,-2.2925076,7.1316104,2.416788,-1.8184104,-2.8438678,1
4.0,4,3.5199635,-1.049194,-3.8180163,-2.5549445,7.7021484,2.0862486,-1.7092781,-2.2766423,1
4.0,4,3.6861057,-0.9970287,-4.4045043,-2.6552672,7.671261,1.7313462,-1.5882567,-1.9658505,1
4.0,4,3.2050388,-0.9141151,-4.8037205,-2.7878215,7.830185,1.6022569,-1.1248416,-1.6297811,1
0.0,0,4.662286,0.6855073,-0.4878491,-4.1740036,0.066175245,-0.67355597,3.3816843,-2.2995312,1
0.0,0,4.170238,1.6773685,-0.5404554,-3.928298,-0.039345697,-0.82888854,3.3712018,-2.958598,1
0.0,1,2.9689043,3.7904298,-0.8456535,-4.679042,1.1138988,-0.6247765,1.9818208,-3.2587092,0
0.0,1,3.215189,3.916107,-0.9595274,-4.639677,1.2258434,-0.7164808,1.6539273,-3.4122694,0
0.0,0,4.1894407,2.7249177,-0.99586797,-4.1757183,0.64896417,-0.7538876,2.0589192,-3.2338352,1
0.0,0,4.815274,0.46986446,-0.48659703,-3.9694462,-0.14916489,-0.71266097,3.4817426,-2.2828164,1
4.0,6,-0.50996995,2.5865345,-0.08879662,0.9271144,1.8018792,-3.4189613,2.6240444,-3.6413472,0
4.0,6,-0.32728615,2.4611528,-0.021270849,0.9232604,1.748489,-3.4496367,2.5353987,-3.550041,0
4.0,6,-0.6325436,2.591797,-0.15050587,1.1612427,1.6847581,-3.468854,2.6859155,-3.6097763,0
4.0,1,-0.6635477,2.711757,-0.21149433,1.0643338,1.8260399,-3.4283686,2.6297839,-3.6722925,0
4.0,1,-0.71835357,2.7809594,-0.19922414,0.84535366,2.0231192,-3.2773132,2.57679,-3.7720296,0
4.0,6,-0.6699845,2.622035,-0.14511243,1.0189565,1.7893624,-3.3832984,2.7295313,-3.6996727,0
6.0,6,0.8300515,0.46223107,-1.204653,-3.3377736,-1.3695483,-0.13857633,8.915169,-2.5265613,1
6.0,6,0.8302657,0.4621307,-1.2048596,-3.337636,-1.3695825,-0.13855666,8.915152,-2.5265563,1
6.0,6,0.8307722,0.4617581,-1.2049402,-3.3371928,-1.3699589,-0.13860032,8.915199,-2.5266378,1
6.0,6,0.8303678,0.46210167,-1.2049837,-3.3375483,-1.3696219,-0.13855413,8.915151,-2.5265565,1
6.0,6,0.8304272,0.4619709,-1.2047839,-3.3374844,-1.3697578,-0.13858622,8.915187,-2.5265894,1
6.0,6,0.83000964,0.46226582,-1.2046555,-3.3378081,-1.3695159,-0.13857171,8.915166,-2.526553,1
0.0,0,5.7951307,-3.740305,-0.6083394,3.08302,-0.43382284,-1.7951683,2.4812489,-3.3632405,1
0.0,0,5.7951274,-3.7403033,-0.6083435,3.0830247,-0.43382248,-1.7951717,2.481252,-3.3632426,1
0.0,0,5.795119,-3.7403007,-0.60835034,3.0830338,-0.4338219,-1.7951721,2.481252,-3.3632443,1
0.0,0,5.7951217,-3.7403026,-0.6083516,3.0830345,-0.43382037,-1.795169,2.4812493,-3.3632457,1
0.0,0,5.7951264,-3.7403016,-0.6083474,3.0830307,-0.4338229,-1.7951692,2.4812496,-3.3632455,1
0.0,0,5.7951303,-3.7403057,-0.60833824,3.0830214,-0.43382394,-1.7951697,2.4812498,-3.36324,1
2.0,3,-1.170358,-1.3415837,0.84160906,8.280173,-3.3227534,-2.2200027,2.0767987,-3.8779874,0
2.0,3,-1.1090902,-1.3490217,0.7411753,8.432049,-3.2950187,-2.1998448,1.7543839,-3.7586932,0
2.0,3,-1.0781981,-1.265696,0.77131116,8.36082,-3.4686832,-2.3320827,1.8683368,-3.646684,0
2.0,3,-1.0854939,-1.3151655,0.78283364,8.446531,-3.385493,-2.2777994,1.663369,-3.6391737,0
2.0,3,-1.1225617,-1.3362902,0.8559069,8.289754,-3.359319,-2.2298284,2.0472174,-3.867763,0
2.0,3,-1.1653981,-1.3245934,0.82556295,8.2834215,-3.3319798,-2.2195327,2.0715919,-3.8796353,0
4.0,4,-1.7796035,-4.3318477,-1.6991882,0.5630278,5.4447503,0.387415,5.3063993,-1.1393762,1
4.0,6,-1.6772995,-4.368248,-1.6483771,0.54480964,5.3476725,0.44922578,5.3608265,-1.1965352,0
4.0,4,-1.799697,-4.474133,-1.4317049,0.4522205,5.6000485,0.3856996,5.1341314,-1.0001268,1
4.0,4,-1.6996471,-4.4438524,-1.461517,0.5093537,5.3714366,0.42960626,5.319595,-1.1558487,1
4.0,4,-1.6178423,-4.363978,-1.6876776,0.5154979,5.3732386,0.48368287,5.334216,-1.2051685,1
4.0,4,-1.7792685,-4.3341465,-1.7089057,0.540692,5.502259,0.39086565,5.259462,-1.1141493,1
7.0,7,-1.078159,-1.887707,-2.4264202,-2.2758276,-0.8751023,0.69576013,-2.7638543,9.741494,1
7.0,7,-1.1918234,-1.8845679,-2.468902,-2.2634392,-0.8811618,0.9031139,-2.7720463,9.716877,1
7.0,7,-0.7217116,-2.1272469,-2.8201518,-2.1460512,-1.0552737,1.5715954,-2.8606415,9.483309,1
7.0,7,-0.7971518,-2.069198,-2.6972032,-2.1609933,-0.97632205,1.231812,-2.8533466,9.582135,1
7.0,7,-1.1119568,-1.9247178,-2.5288677,-2.2299552,-0.9192215,1.0206302,-2.7998648,9.680498,1
7.0,7,-1.0206835,-1.9942716,-2.6182044,-2.1652176,-0.90829074,1.1402305,-2.8433025,9.639183,1
3.0,6,-2.8552077,-1.1049029,0.9374259,5.496813,-1.2525473,-4.0716357,5.6238036,-3.4152489,0
3.0,6,-3.001026,-0.56480134,0.72239107,5.3591657,-1.6012249,-4.0937915,5.737909,-3.5546951,0
3.0,6,-3.0426946,-0.6158786,1.1809419,5.5720396,-1.830079,-4.0902495,5.5835147,-3.5033422,0
3.0,6,-3.0897331,-0.62347424,1.0674415,5.5751934,-1.6979319,-4.055412,5.582899,-3.4719634,0
3.0,6,-3.051056,-0.5582279,0.9824233,5.490207,-1.7320671,-4.081175,5.6540446,-3.5253417,0
3.0,3,-2.8184114,-1.0715663,1.0777291,5.6265974,-1.353099,-4.1010857,5.4954166,-3.4511323,1
5.0,5,-3.4831429,-2.14242,0.15779841,-2.3428345,-2.877044,7.1630054,-1.2401899,4.2378426,1
5.0,5,-3.476375,-2.1201775,0.08689923,-2.3567963,-2.8728955,7.216761,-1.1914854,4.2077527,1
5.0,5,-3.5029418,-2.1879327,0.31653196,-2.2948723,-2.882288,7.102606,-1.3331684,4.2330675,1
5.0,5,-3.4721384,-2.113936,0.06130799,-2.3660903,-2.873903,7.223923,-1.1701508,4.206279,1
5.0,5,-3.4984193,-2.162438,0.24853536,-2.2985806,-2.8748891,7.19457,-1.2918203,4.1737638,1
5.0,5,-3.4942465,-2.1629217,0.24141061,-2.321648,-2.8812315,7.141378,-1.287393,4.2361236,1
4.0,4,-0.88738465,2.9443672,-2.6567366,-3.3968973,4.5889745,0.48977852,-3.9201813,3.6673834,1
4.0,7,-0.34518075,3.4137754,-3.1198344,-3.7784436,3.0664012,0.25293958,-3.0292802,4.3105702,0
4.0,7,-0.6449911,3.8043506,-3.499843,-4.0069103,2.660893,0.41176587,-2.2306128,4.4196577,0
4.0,7,-0.839136,3.7787752,-3.7720459,-3.7914307,2.5495355,0.52581376,-1.9538653,4.465669,0
4.0,7,-0.5595533,3.1555116,-2.867019,-3.6776793,3.5965352,0.27683607,-3.3436196,4.214986,0
4.0,4,-0.9060881,2.7360952,-2.5624027,-3.266108,4.8298526,0.40465745,-4.06298,3.6172042,1
4.0,6,-3.7445266,-2.5467224,-1.6278404,-0.46948448,2.0139828,1.5810933,7.825224,-1.9306257,0
4.0,6,-3.693112,-2.389573,-1.4278244,-0.525983,1.7915337,1.1731788,8.08459,-1.9525934,0
4.0,6,-3.7435338,-2.4822872,-1.4903965,-0.539336,2.0000467,1.3957657,7.872374,-1.9272331,0
4.0,6,-3.739713,-2.4763355,-1.5026207,-0.5202638,1.960276,1.392183,7.90455,-1.9333425,0
4.0,6,-3.7865105,-2.591821,-1.6076295,-0.5379924,2.1580472,1.7031479,7.6695013,-1.8934846,0
4.0,6,-3.753855,-2.5674694,-1.6204284,-0.46789858,2.0733697,1.5959582,7.7833443,-1.9314239,0
1.0,1,-2.3714967,8.450915,1.4589099,-0.3140835,-0.86384714,-3.1050391,-0.58030707,-4.812785,1
1.0,1,-2.3435333,8.4624195,1.324065,-0.15399903,-0.9406172,-3.0601804,-0.55635357,-4.8928084,1
1.0,1,-2.3438218,8.441296,1.4501512,-0.38896742,-1.0249064,-2.998979,-0.33639455,-4.886238,1
1.0,1,-2.4082716,8.38744,1.8087159,-0.9430924,-0.93293464,-2.980205,-0.14924558,-4.7195115,1
1.0,1,-2.3792071,8.425022,1.6356077,-0.6638712,-0.9456239,-3.0232515,-0.29487908,-4.7808685,1
1.0,1,-2.3803146,8.437967,1.5636685,-0.48967603,-0.87433374,-3.0897696,-0.47900826,-4.7793856,1
3.0,3,-6.190545,-0.20574899,-3.179427,5.53946,1.7615745,-1.8597631,0.0566819,3.203584,1
3.0,3,-6.181413,-0.2650256,-3.1539383,5.5622616,1.7489687,-1.8345842,0.10389809,3.206708,1
3.0,3,-6.2552333,-0.26551718,-3.211951,5.508463,1.9095498,-1.5123122,-0.07870152,3.1835415,1
3.0,3,-6.2402067,-0.26130274,-3.2025719,5.508467,1.8658514,-1.5846173,-0.050165012,3.2093625,1
3.0,3,-6.2637157,-0.16621268,-3.22038,5.49348,1.8183452,-1.6134729,-0.060598515,3.168251,1
3.0,3,-6.1816883,-0.23810473,-3.1664662,5.5525184,1.7725152,-1.8642808,0.0830757,3.2027717,1
3.0,3,-1.2308758,1.2360482,-3.6484728,4.559842,4.226483,1.5289719,-3.4514554,-3.9668827,1
3.0,3,-1.0383818,1.4403304,-3.9934561,4.573192,3.8247914,2.0790737,-3.37808,-4.1633296,1
3.0,3,-1.7389235,1.717535,-3.9022691,4.65947,4.2160554,1.0159895,-2.9696229,-3.8519263,1
3.0,3,-0.9442148,1.4662658,-4.1292877,4.6067114,3.6702032,1.8831385,-2.9219778,-4.405529,1
3.0,3,-1.023208,1.6735406,-4.330025,4.6742797,3.42363,1.7468824,-2.5039504,-4.5360103,1
3.0,3,-0.6917294,1.235846,-4.038827,4.555896,3.6311576,2.183185,-3.10071,-4.4789743,1
3.0,0,5.2257776,-3.809227,-0.6930603,4.797166,-3.3980258,-1.2636073,-3.638761,1.6758167,0
3.0,0,5.2222695,-3.808953,-0.693305,4.800672,-3.400375,-1.2616669,-3.6377451,1.6751609,0
3.0,0,5.168749,-3.8038435,-0.6948422,4.8132877,-3.4360802,-1.2657079,-3.6237874,1.730243,0
3.0,0,5.1838336,-3.8058383,-0.69860345,4.7882576,-3.4285307,-1.2674581,-3.6297696,1.74586,0
3.0,0,5.219841,-3.8086898,-0.69334924,4.797979,-3.4023032,-1.2644393,-3.6369133,1.6829522,0
3.0,0,5.225996,-3.8091524,-0.6929903,4.7963123,-3.3982089,-1.2648656,-3.6382563,1.6770136,0
7.0,7,-2.1185644,-4.383919,-2.7054737,-1.9136527,3.9478273,-1.9422942,3.062856,6.9950037,1
7.0,7,-2.6150622,-4.4664626,-2.4607723,-1.6567926,3.1650612,-1.5476711,2.878224,7.636458,1
7.0,7,-2.2483566,-4.622665,-2.2994301,-1.5988497,2.2531538,-1.4098535,2.9746282,8.019184,1
7.0,7,-2.2762234,-4.904613,-1.9289101,-1.4364222,1.2104692,-0.6719312,2.9202232,8.439957,1
7.0,7,-2.5267231,-4.33143,-2.3712738,-1.6450775,2.788239,-1.7871783,2.8588715,7.8656373,1
7.0,7,-2.2836382,-4.294535,-2.4880939,-1.8214697,3.521149,-2.0851097,2.883531,7.442931,1
7.0,3,-4.383928,1.3401475,-2.1814892,6.5735917,-0.6556221,-1.5544381,2.686076,-2.6723,0
7.0,3,-4.515377,1.5101924,-2.15961,6.500154,-0.8138946,-1.5253545,2.5496364,-2.4435742,0
7.0,3,-4.716573,1.9361683,-1.8962513,6.206697,-0.7973895,-1.8234065,2.3039153,-2.090453,0
7.0,3,-4.624944,1.8815053,-2.27943,6.204775,-0.5419595,-1.646342,2.2928004,-2.194248,0
7.0,3,-4.619787,1.9230701,-2.12876,6.1648064,-0.54083145,-1.7928617,2.3231213,-2.219053,0
7.0,3,-4.4611382,1.657421,-2.016248,6.3783994,-0.56745625,-1.8153448,2.5191758,-2.5416212,0
0.0,0,9.292646,-3.1103415,-3.305238,-1.4745406,-0.56426203,0.520402,-1.7423002,1.2264231,1
0.0,0,8.779689,-3.2260113,-3.472968,-1.6503937,-0.6255243,0.5233147,-1.9597925,2.3831687,1
0.0,0,8.596799,-3.4122229,-3.365572,-1.4851058,-1.143807,0.4076518,-1.5983292,2.7730477,1
0.0,0,8.617797,-3.4888499,-2.7858217,-1.2178434,-1.7650378,0.023586266,-1.3742787,2.8098137,1
0.0,0,8.59075,-3.3664176,-3.5945287,-1.5828984,-0.8489733,0.5914212,-1.692172,2.6678019,1
0.0,0,9.234968,-3.1443908,-3.3385248,-1.477639,-0.59397507,0.5164603,-1.736153,1.3715128,1
5.0,7,2.0669324,-1.4862611,-0.26454076,-4.008312,1.3142596,-2.5717177,-2.6940725,7.888367,0
5.0,7,2.1365147,-1.4854413,-0.28239533,-3.9985976,1.2958558,-2.587024,-2.6897435,7.8564057,0
5.0,7,2.3387127,-1.4794397,-0.2574434,-4.020703,1.2858266,-2.6082904,-2.7005208,7.7085314,0
5.0,7,2.3680017,-1.4685708,-0.28123403,-4.0148573,1.2900506,-2.612714,-2.7064686,7.6848464,0
5.0,7,2.3175032,-1.4561392,-0.3151285,-4.0076413,1.3056535,-2.6050777,-2.710605,7.714961,0
5.0,7,2.0626743,-1.4785998,-0.28647128,-4.0020156,1.3170145,-2.571188,-2.6954796,7.891263,0
4.0,4,-0.4457209,2.3728375,-4.224817,-3.6326714,6.695352,1.6585855,2.2097762,-3.0680876,1
4.0,4,-0.43662947,2.3288646,-4.2758956,-3.533276,6.856858,1.678204,1.9785532,-3.026613,1
4.0,4,-0.5894358,2.2642772,-4.256076,-3.5162075,6.943274,1.673965,2.0138,-2.929983,1
4.0,4,-0.7685685,2.264667,-4.24658,-3.541672,6.943408,1.6607932,2.1442041,-2.8174376,1
4.0,4,-0.5145863,2.3380797,-4.259847,-3.5712702,6.818127,1.6755954,2.0875695,-2.984095,1
4.0,4,-0.5142478,2.3366973,-4.2111206,-3.6003234,6.7745056,1.6465464,2.180246,-3.041051,1
6.0,7,-2.1550708,-3.1599925,3.919186,-3.8347368,-1.2584717,-0.89942914,1.5469586,7.224898,0
6.0,7,-1.7873431,-3.1571043,3.7795115,-3.795987,-1.1927419,-1.2667903,1.3996665,7.3112936,0
6.0,7,-1.5645589,-3.1567445,3.7968223,-3.9535599,-0.95974076,-1.2740207,1.0090132,7.3842826,0
6.0,7,-1.5931901,-3.1659074,3.8014684,-3.8884342,-1.0489519,-1.3110367,1.1533253,7.342368,0
6.0,7,-1.7991446,-3.1344779,3.7466297,-3.9024467,-1.036273,-1.1690159,1.1346141,7.423978,0
6.0,7,-2.050015,-3.1725435,3.9664307,-3.8469603,-1.2389202,-0.96646774,1.4977404,7.201354,0
