true_label,predicted_label,prob_class_0,prob_class_1,prob_class_2,prob_class_3,prob_class_4,prob_class_5,prob_class_6,prob_class_7,prob_class_8,prob_class_9,prob_class_10,prob_class_11,correct
11.0,11,0.5701089,-0.7915856,2.5125272,2.3243065,-1.6115589,-8.281329,-8.547377,-3.3346913,-2.1999006,-2.6249738,4.3921323,12.579214,1
11.0,11,0.57538486,-0.7866059,2.5077636,2.3200195,-1.6096056,-8.281421,-8.547633,-3.330273,-2.202159,-2.631095,4.395609,12.579455,1
11.0,11,0.57314265,-0.78801185,2.5095315,2.3212383,-1.6106627,-8.280646,-8.546857,-3.3319588,-2.2005656,-2.6291242,4.394263,12.578272,1
11.0,11,0.5685892,-0.7922262,2.5145607,2.3295565,-1.6103525,-8.279738,-8.5493,-3.339022,-2.2002485,-2.623052,4.387393,12.580596,1
11.0,11,0.5782168,-0.78394455,2.5055244,2.3186328,-1.6083131,-8.281299,-8.548312,-3.3286378,-2.2035866,-2.6342113,4.3966455,12.580054,1
11.0,11,0.5758401,-0.78532577,2.507494,2.3192272,-1.6088027,-8.281324,-8.548314,-3.3298068,-2.2020118,-2.631662,4.3960524,12.579033,1
5.0,5,-4.4683404,-0.4076272,-3.6538775,-2.512043,5.617181,12.83679,4.676365,-1.6647297,4.791582,3.9955175,-5.128345,-9.765145,1
5.0,5,-4.3965445,-0.3316351,-3.7023413,-2.4237154,5.7058525,12.89834,4.5967665,-1.721469,4.7256756,3.922747,-5.2160172,-9.696061,1
5.0,5,-4.3472056,-0.2853689,-3.732177,-2.3803287,5.7570086,12.916899,4.5495486,-1.7404339,4.6765513,3.8793662,-5.2562375,-9.649587,1
5.0,5,-4.317128,-0.25721857,-3.7478778,-2.342916,5.797258,12.912319,4.513022,-1.7503009,4.630909,3.8578885,-5.280331,-9.606612,1
5.0,5,-4.5037804,-0.44038042,-3.638704,-2.56224,5.587765,12.800334,4.7084036,-1.631192,4.8177643,4.030473,-5.072287,-9.791383,1
5.0,5,-4.3326187,-0.2734557,-3.7270296,-2.3805745,5.740736,12.892756,4.5654616,-1.7186369,4.6591268,3.8667834,-5.2530923,-9.652749,1
2.0,2,-3.9501064,-1.404654,11.6240425,6.412932,-6.0566287,-3.7433655,-3.505743,-5.080862,5.427271,0.4988597,-2.1586533,0.15071046,1
2.0,2,-3.9501064,-1.404654,11.6240425,6.412932,-6.0566287,-3.7433655,-3.505743,-5.080862,5.427271,0.4988597,-2.1586533,0.15071046,1
2.0,2,-3.9501064,-1.404654,11.6240425,6.412932,-6.0566287,-3.7433655,-3.505743,-5.080862,5.427271,0.4988597,-2.1586533,0.15071046,1
2.0,2,-3.9501064,-1.404654,11.6240425,6.412932,-6.0566287,-3.7433655,-3.505743,-5.080862,5.427271,0.4988597,-2.1586533,0.15071046,1
2.0,2,-3.9501064,-1.404654,11.6240425,6.412932,-6.0566287,-3.7433655,-3.505743,-5.080862,5.427271,0.4988597,-2.1586533,0.15071046,1
2.0,2,-3.9501064,-1.404654,11.6240425,6.412932,-6.0566287,-3.7433655,-3.505743,-5.080862,5.427271,0.4988597,-2.1586533,0.15071046,1
11.0,11,0.89541936,-0.58029354,1.8857222,1.3113137,-2.52731,-7.7323074,-7.1715016,-2.642372,-1.716027,-3.578396,4.96442,11.589076,1
11.0,11,0.9057332,-0.5728198,1.8817387,1.3200524,-2.5108805,-7.73852,-7.1896214,-2.6437554,-1.7311306,-3.5825634,4.961439,11.606644,1
11.0,11,0.9044937,-0.57469004,1.8831403,1.3433148,-2.4905198,-7.747449,-7.2082453,-2.6542833,-1.7498703,-3.5749373,4.95262,11.630916,1
11.0,11,0.88215697,-0.5973516,1.8939521,1.3190027,-2.5330493,-7.7386384,-7.166443,-2.6474822,-1.7150075,-3.5630155,4.9636803,11.592478,1
11.0,11,0.89345646,-0.5829501,1.8876259,1.3311402,-2.5067382,-7.74378,-7.1909857,-2.6503346,-1.7338867,-3.568911,4.959026,11.612731,1
11.0,11,0.8960438,-0.58270645,1.8873134,1.3263392,-2.5126464,-7.741612,-7.1873856,-2.6483169,-1.73029,-3.5720203,4.9598355,11.608492,1
0.0,0,12.39805,4.1329093,-3.3227532,-5.2032123,-1.7888565,-4.2421513,1.3037919,7.625288,-8.837641,-5.750199,-1.053072,2.7777593,1
0.0,0,12.39801,4.133083,-3.3226483,-5.202981,-1.7887659,-4.2421484,1.303599,7.625063,-8.837652,-5.750264,-1.0531921,2.7778866,1
0.0,0,12.398002,4.1330457,-3.322664,-5.203018,-1.7887887,-4.2421384,1.3036385,7.6250906,-8.837635,-5.7502475,-1.0531709,2.777858,1
0.0,0,12.398066,4.13309,-3.3226955,-5.2030487,-1.7887849,-4.242096,1.3036661,7.625129,-8.837649,-5.7502947,-1.0532031,2.777808,1
0.0,0,12.397984,4.1329174,-3.3226888,-5.203125,-1.7888272,-4.242196,1.3037046,7.625192,-8.837634,-5.750168,-1.0530777,2.7778409,1
0.0,0,12.39805,4.1329093,-3.3227532,-5.2032123,-1.7888565,-4.2421513,1.3037919,7.625288,-8.837641,-5.750199,-1.053072,2.7777593,1
8.0,8,-10.84352,-5.447625,4.6899447,-1.1433712,-3.764337,3.7053082,0.24569067,-4.429806,12.137578,3.844756,3.4727688,-4.7240076,1
8.0,8,-10.848562,-5.32682,4.604256,-1.1361667,-3.7008944,3.8888009,0.36213252,-4.441913,12.173932,3.7383173,3.4171777,-4.8751297,1
8.0,8,-10.8708725,-5.422112,4.6467056,-1.0993626,-3.6669059,3.8089569,0.30051884,-4.4475484,12.124299,3.8490102,3.4108887,-4.7950087,1
8.0,8,-10.856713,-5.525309,4.7178507,-1.122444,-3.719942,3.6848376,0.20380673,-4.435243,12.116703,3.9347842,3.4491787,-4.696327,1
8.0,8,-10.820912,-5.2766423,4.5299425,-1.1594473,-3.6705556,3.9582512,0.44851705,-4.413117,12.141313,3.6944668,3.3878188,-4.9354963,1
8.0,8,-10.839988,-5.3853126,4.6456294,-1.1460446,-3.7457514,3.7797935,0.3034589,-4.4300747,12.148216,3.786404,3.4542751,-4.7864933,1
9.0,9,-8.2062435,-10.749117,2.8216987,-3.1264703,2.4313345,3.2356355,0.36234078,-1.0781702,5.112434,13.916972,-1.3900353,-4.2914944,1
9.0,9,-8.358068,-10.38137,2.6532505,-2.9047287,2.54986,3.6436737,0.6200777,-1.254094,5.265476,13.459958,-1.431389,-4.547838,1
9.0,9,-8.3403845,-10.567795,2.7609985,-2.9324267,2.510744,3.4347236,0.469013,-1.2218881,5.2053494,13.663671,-1.3992338,-4.384616,1
9.0,9,-8.302802,-10.523248,2.707546,-2.975085,2.548121,3.4928262,0.5189432,-1.187817,5.172532,13.672611,-1.4433614,-4.4451466,1
9.0,9,-8.153932,-10.802017,2.8365293,-3.202728,2.3814807,3.1594646,0.33346662,-1.0242217,5.0855675,13.976703,-1.369507,-4.2541857,1
9.0,9,-8.164633,-10.789528,2.8321462,-3.1870081,2.3963127,3.1816394,0.34158525,-1.0353326,5.0915785,13.966377,-1.3782897,-4.2679033,1
3.0,3,-5.088817,3.3980017,8.81657,15.405898,2.6681695,-0.17465603,-5.3820915,-9.73831,0.36058554,-1.6886084,-7.1604595,3.3163574,1
3.0,3,-5.088784,3.3981147,8.81653,15.405978,2.668264,-0.17456305,-5.3821344,-9.73837,0.36055312,-1.6886797,-7.1605525,3.3163579,1
3.0,3,-5.088751,3.3980427,8.816618,15.40583,2.6681187,-0.17461431,-5.382167,-9.738314,0.36066648,-1.688622,-7.160506,3.3162982,1
3.0,3,-5.0888357,3.3980532,8.816604,15.406021,2.6682968,-0.1746118,-5.3822136,-9.738406,0.36055538,-1.688565,-7.160578,3.316396,1
3.0,3,-5.0890155,3.3979268,8.816726,15.405976,2.6682422,-0.17466855,-5.382163,-9.738407,0.36067268,-1.6883712,-7.160518,3.3162987,1
3.0,3,-5.088806,3.3980422,8.8165655,15.405897,2.6681788,-0.17461693,-5.3820963,-9.738323,0.360602,-1.6886315,-7.1604867,3.3163278,1
7.0,6,0.6253331,0.05163292,-3.7055795,-6.701342,-4.3149624,4.214261,12.63745,6.688096,0.27277133,-0.36396116,-0.93270636,-9.898596,0
7.0,6,0.6184248,0.058157958,-3.7027333,-6.6940036,-4.307084,4.2221036,12.634723,6.680263,0.27638206,-0.3613233,-0.9404838,-9.904165,0
7.0,6,0.6103827,0.06139914,-3.6955364,-6.688704,-4.3021703,4.227703,12.629251,6.672186,0.28321502,-0.35423225,-0.9481058,-9.910325,0
7.0,6,0.5504439,0.14944737,-3.7132452,-6.6003795,-4.2057033,4.323181,12.64334,6.6027713,0.28792748,-0.37490958,-1.0165831,-9.960216,0
7.0,6,0.6153451,0.060071863,-3.70075,-6.6914196,-4.3045783,4.2248564,12.633248,6.6770477,0.2784948,-0.35939616,-0.94357216,-9.90657,0
7.0,6,0.600371,0.0883166,-3.7124298,-6.664404,-4.274672,4.254064,12.64252,6.6588187,0.27498946,-0.37210244,-0.9617268,-9.919344,0
8.0,2,-3.323826,-0.24470456,10.992679,9.153546,-3.5406833,-3.384752,-5.2410316,-6.3889513,3.3450346,-0.08779794,-3.8753448,2.2030416,0
8.0,3,-4.6543026,2.2484946,9.526821,14.130648,1.3123466,-1.2875279,-5.781521,-9.034874,0.85896444,-0.9854292,-6.4334593,3.5124223,0
8.0,3,-4.75562,2.7962794,9.19468,14.802651,2.0090296,-0.8061042,-5.753306,-9.399609,0.5323498,-1.329289,-6.840536,3.5696611,0
8.0,3,-4.2914624,0.5792989,10.521526,12.351244,-0.57818055,-2.8360066,-6.1092668,-8.0418625,1.6120081,0.102900326,-5.323547,3.647764,0
8.0,2,-3.5657742,0.16964953,10.756351,10.212118,-2.5317059,-3.065766,-5.4930935,-6.944322,2.781377,-0.17782468,-4.4112835,2.6085722,0
8.0,2,-3.763633,0.10496632,10.796205,10.555873,-2.2442029,-3.1523569,-5.6187096,-7.1145205,2.5904496,0.012887061,-4.5055647,2.8333473,0
4.0,4,-0.5918751,3.4194906,-4.061963,2.7850564,13.389631,7.8250313,-3.812031,-2.9807198,-3.0737052,2.3411658,-5.8951645,-0.45586252,1
4.0,4,-0.5918751,3.4194906,-4.061963,2.7850564,13.389631,7.8250313,-3.812031,-2.9807198,-3.0737052,2.3411658,-5.8951645,-0.45586252,1
4.0,4,-0.5918751,3.4194906,-4.061963,2.7850564,13.389631,7.8250313,-3.812031,-2.9807198,-3.0737052,2.3411658,-5.8951645,-0.45586252,1
4.0,4,-0.5918751,3.4194906,-4.061963,2.7850564,13.389631,7.8250313,-3.812031,-2.9807198,-3.0737052,2.3411658,-5.8951645,-0.45586252,1
4.0,4,-0.5918751,3.4194906,-4.061963,2.7850564,13.389631,7.8250313,-3.812031,-2.9807198,-3.0737052,2.3411658,-5.8951645,-0.45586252,1
4.0,4,-0.5918751,3.4194906,-4.061963,2.7850564,13.389631,7.8250313,-3.812031,-2.9807198,-3.0737052,2.3411658,-5.8951645,-0.45586252,1
3.0,3,-4.1390157,2.5337734,9.325145,13.969766,1.2322124,-1.1101592,-5.9236135,-8.952247,0.80369306,-1.4286952,-6.5446277,3.556388,1
3.0,3,-4.2973576,2.6205258,9.268003,14.227918,1.4782513,-1.0179577,-5.891614,-9.088716,0.69991195,-1.4187818,-6.639381,3.5897772,1
3.0,3,-4.454132,2.919763,9.08254,14.65037,1.9126018,-0.73432374,-5.8223505,-9.321252,0.52226114,-1.5706589,-6.8581605,3.5944982,1
3.0,3,-4.1134796,2.396545,9.407846,13.817058,1.0708615,-1.2331473,-5.940653,-8.867605,0.87402296,-1.3400905,-6.449842,3.5553467,1
3.0,3,-4.057409,2.345398,9.43956,13.714953,0.9700601,-1.2858082,-5.9584656,-8.811877,0.9130285,-1.3273928,-6.406141,3.5516083,1
3.0,3,-4.1531053,2.4916782,9.349816,13.955834,1.2115979,-1.1477559,-5.9312725,-8.942587,0.8098358,-1.3894794,-6.524605,3.568617,1
11.0,11,0.22241554,-1.0667212,2.7720985,2.4315856,-1.8262429,-8.23138,-8.383952,-3.5179262,-1.9568245,-2.298453,4.274257,12.399706,1
11.0,11,0.20257124,-1.0757784,2.7833173,2.4226568,-1.8342294,-8.229924,-8.373426,-3.517255,-1.9378216,-2.2826173,4.280789,12.379935,1
11.0,11,0.18187848,-1.0849934,2.7978444,2.425176,-1.8409506,-8.224098,-8.36636,-3.5260038,-1.920331,-2.2654068,4.276087,12.363616,1
11.0,11,0.24645326,-1.0584071,2.7539418,2.4234767,-1.822161,-8.24075,-8.387886,-3.5033894,-1.9764028,-2.3188176,4.2850847,12.41732,1
11.0,11,0.20663807,-1.0720377,2.7790985,2.4179668,-1.8323863,-8.231396,-8.373754,-3.5125349,-1.9400542,-2.287056,4.2852507,12.380603,1
11.0,11,0.2090886,-1.0740786,2.7781198,2.4177787,-1.8341718,-8.234768,-8.373722,-3.51112,-1.9432461,-2.287736,4.2865453,12.384755,1
1.0,1,6.169381,13.590305,-1.8511436,1.6010121,0.9281267,0.44196665,0.74078476,0.99003595,-4.6897373,-10.66279,-2.7963858,-0.29567122,1
1.0,1,6.203041,13.601099,-1.8790889,1.5942628,0.9325216,0.4423536,0.7533821,1.009151,-4.7222195,-10.682741,-2.8003263,-0.28464264,1
1.0,1,6.2071896,13.619928,-1.882335,1.607621,0.9528125,0.45418918,0.73994565,0.999181,-4.7288623,-10.68718,-2.817123,-0.2832458,1
1.0,1,6.2370872,13.643005,-1.9083407,1.6169804,0.97508633,0.46667683,0.73747504,1.0027221,-4.760883,-10.707581,-2.835948,-0.27045977,1
1.0,1,6.1929426,13.645955,-1.8720343,1.6416489,0.9843736,0.48253214,0.7202902,0.96804017,-4.7235026,-10.681228,-2.8546572,-0.29448187,1
1.0,1,6.1699,13.592237,-1.8512812,1.6035587,0.93023586,0.443251,0.7387991,0.98826844,-4.6904745,-10.664001,-2.7984104,-0.294712,1
0.0,6,1.0885639,-0.6818109,-3.5630348,-7.5489216,-5.111099,3.3760011,12.561942,7.348655,0.2614598,-0.14850408,-0.26323724,-9.54998,0
0.0,6,1.1673095,-0.65024275,-3.6694152,-7.5739,-5.091708,3.352959,12.612988,7.4198356,0.17035805,-0.25659758,-0.19716811,-9.494606,0
0.0,6,1.117038,-0.670481,-3.603605,-7.55589,-5.104775,3.36928,12.583903,7.3737664,0.22712575,-0.18999428,-0.24003899,-9.529576,0
0.0,6,1.0888174,-0.697467,-3.5513723,-7.556909,-5.127057,3.3663929,12.557624,7.350508,0.269021,-0.1365332,-0.26099658,-9.54838,0
0.0,6,1.0782311,-0.6825413,-3.551916,-7.5416226,-5.1103387,3.3826473,12.55686,7.3373094,0.27125952,-0.1376645,-0.27449238,-9.557181,0
0.0,6,1.0896147,-0.6947492,-3.5533864,-7.556866,-5.1241345,3.36702,12.5573845,7.3512278,0.26749298,-0.13834697,-0.26047885,-9.548279,0
9.0,9,-7.810384,-10.442456,2.3975801,-3.5402095,2.0228689,2.8763418,0.7650042,-0.6824792,4.6689067,13.505813,-1.1336153,-4.067828,1
9.0,9,-7.818816,-10.44097,2.4087255,-3.5192435,1.9702123,2.827313,0.7650726,-0.6905932,4.675371,13.446057,-1.086543,-4.0220165,1
9.0,9,-7.849613,-10.459997,2.4465337,-3.4714587,1.8896408,2.744109,0.7412864,-0.720148,4.7025137,13.364958,-1.0071858,-3.9378998,1
9.0,9,-7.846862,-10.460817,2.4443011,-3.4787915,1.892346,2.7477722,0.74067205,-0.7175785,4.702368,13.371874,-1.010038,-3.9417903,1
9.0,9,-7.816127,-10.448282,2.4071827,-3.5284927,1.985914,2.8366704,0.7594283,-0.68757945,4.6721277,13.471891,-1.0989045,-4.030033,1
9.0,9,-7.8050623,-10.439475,2.392995,-3.5469668,2.0252228,2.8807452,0.7691755,-0.6774239,4.6656027,13.508749,-1.137737,-4.073885,1
10.0,7,8.156784,-0.24053653,-5.383355,-10.127503,-2.6250749,-2.7993233,5.412078,11.313029,-5.188563,-1.9401731,3.0201602,-1.9713728,0
10.0,7,7.29613,-1.1421636,-4.8859515,-10.288821,-2.8640018,-3.421596,5.596123,11.419209,-4.892435,-0.93674964,3.5494852,-2.0194552,0
10.0,7,7.733594,-0.6725952,-5.1528773,-10.139406,-2.6339016,-3.1400678,5.4363317,11.347137,-5.1280794,-1.4177291,3.2623482,-1.9129777,0
10.0,7,8.242306,-0.20127745,-5.2827106,-10.447715,-2.9537334,-2.9116504,5.536183,11.466899,-4.998823,-2.057958,3.2271585,-2.1410613,0
10.0,7,7.7208023,-0.71568924,-5.134079,-10.25511,-2.7424648,-3.1490128,5.5055285,11.407448,-5.042434,-1.4057834,3.3298993,-1.9988213,0
10.0,7,8.008646,-0.43776163,-5.2366624,-10.628398,-3.0668387,-2.966987,5.701523,11.578083,-4.8262672,-1.8281891,3.418478,-2.3062327,0
9.0,8,-11.171545,-5.8465195,5.015931,-0.51612663,-3.297214,3.3381574,-0.15561369,-4.675402,11.789779,4.492349,3.2588682,-4.2619133,0
9.0,8,-11.163186,-5.846935,5.00864,-0.5216962,-3.295769,3.3386796,-0.14335898,-4.6641445,11.778628,4.4940023,3.2538047,-4.267948,0
9.0,8,-11.161731,-5.8576713,5.0129223,-0.5259987,-3.2980278,3.3320503,-0.15045932,-4.6625786,11.779059,4.5031915,3.2559562,-4.2623644,0
9.0,8,-11.175822,-5.8205934,5.0062637,-0.51039636,-3.296136,3.3569276,-0.14264682,-4.682235,11.797632,4.466389,3.2584162,-4.275364,0
9.0,8,-11.170634,-5.8464265,5.016247,-0.5157505,-3.2978778,3.3365214,-0.15480486,-4.674213,11.788092,4.492368,3.2584887,-4.26161,0
9.0,8,-11.172542,-5.848041,5.017774,-0.5153991,-3.2975569,3.3365433,-0.15835455,-4.676693,11.790726,4.49373,3.2596598,-4.259877,0
6.0,6,0.8832817,-2.2723022,-1.9734263,-8.095851,-6.5935836,2.005286,11.333393,7.309708,1.3828425,0.8149834,0.44141495,-8.977731,1
6.0,6,0.8340901,-2.220088,-1.9790838,-8.033268,-6.5348907,2.0652483,11.343611,7.259883,1.3938853,0.8004833,0.40287519,-9.010181,1
6.0,6,0.7744645,-2.1516209,-1.9768572,-7.9693294,-6.4511256,2.1526983,11.349258,7.2000694,1.4130198,0.8148958,0.33158743,-9.074899,1
6.0,6,0.78395236,-2.056763,-2.016439,-7.9963784,-6.3519955,2.2544591,11.381779,7.205075,1.3776965,0.8903846,0.21339571,-9.1841345,1
6.0,6,0.74599886,-2.0630543,-2.0031297,-7.9406314,-6.3584213,2.2475696,11.374238,7.168352,1.4006585,0.843159,0.24255621,-9.154339,1
6.0,6,0.87524176,-2.299332,-1.9638441,-8.076761,-6.6259403,1.9712502,11.325402,7.302584,1.3934679,0.7769398,0.48556328,-8.935,1
8.0,9,-8.278724,-10.4340515,2.6113312,-2.9668386,2.77329,3.5408442,0.5445763,-1.1510762,4.9659085,13.869269,-1.6052704,-4.472722,0
8.0,9,-8.259423,-10.447299,2.6072025,-2.9927118,2.7691069,3.5305166,0.5449883,-1.1310478,4.952297,13.890939,-1.6086448,-4.472356,0
8.0,9,-8.222741,-10.523238,2.6538913,-3.0556366,2.696943,3.4443605,0.4931042,-1.0934947,4.9618044,13.942713,-1.5710312,-4.4275303,0
8.0,9,-8.251818,-10.47121,2.6262114,-3.0079553,2.7437744,3.501077,0.5248223,-1.1233709,4.959755,13.904153,-1.5936793,-4.4553223,0
8.0,9,-8.208385,-10.5400915,2.6604111,-3.077677,2.6786935,3.4221766,0.4839665,-1.0787501,4.9588976,13.956172,-1.562014,-4.417099,0
8.0,9,-8.26702,-10.460239,2.6274285,-2.9869368,2.7480192,3.509186,0.52616745,-1.1388687,4.968509,13.885733,-1.5906749,-4.4546614,0
5.0,5,-4.107527,-0.06538399,-3.9521077,-2.3372428,6.4316154,12.53138,3.9628363,-1.5700152,4.1763744,3.8077404,-4.9870725,-9.07589,1
5.0,5,-4.076434,-0.03581699,-3.9681022,-2.26977,6.4916825,12.541355,3.9062169,-1.604868,4.1219187,3.7876112,-5.036617,-9.015298,1
5.0,5,-4.0647383,-0.024502715,-3.980234,-2.2890003,6.5088305,12.522732,3.8942115,-1.5829065,4.109324,3.7797744,-5.0105467,-9.005435,1
5.0,5,-4.132686,-0.08955475,-3.9375136,-2.3787243,6.3805966,12.533985,4.0102677,-1.5534043,4.2201333,3.8235404,-4.963668,-9.124806,1
5.0,5,-4.036244,0.0028243456,-3.9968693,-2.2451663,6.561016,12.52331,3.8461792,-1.6011119,4.063431,3.7607682,-5.0381165,-8.955661,1
5.0,5,-4.0879416,-0.047404133,-3.9647725,-2.3048577,6.4839983,12.515673,3.9156191,-1.5776957,4.131782,3.8009837,-4.996507,-9.025716,1
11.0,11,0.08203986,-1.186252,2.7577565,2.0234444,-2.0430202,-8.307848,-8.085738,-3.2460685,-1.7300391,-2.23501,4.633867,12.102608,1
11.0,11,0.037867874,-1.2059928,2.7545457,1.9435602,-2.1061604,-8.284109,-7.991153,-3.2045105,-1.6563895,-2.2293968,4.6880794,12.003157,1
11.0,11,0.03802219,-1.1862886,2.7545955,1.9587075,-2.0943015,-8.262294,-7.9971104,-3.2204833,-1.6525455,-2.2380435,4.666584,11.994615,1
11.0,11,0.09227446,-1.2046995,2.7572002,2.0171618,-2.0466468,-8.338126,-8.0963335,-3.23299,-1.7476978,-2.2275932,4.6505866,12.130481,1
11.0,11,0.07530895,-1.1674569,2.7363658,1.9619762,-2.0789738,-8.272299,-8.019979,-3.2128255,-1.68327,-2.2654822,4.666183,12.026671,1
11.0,11,0.093818754,-1.1570127,2.7459714,2.0228124,-2.0332274,-8.285312,-8.085496,-3.2485735,-1.7275062,-2.2589004,4.623829,12.089502,1
1.0,1,6.294929,13.791975,-1.9386613,1.7967664,1.1374192,0.5886388,0.6115912,0.8756159,-4.8381386,-10.777408,-3.0265584,-0.21467936,1
1.0,1,6.3366623,13.814756,-1.9695609,1.8047906,1.155459,0.5963081,0.60710704,0.8835915,-4.877714,-10.806295,-3.0438237,-0.19252688,1
1.0,1,6.407319,13.798986,-2.029127,1.7387024,1.1253852,0.5543231,0.652809,0.9637982,-4.9345865,-10.844904,-2.9886527,-0.16404092,1
1.0,1,6.458625,13.833202,-2.063938,1.7629641,1.1598018,0.56913483,0.6284467,0.95947224,-4.983972,-10.881701,-3.0209284,-0.12733942,1
1.0,1,6.303786,13.849308,-1.9461472,1.8480569,1.2019739,0.6360483,0.5767908,0.83772784,-4.8591146,-10.784258,-3.0945525,-0.21818012,1
1.0,1,6.296048,13.79448,-1.9395249,1.7992798,1.1402646,0.590479,0.60988915,0.87408096,-4.839711,-10.778585,-3.029305,-0.21389282,1
11.0,11,0.6610075,0.7233888,1.1950865,4.014786,-0.5971942,-6.468411,-7.357955,-4.170772,-3.0146098,-4.3654556,3.1693792,12.323437,1
11.0,11,1.4438127,0.19200002,1.2852676,3.2935078,-1.0416052,-7.539561,-7.944751,-3.4681017,-3.372953,-4.2625647,3.8152027,13.094031,1
11.0,11,1.8331975,1.323827,0.6127666,3.1493037,-0.97410876,-6.620933,-7.1358333,-3.2731717,-3.2985609,-5.4894605,3.6679811,12.250636,1
11.0,11,1.1487563,-0.3974109,1.6242588,3.0046268,-1.535117,-7.771614,-7.8297396,-3.4314055,-3.0105767,-3.7617795,4.0136843,12.97902,1
11.0,11,1.3898615,-0.09378501,1.4800861,3.1649296,-1.2348067,-7.744568,-8.05121,-3.4371006,-3.2674031,-3.9976943,3.898859,13.157897,1
11.0,11,0.9482821,0.4946231,1.2388248,3.7480743,-0.7938324,-6.9157662,-7.53085,-3.8701994,-3.1716971,-4.319318,3.4358249,12.610374,1
2.0,2,-4.352516,-0.641736,11.1645975,7.2434497,-5.153732,-2.9420125,-3.1699405,-5.563398,5.187228,0.071951926,-2.6237931,-0.09324908,1
2.0,2,-4.3524914,-0.64167064,11.164566,7.2435527,-5.1536365,-2.9419787,-3.169989,-5.5634484,5.1871557,0.07190901,-2.6238627,-0.0931918,1
2.0,2,-4.352653,-0.6418033,11.164594,7.2434196,-5.1537137,-2.9419894,-3.16989,-5.5634217,5.1872964,0.07204062,-2.6237316,-0.09329212,1
2.0,2,-4.352539,-0.641764,11.164549,7.2430987,-5.1539664,-2.9419055,-3.1697378,-5.5632763,5.1874886,0.07189983,-2.6236157,-0.09351313,1
2.0,2,-4.35252,-0.64174145,11.164605,7.24348,-5.153711,-2.9420273,-3.1699615,-5.5634093,5.187205,0.07196587,-2.623805,-0.093221724,1
2.0,2,-4.352498,-0.64167625,11.1645355,7.2434583,-5.15368,-2.9419339,-3.169952,-5.5634303,5.187226,0.07189304,-2.6238155,-0.09324747,1
10.0,10,-1.9838036,-5.108461,-1.1311448,-8.13846,-6.111052,-7.172059,-1.066141,4.233036,3.2206798,-1.2162361,12.293266,5.1152296,1
10.0,10,-2.2616992,-4.988133,-1.3247952,-8.244809,-5.984383,-6.748072,-0.8800417,4.0692873,3.5030248,-1.2671402,12.3392,4.8369293,1
10.0,10,-2.1369774,-4.906405,-1.3084304,-8.313524,-6.136238,-6.68641,-0.8349118,4.065651,3.5655553,-1.4073441,12.29239,4.767521,1
10.0,10,-2.3214402,-4.5953465,-1.4400346,-8.251017,-6.292151,-6.050486,-0.24565199,3.8965847,3.886663,-1.7285538,12.054955,4.149702,1
10.0,10,-2.2302694,-4.772577,-1.309597,-7.9849844,-5.912506,-6.4989295,-0.90497327,3.8274636,3.5015512,-1.4132929,12.027783,4.79412,1
10.0,10,-2.0909882,-4.47979,-1.5461447,-7.9778457,-5.80538,-6.3892546,-0.64967775,4.029623,3.348603,-1.7458003,12.05743,4.627948,1
10.0,10,-2.3006706,-3.6168723,-2.065625,-8.257776,-5.90262,-5.0776267,0.3451185,3.8757217,4.0406113,-2.5803647,11.893977,3.3882058,1
10.0,10,-2.300729,-3.6167958,-2.0656612,-8.25777,-5.9026136,-5.0775003,0.34523377,3.8756964,4.040675,-2.5804212,11.893952,3.388073,1
10.0,10,-2.3007624,-3.6168349,-2.0656474,-8.257823,-5.902659,-5.0775123,0.34527704,3.8757246,4.040719,-2.5803912,11.893993,3.3880289,1
10.0,10,-2.300732,-3.616869,-2.0656393,-8.2578335,-5.9026475,-5.077583,0.3452154,3.8757486,4.04068,-2.5803647,11.894021,3.3881001,1
10.0,10,-2.3006766,-3.6169007,-2.0656188,-8.257809,-5.9026294,-5.0776634,0.3451155,3.8757489,4.040613,-2.5803409,11.894016,3.3882136,1
10.0,10,-2.3006978,-3.6170993,-2.0655086,-8.257896,-5.9027677,-5.077825,0.3450763,3.8758006,4.0406523,-2.5801837,11.894097,3.3882701,1
10.0,10,-2.4052837,-3.9546094,-1.7872078,-8.11174,-5.795412,-5.492371,-0.072080284,3.804703,3.9093025,-2.1315975,11.918373,3.7772124,1
10.0,10,-2.4039662,-3.9547825,-1.7871583,-8.114916,-5.7984266,-5.4919305,-0.07083991,3.8061998,3.911274,-2.1325912,11.919353,3.7751946,1
10.0,10,-2.4061387,-3.952777,-1.7887819,-8.113084,-5.797134,-5.4884953,-0.06728509,3.8049905,3.9117305,-2.1341805,11.918302,3.7725458,1
10.0,10,-2.406891,-3.951556,-1.7902215,-8.113031,-5.796616,-5.4867725,-0.065028936,3.8051212,3.9119675,-2.1355236,11.918513,3.7709355,1
10.0,10,-2.406718,-3.951137,-1.7883434,-8.108815,-5.79322,-5.4879146,-0.07021394,3.8022525,3.9098186,-2.133683,11.915512,3.7746613,1
10.0,10,-2.408429,-3.9498458,-1.7895613,-8.110917,-5.794945,-5.484349,-0.06534806,3.8029473,3.912952,-2.1352863,11.916174,3.769348,1
0.0,0,13.864207,5.50667,-3.9234564,-6.277884,-2.4377139,-3.7268822,1.7056661,8.387992,-8.654692,-7.544056,-0.8758811,2.0251956,1
0.0,0,13.864144,5.5065885,-3.9233491,-6.27758,-2.4375114,-3.7270432,1.7054429,8.387825,-8.6549,-7.5438867,-0.8760015,2.025498,1
0.0,0,13.864088,5.5065846,-3.9233253,-6.277592,-2.4375758,-3.7270463,1.705462,8.387813,-8.65483,-7.5438943,-0.8759576,2.0254724,1
0.0,0,13.86401,5.506586,-3.9232357,-6.277476,-2.437603,-3.7271283,1.7053838,8.387716,-8.654817,-7.543881,-0.8759483,2.0255713,1
0.0,0,13.864133,5.506732,-3.9233067,-6.277646,-2.43775,-3.7270029,1.7055045,8.3878,-8.654702,-7.544092,-0.8759172,2.0253916,1
0.0,0,13.864091,5.50652,-3.923383,-6.277744,-2.4375978,-3.7269928,1.7055811,8.387925,-8.654784,-7.5438476,-0.8759123,2.0253348,1
4.0,4,-2.9751613,0.9432208,-4.7717857,-0.16444895,11.1765785,9.909851,-0.24585363,-1.5499325,0.21051352,4.0304117,-4.557176,-4.483491,1
4.0,4,-2.9578192,0.9594303,-4.77927,-0.1339331,11.229038,9.881878,-0.29587623,-1.5548089,0.16343074,4.0276117,-4.5588813,-4.42852,1
4.0,4,-2.9814513,0.93694836,-4.7685657,-0.15869144,11.171154,9.9166355,-0.24056771,-1.5566168,0.215587,4.035388,-4.5649242,-4.4877167,1
4.0,4,-3.0053267,0.91430634,-4.7578673,-0.19172108,11.102214,9.957931,-0.1750054,-1.5560355,0.2770583,4.040051,-4.5702252,-4.558855,1
4.0,4,-3.0114996,0.90797716,-4.7512016,-0.17784786,11.123358,9.932425,-0.19637951,-1.5578763,0.25834122,4.0554767,-4.5630035,-4.532177,1
4.0,4,-2.9014955,1.0133425,-4.807252,-0.08656278,11.336982,9.83091,-0.39830604,-1.5536906,0.06521039,3.9979985,-4.5576167,-4.321432,1
5.0,5,-3.7618227,0.2785175,-4.115456,-1.739136,6.5648236,13.118072,3.813039,-2.042351,3.9870062,3.3961887,-5.7693515,-8.930795,1
5.0,5,-3.761544,0.27885166,-4.1152797,-1.7379452,6.563099,13.12083,3.8143551,-2.0440242,3.988183,3.3951523,-5.772034,-8.932228,1
5.0,5,-3.7621648,0.27818254,-4.115333,-1.7409866,6.563725,13.117441,3.8141356,-2.0411103,3.9878912,3.3963482,-5.7677855,-8.931945,1
5.0,5,-3.7588384,0.2814583,-4.116492,-1.7341952,6.563311,13.124973,3.8139033,-2.0469842,3.987038,3.3918123,-5.777391,-8.931657,1
5.0,5,-3.758209,0.28205433,-4.1171136,-1.7339855,6.5660458,13.123153,3.81153,-2.046275,3.9851046,3.3919227,-5.7761483,-8.929366,1
5.0,5,-3.761658,0.27867523,-4.1156363,-1.7395012,6.5652547,13.117539,3.8126962,-2.0418947,3.9867077,3.3961456,-5.7687325,-8.930494,1
11.0,11,1.2631305,-0.38157663,0.8680798,1.4651592,-1.5178952,-7.9039197,-7.366461,-2.1808357,-2.7284145,-3.958769,5.341243,12.368822,1
11.0,11,1.1207033,-0.2001263,0.6794506,1.5396931,-1.3198593,-7.5842094,-7.1527367,-2.1847174,-2.6806386,-4.0479736,5.2602854,12.094227,1
11.0,11,1.1404392,-0.27445665,0.7437263,1.4928192,-1.3918278,-7.68531,-7.206154,-2.1757672,-2.6714613,-3.9988253,5.3063054,12.159508,1
11.0,11,1.1960379,-0.2917768,0.79769295,1.5030795,-1.4328735,-7.7697935,-7.2737036,-2.1928535,-2.7051175,-4.001216,5.3057446,12.249079,1
11.0,11,1.2383443,-0.334439,0.84166527,1.4715291,-1.5003538,-7.8362722,-7.314789,-2.1903298,-2.7040238,-3.989947,5.3241625,12.303182,1
11.0,11,1.2590133,-0.36439434,0.8824889,1.4732176,-1.5214119,-7.8959727,-7.366649,-2.1968446,-2.7183645,-3.9641483,5.3282514,12.357783,1
9.0,9,-8.126115,-10.701881,2.7411797,-3.2184718,2.5091128,3.2699997,0.41148224,-0.9958324,4.9983435,14.020188,-1.4747828,-4.3473434,1
9.0,9,-8.167056,-10.608567,2.6775753,-3.1479628,2.5918798,3.384836,0.4867942,-1.038403,4.991476,13.945486,-1.5198894,-4.411558,1
9.0,9,-8.211747,-10.627416,2.715893,-3.09239,2.578115,3.3714612,0.45764062,-1.0825112,5.032606,13.917524,-1.4942876,-4.3839417,1
9.0,9,-8.131401,-10.71327,2.746565,-3.2130315,2.4975152,3.2769063,0.41433147,-1.0023975,5.018242,14.000337,-1.4651186,-4.3506527,1
9.0,9,-8.092571,-10.73565,2.750158,-3.2682266,2.4770265,3.2316306,0.39719203,-0.9619772,4.989286,14.052276,-1.4628202,-4.333231,1
9.0,9,-8.131406,-10.706759,2.7477832,-3.2124982,2.5053606,3.2665632,0.40626457,-1.0010803,5.0047774,14.017726,-1.4705544,-4.342952,1
8.0,8,-10.55291,-5.166646,4.5295453,-1.4870744,-3.888075,4.2436686,0.55118847,-4.296658,12.427085,3.4593754,3.3491907,-5.3135147,1
8.0,8,-10.539767,-5.162088,4.5509796,-1.493624,-3.920569,4.2178426,0.52893424,-4.2993555,12.438188,3.4456728,3.361897,-5.2959223,1
8.0,8,-10.545607,-5.1757674,4.527,-1.511675,-3.9048672,4.242449,0.5581267,-4.2818627,12.436978,3.4603846,3.359674,-5.323518,1
8.0,8,-10.544374,-5.225956,4.559587,-1.5095713,-3.9152813,4.185041,0.51409185,-4.2797227,12.422793,3.508898,3.3694634,-5.2744484,1
8.0,8,-10.537198,-5.229446,4.5522523,-1.5184817,-3.9107845,4.194467,0.5224538,-4.2722683,12.419907,3.512129,3.3637543,-5.284462,1
8.0,8,-10.542785,-5.196109,4.550963,-1.5009074,-3.9108772,4.206329,0.52463543,-4.2883716,12.427186,3.4810765,3.362113,-5.2878675,1
10.0,10,-1.5559853,-4.50444,-1.4327433,-8.454286,-6.348315,-6.4333935,-0.8390722,4.091577,3.5243661,-1.9097373,12.017009,4.6776085,1
10.0,10,-1.5244353,-4.45759,-1.4351525,-8.309731,-6.2749567,-6.4032407,-0.89421487,4.00225,3.4373374,-1.9333177,11.8970585,4.7604446,1
10.0,10,-1.5987698,-4.484435,-1.3920243,-8.102256,-6.1475415,-6.4165945,-0.9818071,3.8763847,3.3486795,-1.8453476,11.786387,4.8779774,1
10.0,10,-1.610929,-4.4273624,-1.5178354,-8.545755,-6.2739444,-6.353367,-0.73475564,4.1687765,3.569457,-1.9414022,12.092097,4.5288124,1
10.0,10,-1.5479574,-4.465597,-1.3776631,-8.200464,-6.2640977,-6.4104404,-0.9557729,3.9118307,3.4280834,-1.9185789,11.831342,4.822381,1
10.0,10,-1.4695613,-4.3861985,-1.4074299,-8.196372,-6.237782,-6.3991303,-0.9538516,3.923972,3.3666694,-1.9768357,11.791915,4.829978,1
3.0,3,-4.9108768,3.1738129,8.881426,15.169646,2.415359,-0.42611468,-5.4616914,-9.563501,0.35537502,-1.6248915,-7.0012364,3.4529598,1
3.0,3,-4.9108887,3.1738095,8.881421,15.1696615,2.4153714,-0.42611814,-5.4616857,-9.563506,0.3553637,-1.6248872,-7.001235,3.4529684,1
3.0,3,-4.910888,3.173851,8.881379,15.169734,2.415443,-0.42609107,-5.4616857,-9.563535,0.35530588,-1.6249249,-7.0012655,3.4530056,1
3.0,3,-4.9108667,3.1738462,8.881386,15.169711,2.4154215,-0.42609715,-5.461699,-9.563526,0.35531613,-1.624927,-7.0012627,3.4530046,1
3.0,3,-4.9108777,3.173811,8.881423,15.169644,2.415357,-0.42611635,-5.4616857,-9.5634985,0.35537288,-1.6248932,-7.001232,3.4529607,1
3.0,3,-4.910874,3.173811,8.881428,15.169637,2.4153514,-0.4261166,-5.4616904,-9.563498,0.35537967,-1.6248915,-7.0012336,3.452956,1
10.0,10,-3.5636113,-6.5763206,-0.068597436,-6.30017,-5.6126485,-7.6864557,-1.693085,2.7765837,2.958943,0.72294575,11.486399,6.2273254,1
10.0,10,-3.5671308,-6.579804,-0.06610435,-6.294765,-5.6097755,-7.689155,-1.6958995,2.7735233,2.9565866,0.7280703,11.48467,6.2315836,1
10.0,10,-3.5674055,-6.580031,-0.065856814,-6.29426,-5.6096373,-7.6892524,-1.6960627,2.773173,2.956462,0.72841984,11.484392,6.231847,1
10.0,10,-3.5680578,-6.5806913,-0.065357566,-6.2931957,-5.6090994,-7.689783,-1.6966212,2.7725644,2.9559932,0.72939163,11.4840355,6.232692,1
10.0,10,-3.5655923,-6.5782433,-0.06720251,-6.2973757,-5.6114273,-7.6876698,-1.6942959,2.7748969,2.957965,0.72567075,11.48539,6.2292747,1
10.0,10,-3.5668705,-6.579537,-0.06625348,-6.2951827,-5.610111,-7.6888785,-1.6956031,2.7737148,2.9568481,0.7276514,11.484744,6.2311716,1
1.0,1,6.796319,14.032184,-2.280539,2.0546696,1.5495857,0.6208813,0.11931214,0.7622842,-5.345323,-11.101842,-3.243466,0.40770108,1
1.0,0,12.473749,6.613749,-2.8501122,-3.923645,-2.3445802,-4.9920115,-0.04034784,6.6230297,-8.524095,-8.255481,-0.344182,4.0046177,0
1.0,0,10.744232,10.053894,-3.2968752,-1.692362,-1.845547,-3.4468637,0.6021174,4.755448,-7.5559254,-11.180413,-0.20928538,3.3967113,0
1.0,0,13.165256,6.658776,-3.32058,-4.854945,-2.5753508,-4.355903,0.670184,7.2547956,-8.418947,-8.518736,-0.50940347,3.1251304,0
1.0,1,7.6656694,13.205393,-2.3696396,1.1793393,0.6988952,-0.34167743,0.11801264,1.6329296,-5.730956,-11.076907,-2.5784168,1.028825,1
1.0,1,9.723751,12.273834,-4.148034,-0.20546827,-0.6899998,-1.6545885,1.6666907,3.7083693,-7.3745136,-12.839958,-0.74122024,2.413745,1
0.0,0,12.849646,4.502837,-4.5311265,-7.416226,-2.678557,-2.899404,2.9454315,9.137458,-7.6416745,-6.699606,-0.22603714,0.5704747,1
0.0,0,12.850583,4.5038095,-4.530875,-7.4154234,-2.6782775,-2.8996825,2.9446561,9.1369295,-7.6424513,-6.7004547,-0.22671258,0.57133496,1
0.0,0,12.844516,4.4976726,-4.534303,-7.4212604,-2.6784394,-2.8969724,2.9496539,9.141284,-7.6377754,-6.6950545,-0.2217474,0.565511,1
0.0,0,12.844846,4.497961,-4.5336294,-7.4207816,-2.6788845,-2.897361,2.9494035,9.1407995,-7.637931,-6.69532,-0.22217786,0.56588197,1
0.0,0,12.847968,4.5011673,-4.5320907,-7.417974,-2.6786675,-2.8986533,2.9468734,9.138741,-7.640302,-6.6981525,-0.22456586,0.56876814,1
0.0,0,12.849973,4.5031548,-4.531052,-7.4161024,-2.6784596,-2.899637,2.9451616,9.137413,-7.6419477,-6.69988,-0.22608232,0.5707773,1
9.0,8,-7.5113525,-7.0720024,1.8917408,-4.9728265,-1.5959625,6.58347,3.1729228,-1.0858471,9.8182,6.5341625,0.7174016,-8.100481,0
9.0,8,-8.4268265,-6.800791,2.787487,-3.9563825,-2.4881492,5.82972,2.365341,-2.0428832,10.811376,5.473427,1.6856276,-7.224409,0
9.0,8,-9.16532,-6.4261837,3.5189283,-3.1562688,-3.176537,5.1379557,1.6453799,-2.811095,11.514349,4.7442975,2.4172301,-6.4758654,0
9.0,8,-9.650884,-5.9610443,3.9286287,-2.5930471,-3.549281,4.7829647,1.2281181,-3.3484533,11.928712,4.2021804,2.817985,-6.0553093,0
9.0,8,-9.071682,-6.546278,3.408222,-3.2443154,-3.020871,5.240372,1.7504961,-2.7007058,11.375736,4.9091225,2.2852154,-6.568591,0
9.0,8,-7.7512465,-7.1201735,2.2320578,-4.734527,-1.9858739,6.2607207,2.872399,-1.3387135,10.176659,6.228056,1.0857093,-7.784749,0
1.0,1,9.978713,10.636736,-4.236148,-1.6254965,1.3650945,0.7782264,2.5698786,4.414739,-7.384276,-9.34943,-3.540824,-0.668885,1
1.0,1,9.976706,10.639854,-4.2370124,-1.6229341,1.3666139,0.77957475,2.5706418,4.4130697,-7.384087,-9.351856,-3.540586,-0.66913813,1
1.0,1,9.960482,10.65737,-4.2334743,-1.6048504,1.37785,0.791293,2.5681756,4.3965282,-7.3771057,-9.356356,-3.5483942,-0.67533314,1
1.0,1,9.979583,10.632565,-4.236727,-1.6294559,1.3644733,0.77842534,2.571989,4.4177513,-7.3842173,-9.34584,-3.5406637,-0.6711327,1
1.0,1,9.983206,10.63196,-4.2382417,-1.6307955,1.3624765,0.7754818,2.5717723,4.419947,-7.3866744,-9.348643,-3.5382614,-0.6675981,1
1.0,1,9.9725485,10.642195,-4.23413,-1.6195316,1.3692287,0.78276,2.5686824,4.408761,-7.38112,-9.34942,-3.544342,-0.6720051,1
2.0,9,-7.9599047,-10.685113,2.6373074,-3.4060261,2.5851102,3.3421748,0.47563502,-0.84982127,4.870468,14.17116,-1.6059521,-4.4606266,0
2.0,9,-7.9599047,-10.685113,2.6373074,-3.4060261,2.5851102,3.3421748,0.47563502,-0.84982127,4.870468,14.17116,-1.6059521,-4.4606266,0
2.0,9,-7.9598923,-10.685093,2.6372826,-3.4060376,2.5851374,3.3421998,0.4756542,-0.84980935,4.8704453,14.171171,-1.6059772,-4.4606485,0
2.0,9,-7.9598966,-10.685101,2.6372883,-3.4060452,2.58512,3.3421881,0.4756578,-0.84980637,4.8704534,14.171168,-1.6059628,-4.4606457,0
2.0,9,-7.9599047,-10.685113,2.6373074,-3.4060261,2.5851102,3.3421748,0.47563502,-0.84982127,4.870468,14.17116,-1.6059521,-4.4606266,0
2.0,9,-7.9599047,-10.685113,2.6373074,-3.4060261,2.5851102,3.3421748,0.47563502,-0.84982127,4.870468,14.17116,-1.6059521,-4.4606266,0
4.0,4,-0.513216,3.3631535,-4.2835054,2.4939773,13.451262,7.9490104,-3.6600256,-2.741894,-3.063497,2.356499,-5.7900577,-0.636254,1
4.0,4,-0.5131625,3.3632195,-4.2833476,2.4942157,13.451333,7.948809,-3.6602292,-2.74204,-3.063671,2.3564944,-5.7901483,-0.63598925,1
4.0,4,-0.51317286,3.3632221,-4.283301,2.4942877,13.451346,7.948773,-3.6602736,-2.7420905,-3.0636988,2.3565109,-5.790181,-0.635934,1
4.0,4,-0.5132042,3.3631806,-4.2833004,2.4943118,13.451384,7.948753,-3.6602905,-2.7420938,-3.0637212,2.356562,-5.790178,-0.635904,1
4.0,4,-0.5132668,3.363102,-4.2835617,2.493942,13.45133,7.949015,-3.6600292,-2.7418468,-3.0634975,2.35656,-5.790001,-0.6362586,1
4.0,4,-0.5131265,3.363272,-4.2832384,2.494404,13.451423,7.948646,-3.6604092,-2.7421443,-3.0638185,2.356499,-5.7902036,-0.6357688,1
9.0,9,-8.032809,-10.720444,2.7581756,-3.3407762,2.4400582,3.2128963,0.37646016,-0.9160555,4.993655,14.068425,-1.4549752,-4.3491545,1
9.0,9,-8.055262,-10.735219,2.7857482,-3.3114884,2.4221406,3.175997,0.34611353,-0.9372757,5.005835,14.060359,-1.4286697,-4.308482,1
9.0,9,-8.00738,-10.722198,2.7276218,-3.366321,2.474966,3.2314148,0.39949712,-0.88814586,4.9524393,14.10681,-1.4873179,-4.3691626,1
9.0,9,-8.035083,-10.745468,2.7653356,-3.3326538,2.451644,3.2000751,0.36561665,-0.9165401,4.979804,14.096255,-1.4617178,-4.3338947,1
9.0,9,-7.9951267,-10.7417145,2.718763,-3.3799636,2.4886084,3.236537,0.40786454,-0.873329,4.935153,14.134416,-1.5024123,-4.3762903,1
9.0,9,-7.9883084,-10.714158,2.7019794,-3.38746,2.5043278,3.2591977,0.42224106,-0.86880046,4.927146,14.13163,-1.5184847,-4.397972,1
0.0,0,11.4876585,3.1947072,-3.1056955,-5.135806,-1.8800743,-4.380849,1.5506021,7.552166,-8.528617,-4.7907043,-0.8319967,2.6847935,1
0.0,0,11.487672,3.194705,-3.1057096,-5.1358447,-1.8800851,-4.380841,1.5506244,7.5521955,-8.528607,-4.790709,-0.83198273,2.6847649,1
0.0,0,11.487671,3.194705,-3.1057098,-5.135844,-1.8800848,-4.3808403,1.5506244,7.5521946,-8.528607,-4.7907085,-0.83198285,2.684765,1
0.0,0,11.4876585,3.194707,-3.1056964,-5.135808,-1.8800752,-4.3808484,1.5506033,7.5521665,-8.528615,-4.7907043,-0.83199537,2.6847918,1
0.0,0,11.487659,3.194707,-3.1056964,-5.1358066,-1.8800757,-4.3808484,1.5506029,7.552166,-8.528616,-4.7907043,-0.8319961,2.6847928,1
0.0,0,11.4876585,3.1947072,-3.1056955,-5.135806,-1.8800743,-4.380849,1.5506021,7.552166,-8.528617,-4.7907043,-0.8319967,2.6847935,1
8.0,8,-10.565847,-4.597655,4.6095266,-0.73427594,-3.560958,4.2540293,0.2878674,-4.792379,12.1376705,3.0426848,3.054038,-4.929326,1
8.0,8,-10.53859,-4.541053,4.6297483,-0.69197667,-3.562715,4.2475886,0.27598485,-4.8260136,12.115748,2.992842,3.024404,-4.9081736,1
8.0,8,-10.526131,-4.5260215,4.631986,-0.67797637,-3.5639644,4.2392488,0.26873013,-4.8338633,12.103175,2.9736898,3.0204372,-4.890999,1
8.0,8,-10.53585,-4.5438085,4.639081,-0.66498303,-3.5516567,4.2253156,0.2534947,-4.838902,12.093201,2.9968698,3.018599,-4.87267,1
8.0,8,-10.547338,-4.554828,4.617226,-0.71460664,-3.5668232,4.2586584,0.2895865,-4.8104854,12.130467,3.001728,3.0376878,-4.927122,1
8.0,8,-10.543845,-4.5597773,4.623323,-0.6889504,-3.5457907,4.2465887,0.2638012,-4.823153,12.108282,3.014182,3.0227838,-4.8978662,1
3.0,3,-5.2881627,2.936428,9.116433,14.973687,2.211865,-0.4955368,-5.266636,-9.528561,0.69018304,-1.2879572,-6.822862,3.1451137,1
3.0,3,-5.2894006,2.9478686,9.109623,14.984002,2.2234058,-0.48476756,-5.2644258,-9.534514,0.685894,-1.2959008,-6.8301544,3.1434374,1
3.0,3,-5.2882395,2.9533474,9.10531,14.990081,2.2300134,-0.48070347,-5.26577,-9.537945,0.68156457,-1.300607,-6.833805,3.1464298,1
3.0,3,-5.2921576,2.9038644,9.136226,14.941745,2.1772795,-0.52255034,-5.2640686,-9.511004,0.7082081,-1.2637308,-6.799498,3.140499,1
3.0,3,-5.291479,2.9262128,9.122674,14.962752,2.200094,-0.50320995,-5.262752,-9.522527,0.69742656,-1.2802112,-6.814451,3.1408606,1
3.0,3,-5.2932386,2.9270205,9.122217,14.964932,2.2023525,-0.50210786,-5.2623477,-9.523864,0.6968397,-1.2799077,-6.815326,3.1407704,1
10.0,10,-2.3172987,-4.800728,-1.288069,-8.291313,-6.3362794,-6.301576,-0.4518266,3.9268892,3.858314,-1.5085723,12.122339,4.329132,1
10.0,10,-2.332648,-4.9238524,-1.2190726,-8.292713,-6.3709817,-6.420104,-0.5196904,3.9349973,3.8388681,-1.396316,12.151773,4.418664,1
10.0,10,-2.396649,-4.8957458,-1.1714661,-8.167471,-6.3849573,-6.3171654,-0.4728816,3.8114898,3.877621,-1.3962603,12.019801,4.365323,1
10.0,10,-2.3046079,-4.8861136,-1.1485403,-8.195248,-6.411857,-6.3842154,-0.5511602,3.8321044,3.8438618,-1.4222355,12.026696,4.434141,1
10.0,10,-2.257039,-4.9428144,-1.1964886,-8.357979,-6.419844,-6.488463,-0.5793822,3.9779646,3.83217,-1.4003077,12.184241,4.4618673,1
10.0,10,-2.2671769,-4.898619,-1.2657194,-8.379523,-6.3606353,-6.449676,-0.5449209,4.0113096,3.82274,-1.4378438,12.219241,4.429263,1
6.0,6,1.4093553,-1.5674179,-2.9964712,-8.258414,-6.0100265,2.5510306,12.10948,7.718983,0.52949536,0.41872483,0.11852002,-9.22642,1
6.0,6,1.3963083,-1.5439676,-3.0019114,-8.237185,-5.984506,2.5761592,12.1126585,7.702192,0.5291612,0.41448218,0.09906387,-9.239631,1
6.0,6,1.2866884,-1.4075142,-3.0052183,-8.098095,-5.8315187,2.7296503,12.116649,7.5803514,0.55707765,0.4085545,-0.021952152,-9.332231,1
6.0,6,1.3169048,-1.4502032,-2.999803,-8.140838,-5.878623,2.68349,12.113409,7.6155725,0.55250204,0.41552216,0.012841225,-9.307179,1
6.0,6,1.3571103,-1.4959098,-3.002717,-8.187853,-5.9307065,2.630454,12.114206,7.6589017,0.5394683,0.41250485,0.05631101,-9.272621,1
6.0,6,1.3984032,-1.5559189,-2.9946976,-8.246266,-5.9968257,2.564613,12.108561,7.707334,0.53370273,0.4203915,0.10701597,-9.235664,1
6.0,6,1.1428436,-0.44266817,-3.4301083,-7.2688856,-4.7897053,3.4964266,12.016927,7.052948,0.26924357,-0.13669711,-0.57346046,-9.397936,1
6.0,6,1.1428856,-0.44278738,-3.4301074,-7.2690234,-4.7898335,3.496316,12.016981,7.053059,0.2692426,-0.13666016,-0.573347,-9.397914,1
6.0,6,1.1441598,-0.4428521,-3.4311798,-7.2697396,-4.79005,3.4955802,12.017326,7.0541773,0.26816234,-0.13771206,-0.57236826,-9.39699,1
6.0,6,1.1436037,-0.44311377,-3.430678,-7.2696085,-4.790321,3.495773,12.017463,7.053843,0.26868173,-0.13717061,-0.57266414,-9.397451,1
6.0,6,1.1429951,-0.44266674,-3.4302282,-7.2690043,-4.789704,3.4963055,12.016915,7.0531,0.26912388,-0.1368137,-0.57329965,-9.39781,1
6.0,6,1.1427848,-0.4426498,-3.4299862,-7.2688794,-4.7896457,3.4963903,12.016724,7.0528817,0.2693412,-0.13661557,-0.5734595,-9.397923,1
1.0,11,3.908819,1.9919558,-0.2301287,0.5297822,-1.7041779,-7.5280347,-7.3398046,-1.1655108,-3.4417548,-6.888206,5.397653,12.194381,0
1.0,11,1.9484495,-0.5237408,1.3569505,1.1346123,-1.559617,-9.205535,-8.491247,-1.8673728,-3.201583,-3.776317,5.8058486,13.393353,0
1.0,11,2.5016406,-0.6044275,0.0965206,-3.2555058,-4.4098563,-8.210818,-5.19483,1.0719059,-0.8939479,-5.100057,8.176131,9.778119,0
1.0,0,11.574655,5.550398,-2.4731457,-4.005859,-2.5428298,-5.5924473,-0.534291,6.394041,-8.051751,-7.326659,0.35583198,4.5675077,0
1.0,0,11.9561405,3.629726,-4.2199764,-6.547785,-1.7357887,-3.890475,1.9425409,8.7571535,-8.217448,-5.4798846,0.08999789,1.8845308,0
1.0,11,2.945477,0.90193003,0.4662208,1.4863187,-1.1415908,-8.3048,-8.157172,-1.8268359,-3.7563665,-5.4043193,5.24291,13.203011,0
6.0,6,0.5203289,-0.45828363,-2.9625776,-7.0776815,-4.761312,3.8018594,12.042285,6.666247,0.78115726,0.39784986,-0.92726886,-9.948381,1
6.0,6,0.52074003,-0.4587055,-2.9627526,-7.0781817,-4.7618203,3.801369,12.0425,6.666763,0.7809464,0.39772218,-0.92676985,-9.948079,1
6.0,6,0.5187403,-0.45701322,-2.9619625,-7.076201,-4.7597547,3.803472,12.041891,6.664655,0.7820047,0.39842814,-0.92875683,-9.949646,1
6.0,6,0.5196389,-0.45724055,-2.9629908,-7.076756,-4.760204,3.803011,12.04278,6.665595,0.7811059,0.39751476,-0.92795324,-9.949056,1
6.0,6,0.5190747,-0.4574289,-2.961994,-7.076652,-4.7602367,3.8029983,12.041946,6.6650615,0.78190124,0.39841777,-0.928347,-9.949374,1
6.0,6,0.52017593,-0.4580767,-2.9626272,-7.077491,-4.7610936,3.8020852,12.04235,6.666096,0.7811706,0.39780718,-0.9274188,-9.948519,1
4.0,4,-1.6966786,2.1866534,-4.9682183,1.6607221,13.286831,8.987776,-2.5604374,-2.2334344,-2.0130272,3.3190434,-5.3436418,-1.935106,1
4.0,4,-1.6963814,2.1869345,-4.9685345,1.660365,13.287064,8.987711,-2.5605528,-2.2330792,-2.0131607,3.318754,-5.343325,-1.9350822,1
4.0,4,-1.6971854,2.1861758,-4.9679046,1.6610733,13.286598,8.9878645,-2.5602553,-2.2337854,-2.0127962,3.319519,-5.343896,-1.9351873,1
4.0,4,-1.695694,2.1876063,-4.9688354,1.6598924,13.287079,8.987708,-2.5606344,-2.2327092,-2.0132928,3.318012,-5.3430953,-1.9351406,1
4.0,4,-1.6936382,2.1895924,-4.969768,1.6590561,13.288273,8.986866,-2.561879,-2.231623,-2.0146267,3.3161864,-5.342219,-1.9341571,1
4.0,4,-1.693541,2.1897247,-4.9693727,1.6598314,13.288742,8.986169,-2.5626495,-2.2320201,-2.0152812,3.3162975,-5.342407,-1.9331973,1
8.0,8,-9.702623,-4.6988506,5.5923963,-0.73566794,-4.440641,3.06757,-0.39396825,-4.7216644,11.834198,3.00933,2.9202056,-4.2354326,1
8.0,8,-9.701339,-4.693303,5.5917883,-0.7275945,-4.4345055,3.0690317,-0.39747956,-4.7270975,11.829176,3.0060072,2.9151082,-4.2306366,1
8.0,8,-9.647129,-4.6385465,5.622548,-0.6836021,-4.4426985,3.0455797,-0.42625716,-4.7533755,11.791847,2.9561267,2.874033,-4.195422,1
8.0,8,-9.661925,-4.669613,5.6264734,-0.69690573,-4.446496,3.0329597,-0.43277934,-4.74738,11.800077,2.9845479,2.8899865,-4.189048,1
8.0,8,-9.692563,-4.673431,5.5857177,-0.7262372,-4.435785,3.0817895,-0.3862374,-4.725733,11.829098,2.985884,2.9081388,-4.243534,1
8.0,8,-9.707777,-4.7043295,5.5894966,-0.74032426,-4.440352,3.0697024,-0.39065126,-4.718458,11.837968,3.0142148,2.9243426,-4.23946,1
3.0,3,-6.3671694,0.15660052,10.794761,12.333118,-0.6243111,-2.5589716,-4.426817,-8.1262245,2.499157,0.98120695,-4.6778693,2.2280438,1
3.0,3,-6.3671694,0.15660052,10.794761,12.333118,-0.6243111,-2.5589716,-4.426817,-8.1262245,2.499157,0.98120695,-4.6778693,2.2280438,1
3.0,3,-6.3671694,0.15660052,10.794761,12.333118,-0.6243111,-2.5589716,-4.426817,-8.1262245,2.499157,0.98120695,-4.6778693,2.2280438,1
3.0,3,-6.3671694,0.15660052,10.794761,12.333118,-0.6243111,-2.5589716,-4.426817,-8.1262245,2.499157,0.98120695,-4.6778693,2.2280438,1
3.0,3,-6.3671694,0.15660052,10.794761,12.333118,-0.6243111,-2.5589716,-4.426817,-8.1262245,2.499157,0.98120695,-4.6778693,2.2280438,1
3.0,3,-6.3671694,0.15660052,10.794761,12.333118,-0.6243111,-2.5589716,-4.426817,-8.1262245,2.499157,0.98120695,-4.6778693,2.2280438,1
11.0,11,0.76252997,-0.69527566,2.2425954,3.6339922,-1.5894902,-7.510833,-8.285304,-4.203359,-2.694586,-3.1242068,3.2115064,13.0143,1
11.0,11,0.76265323,-0.70003814,2.2451687,3.6294165,-1.5939173,-7.5153413,-8.285893,-4.2005906,-2.692759,-3.1208072,3.215094,13.014745,1
11.0,11,0.76295257,-0.6940688,2.2420418,3.6345294,-1.5882332,-7.5104146,-8.285903,-4.203536,-2.6952016,-3.1249392,3.211142,13.01457,1
11.0,11,0.76372075,-0.6981668,2.2440298,3.6307392,-1.5921469,-7.514372,-8.286647,-4.2011414,-2.6940806,-3.1223896,3.214005,13.015514,1
11.0,11,0.7615663,-0.70081854,2.2467268,3.6298788,-1.5944304,-7.515144,-8.286543,-4.2016463,-2.6915684,-3.119168,3.2141023,13.01418,1
11.0,11,0.7627002,-0.69593525,2.2429807,3.6333492,-1.5901195,-7.511534,-8.285549,-4.202962,-2.6943984,-3.1237497,3.2119598,13.014486,1
11.0,11,0.9402877,-1.1088908,2.3233786,2.777395,-1.9786752,-8.246292,-8.335482,-3.5272067,-2.6230469,-2.9147007,4.034317,13.112453,1
11.0,11,0.94021785,-1.1091521,2.323425,2.7772472,-1.978962,-8.2464,-8.335259,-3.5271041,-2.6229596,-2.9146085,4.034467,13.112404,1
11.0,11,0.9401295,-1.109042,2.3234613,2.777376,-1.9788584,-8.246259,-8.335288,-3.527237,-2.62291,-2.914591,4.034319,13.112318,1
11.0,11,0.9402863,-1.1092542,2.3233035,2.7769063,-1.9791065,-8.246636,-8.335072,-3.5267746,-2.623001,-2.9146688,4.0348597,13.112404,1
11.0,11,0.93964875,-1.1095307,2.3238416,2.7774835,-1.9793439,-8.246147,-8.33493,-3.5274878,-2.6224945,-2.9141443,4.0341415,13.112003,1
11.0,11,0.9402553,-1.1089531,2.3234003,2.7774334,-1.9787391,-8.246272,-8.335425,-3.527242,-2.623029,-2.9146764,4.0342803,13.112446,1
9.0,9,-7.907677,-10.257715,2.4914494,-3.0045965,2.953542,3.6014488,0.42972288,-1.0800929,4.6543493,13.901625,-1.9004756,-4.404874,1
9.0,9,-7.9075117,-10.271147,2.4981284,-3.0162184,2.9402761,3.5899873,0.42703053,-1.0737784,4.660696,13.909229,-1.8903854,-4.402486,1
9.0,9,-7.9082766,-10.263252,2.4960952,-3.0083716,2.9455929,3.5941188,0.4266362,-1.0788175,4.6582823,13.902983,-1.8940756,-4.401252,1
9.0,9,-7.9087124,-10.277715,2.4997902,-3.0231733,2.9355235,3.5870242,0.42960343,-1.0693957,4.6636224,13.914834,-1.8865092,-4.405321,1
9.0,9,-7.904139,-10.264135,2.498395,-3.0089347,2.9436495,3.590838,0.42309794,-1.078242,4.656664,13.903366,-1.895238,-4.3982897,1
9.0,9,-7.9055367,-10.2575,2.4936988,-3.0030372,2.9516132,3.5981386,0.42512557,-1.0815082,4.653948,13.899773,-1.9000235,-4.4002695,1
6.0,7,7.586467,-0.5413508,-5.279967,-10.86431,-3.224629,-2.6986053,6.303583,11.682874,-4.4717216,-1.6788051,3.5626569,-2.9114728,0
6.0,7,7.5891795,-0.5388959,-5.2816195,-10.8586445,-3.2185853,-2.6986675,6.297973,11.680345,-4.4771013,-1.6802642,3.5591764,-2.905369,0
6.0,7,7.5852356,-0.5444196,-5.2783365,-10.863161,-3.2233417,-2.702369,6.3006935,11.682755,-4.473295,-1.6751418,3.563671,-2.9079516,0
6.0,7,7.578283,-0.55170316,-5.2734303,-10.861277,-3.2255101,-2.7058794,6.3019958,11.680987,-4.4713573,-1.666914,3.5644321,-2.9077613,0
6.0,7,7.5978527,-0.52407354,-5.291081,-10.847592,-3.201922,-2.692359,6.289614,11.676118,-4.4891596,-1.6922221,3.551372,-2.89697,0
6.0,7,7.592787,-0.5365564,-5.282929,-10.878611,-3.235515,-2.6935759,6.311821,11.690138,-4.4634633,-1.6879003,3.5673957,-2.9231708,0
1.0,1,6.3148737,13.86964,-1.8788784,2.5176594,1.2184774,1.052769,0.51375675,0.30986553,-4.9074244,-10.905117,-3.755661,-0.09559572,1
1.0,1,6.315105,13.8698225,-1.8789709,2.5179484,1.2186027,1.0526849,0.51343966,0.30976027,-4.907627,-10.9054985,-3.755639,-0.09517139,1
1.0,1,6.314962,13.869685,-1.8789876,2.5174575,1.2185355,1.0527767,0.513855,0.3100335,-4.907508,-10.905053,-3.7556367,-0.09570074,1
1.0,1,6.3149767,13.869438,-1.8790567,2.5170922,1.2182949,1.0526038,0.5141506,0.31032902,-4.9074864,-10.904984,-3.7553468,-0.095799506,1
1.0,1,6.3151016,13.869708,-1.879019,2.5176916,1.2184948,1.0526239,0.5136415,0.3099491,-4.9076133,-10.905397,-3.7555113,-0.09530413,1
1.0,1,6.3150167,13.869567,-1.8790214,2.5174077,1.2183936,1.052648,0.5139102,0.31011313,-4.9075346,-10.905155,-3.755476,-0.09558451,1
3.0,2,-3.2553232,-0.16417737,10.88527,8.193929,-4.3179135,-3.217244,-4.4675436,-5.890285,3.8972762,-0.32654446,-3.4546938,1.3725264,0
3.0,2,-3.2532594,-0.1601878,10.883008,8.198624,-4.31294,-3.2141554,-4.4700465,-5.89281,3.894182,-0.32969934,-3.4585547,1.3746781,0
3.0,2,-3.2579596,-0.16666491,10.886385,8.188822,-4.3228583,-3.2189682,-4.462839,-5.8875475,3.9006493,-0.32455343,-3.4506993,1.3686681,0
3.0,2,-3.245892,-0.14713927,10.875882,8.221207,-4.2904778,-3.205248,-4.484539,-5.904671,3.8790371,-0.33868545,-3.4749084,1.3885424,0
3.0,2,-3.2456136,-0.146288,10.875476,8.223068,-4.2887406,-3.204614,-4.4856367,-5.905682,3.878003,-0.33923298,-3.4760857,1.3895855,0
3.0,2,-3.2535906,-0.1605763,10.883341,8.199449,-4.312366,-3.2144825,-4.470726,-5.893254,3.893868,-0.32918173,-3.4587784,1.3753744,0
0.0,0,14.175261,5.792357,-4.059726,-6.156699,-2.2196617,-3.5926917,1.6192567,8.35693,-8.897366,-7.795104,-1.1092826,2.099299,1
0.0,0,14.0554695,5.5910015,-3.9989989,-6.121342,-2.1632378,-3.7239363,1.5544859,8.352924,-8.938476,-7.5662947,-1.0622667,2.2068937,1
0.0,0,13.850763,5.446769,-3.8669217,-5.646309,-1.8216395,-3.9673316,1.212918,8.107482,-9.211731,-7.280533,-1.1681343,2.660066,1
0.0,0,14.037298,5.629883,-4.0223074,-5.9903455,-2.0345638,-3.699455,1.5173702,8.295804,-9.024391,-7.562324,-1.1358569,2.2635968,1
0.0,0,14.156976,5.757395,-4.07135,-6.170874,-2.1986659,-3.5921738,1.6360692,8.37589,-8.90416,-7.7549872,-1.1011629,2.0876925,1
0.0,0,13.991734,5.712241,-3.9980614,-6.0093946,-2.1380453,-3.685726,1.5505252,8.274527,-8.916678,-7.6611667,-1.0721532,2.20852,1
2.0,2,-4.336443,-1.6873771,11.859064,6.6889834,-5.927482,-4.013857,-3.5231526,-5.1669583,5.3436804,0.9344556,-2.137672,0.2671144,1
2.0,2,-4.3367105,-1.6876065,11.859208,6.689351,-5.9272017,-4.0140867,-3.5233605,-5.16713,5.3434763,0.93482727,-2.1377325,0.26742965,1
2.0,2,-4.3374057,-1.68808,11.859503,6.689415,-5.9272275,-4.014362,-3.5231001,-5.167145,5.3436413,0.9354616,-2.1374888,0.2672854,1
2.0,2,-4.337291,-1.6877248,11.859206,6.687849,-5.928467,-4.0136504,-3.5217106,-5.1663985,5.34482,0.9347133,-2.136838,0.2656061,1
2.0,2,-4.336454,-1.6891141,11.860367,6.693662,-5.923983,-4.0168996,-3.5281007,-5.1690645,5.3398013,0.9372477,-2.1395335,0.27301848,1
2.0,2,-4.336808,-1.6874709,11.859142,6.6897006,-5.9268847,-4.013994,-3.5234106,-5.1672974,5.3432913,0.9348063,-2.1379042,0.2675385,1
11.0,11,1.8950871,0.4485483,1.1475203,2.2225752,-0.80867743,-8.010665,-8.609037,-2.7801757,-3.2788956,-4.285323,4.5928817,13.137996,1
11.0,11,1.9450816,0.39483604,1.144444,2.140514,-0.8592162,-8.096554,-8.6264715,-2.7080946,-3.2936146,-4.281132,4.6740594,13.183521,1
11.0,11,2.0755913,0.16750853,1.0748892,1.7488016,-1.1220316,-8.334645,-8.51919,-2.3798552,-3.2674308,-4.285364,5.029003,13.209415,1
11.0,11,1.9963278,0.8331893,1.0347953,2.4909627,-0.46114624,-7.801495,-8.780811,-2.9544547,-3.428242,-4.5160418,4.356736,13.198017,1
11.0,11,1.8958217,0.471104,1.1634219,2.3882506,-0.6986778,-8.019674,-8.7132635,-2.8780708,-3.3735428,-4.272259,4.4958324,13.2611065,1
11.0,11,1.9072732,0.6135381,1.1310937,2.4051356,-0.6294006,-7.9066906,-8.713237,-2.9122016,-3.3479083,-4.348542,4.4345026,13.178445,1
11.0,11,1.4598331,0.043709673,1.5636199,2.5025785,-1.0776192,-8.039506,-8.482715,-3.08297,-3.0524588,-3.8180037,4.368995,13.041739,1
11.0,11,1.483091,0.080106534,1.5305974,2.5068226,-1.0625975,-8.017077,-8.465571,-3.0757527,-3.0706158,-3.8637133,4.3652287,13.037506,1
11.0,11,1.4506978,0.02201275,1.5828717,2.483508,-1.0993404,-8.053475,-8.484915,-3.0772579,-3.0335274,-3.795223,4.3796062,13.033787,1
11.0,11,1.469157,0.07486484,1.545232,2.5217094,-1.054812,-8.016533,-8.479706,-3.0915003,-3.0658727,-3.8449333,4.352414,13.040104,1
11.0,11,1.4818288,0.06817291,1.5379052,2.4944644,-1.0735253,-8.027209,-8.468228,-3.0699623,-3.0635781,-3.8539357,4.374203,13.0373745,1
11.0,11,1.4621145,0.04397688,1.5630789,2.4940279,-1.083325,-8.039658,-8.47936,-3.078088,-3.048286,-3.8202765,4.3735304,13.036765,1
7.0,6,1.6747338,-0.8763637,-3.9531925,-7.7903094,-5.3602376,2.9784758,12.658615,7.779593,-0.19739331,-0.6025552,0.1492145,-9.006915,0
7.0,6,2.2459426,-0.5071823,-4.4152126,-7.9801497,-4.9263234,2.7070806,12.346929,8.169752,-0.73788,-1.0776079,0.48476064,-8.548821,0
7.0,6,1.9302825,-0.60908264,-4.2557597,-7.697672,-5.1120634,3.052635,12.636493,7.839879,-0.49390212,-0.9413267,0.13114488,-8.834082,0
7.0,6,2.61961,-0.27540174,-4.743161,-8.105081,-4.516749,2.405466,12.056163,8.48015,-1.1949987,-1.3441133,0.79574347,-8.134892,0
7.0,6,4.457844,1.7218945,-6.3687406,-7.863472,-1.5952499,1.6069002,9.980306,9.301329,-3.5673068,-2.8930461,1.4411931,-6.081752,0
7.0,7,5.082081,2.1737285,-6.6770315,-7.771782,-0.9990034,1.4090596,9.270751,9.427442,-4.129977,-3.2931888,1.449771,-5.466014,1
1.0,1,6.421379,13.847341,-2.0686219,2.165963,1.4022934,0.87169385,0.38776645,0.5420757,-5.0615416,-10.770128,-3.496786,0.04630059,1
1.0,1,6.421378,13.84733,-2.068621,2.1659563,1.4022876,0.8716927,0.38777253,0.54207927,-5.0615396,-10.77012,-3.4967847,0.046297967,1
1.0,1,6.4213743,13.84733,-2.0686176,2.1659622,1.4022857,0.871696,0.38777313,0.54207295,-5.061537,-10.770119,-3.496789,0.046297193,1
1.0,1,6.4213862,13.847355,-2.0686247,2.1659644,1.4023031,0.8716904,0.38775715,0.54207915,-5.0615478,-10.770138,-3.4967828,0.046305537,1
1.0,1,6.4214106,13.847352,-2.0686305,2.1659338,1.4022994,0.8716827,0.38778362,0.54211897,-5.0615635,-10.77013,-3.4967837,0.04627788,1
1.0,1,6.421376,13.847335,-2.068619,2.1659648,1.4022884,0.871695,0.38777038,0.5420727,-5.0615387,-10.770124,-3.4967885,0.04629898,1
4.0,4,-0.4163119,3.483672,-4.4851723,2.14759,13.3179865,8.15401,-3.4546854,-2.5289814,-2.8763955,2.147205,-5.643133,-0.9387361,1
4.0,4,-0.41646257,3.4835114,-4.485268,2.1475093,13.31803,8.154119,-3.454587,-2.528918,-2.876308,2.147359,-5.64308,-0.9388554,1
4.0,4,-0.4169431,3.4830587,-4.4855065,2.147331,13.318159,8.154358,-3.4543583,-2.5287542,-2.8760579,2.1478004,-5.6428804,-0.9391372,1
4.0,4,-0.41648498,3.4834352,-4.4855886,2.1470537,13.317965,8.154436,-3.4542692,-2.528613,-2.8760643,2.1473267,-5.6428866,-0.9392767,1
4.0,4,-0.41620174,3.4838006,-4.4849143,2.147969,13.318078,8.153704,-3.455,-2.5292199,-2.8766694,2.1471694,-5.6432977,-0.9383266,1
4.0,4,-0.41636637,3.483605,-4.4850655,2.1478264,13.318158,8.153822,-3.4548707,-2.5290902,-2.876585,2.147361,-5.643201,-0.93848157,1
8.0,8,-10.502967,-5.239444,5.23143,-0.62486863,-3.814179,3.2773905,-0.3744829,-4.8327165,11.885752,3.6822097,3.165228,-4.1400576,1
8.0,8,-10.354138,-5.2428355,5.247667,-0.64338386,-3.8779554,3.1380599,-0.47188607,-4.8048024,11.78309,3.6329658,3.1796088,-3.9757864,1
8.0,8,-10.610986,-5.2757106,5.144402,-0.6824751,-3.769174,3.396683,-0.27021995,-4.790038,11.965661,3.7245147,3.2082448,-4.274501,1
8.0,8,-10.438296,-5.1420174,5.2386575,-0.572055,-3.8102922,3.283246,-0.38903216,-4.8726683,11.842811,3.5884182,3.115223,-4.110487,1
8.0,8,-10.441646,-5.213277,5.230015,-0.6293932,-3.8347473,3.253359,-0.39971378,-4.8289747,11.856476,3.6391013,3.1582074,-4.1005507,1
8.0,8,-10.544811,-5.260884,5.1956763,-0.65804136,-3.8025675,3.322489,-0.33186463,-4.809136,11.921588,3.7024677,3.1885147,-4.1955585,1
1.0,1,6.7162027,13.223368,-2.2783713,1.0224229,0.5361891,0.06430293,1.1734877,1.6564976,-5.0925174,-10.875023,-2.326089,-0.057763815,1
1.0,1,7.2172422,12.822597,-2.6463373,0.54573536,0.3097192,-0.15672755,1.5188122,2.2092931,-5.4554563,-10.962681,-2.0537257,0.09865004,1
1.0,1,6.985351,12.974922,-2.476341,0.72884417,0.43980837,-0.026177041,1.3648114,1.9727731,-5.2797365,-10.85725,-2.2095518,-0.01993382,1
1.0,1,7.13323,12.8704,-2.5757124,0.6234782,0.50465024,0.023487695,1.4069264,2.0859325,-5.3899274,-10.785118,-2.282617,-0.040888965,1
1.0,1,7.2292557,12.718467,-2.6524694,0.45411387,0.39611244,-0.06665646,1.527263,2.2564852,-5.4461966,-10.779892,-2.1556072,-0.0205068,1
1.0,1,6.7216067,13.236295,-2.2816265,1.03502,0.5487354,0.071660526,1.1623096,1.6478982,-5.0987887,-10.882877,-2.3375044,-0.051540554,1
8.0,9,-7.9971347,-10.70673,2.669183,-3.38535,2.5474005,3.2980874,0.46179745,-0.86764234,4.8982277,14.15684,-1.5591375,-4.427763,0
8.0,5,-6.7090297,-4.0031424,0.9569359,-2.7123349,-0.3167336,7.777034,6.054721,-0.39977115,7.492488,4.5161576,-1.587062,-10.037777,0
8.0,9,-10.9822445,-10.844769,5.9342,-0.06996271,-0.42042065,0.2722367,-2.5582356,-3.8888137,8.020338,11.334295,1.7387348,-1.0656953,0
8.0,5,-5.498057,-4.3554306,-1.5105937,-6.200803,2.6294496,7.833791,4.154682,0.9120856,6.021727,7.0263486,-0.64029753,-8.802406,0
8.0,9,-8.089021,-10.225828,2.437332,-3.2315266,2.6727371,3.7350814,0.75882995,-0.9944629,5.0120525,13.669838,-1.6140434,-4.7294903,0
8.0,9,-8.1770935,-10.578882,2.7275264,-3.1245222,2.6174226,3.350962,0.40394124,-1.0627658,4.982125,14.018351,-1.5495329,-4.3851233,0
6.0,6,0.87251294,-0.65247613,-3.2530985,-7.3667903,-5.026117,3.524356,12.292532,7.051154,0.5030036,0.13933939,-0.5716294,-9.694291,1
6.0,6,0.87239814,-0.65248543,-3.2529705,-7.3667555,-5.0261035,3.524398,12.292465,7.051063,0.50312173,0.1394729,-0.5717088,-9.69438,1
6.0,6,0.8719647,-0.6516375,-3.2531495,-7.365916,-5.02517,3.525268,12.292464,7.0504136,0.50309634,0.13924628,-0.5724002,-9.694742,1
6.0,6,0.8725743,-0.65242666,-3.2532253,-7.3667655,-5.026083,3.5243793,12.292621,7.051193,0.5029026,0.13920873,-0.5716002,-9.694246,1
6.0,6,0.87246025,-0.6524244,-3.2530956,-7.366732,-5.026056,3.5244195,12.292539,7.051102,0.5030204,0.13934094,-0.5716779,-9.694334,1
6.0,6,0.87244856,-0.65250725,-3.2530215,-7.366797,-5.026138,3.524356,12.292506,7.0511227,0.5030768,0.13942295,-0.57164764,-9.694341,1
4.0,4,-0.2295014,3.7013388,-4.204783,2.4626305,13.299909,7.8896866,-3.7305753,-2.7697012,-3.0799577,1.9865537,-5.812266,-0.6031018,1
4.0,4,-0.22948232,3.7014184,-4.2046695,2.4628046,13.299951,7.8895435,-3.7307441,-2.769817,-3.0800505,1.9865165,-5.8122997,-0.6029085,1
4.0,4,-0.22957101,3.7013602,-4.2045193,2.4631398,13.3001375,7.8893113,-3.7310112,-2.7699983,-3.0802505,1.986664,-5.81237,-0.60255986,1
4.0,4,-0.22968319,3.7011952,-4.2049494,2.4624865,13.2999735,7.8898063,-3.7304895,-2.769581,-3.079825,1.9866683,-5.8121033,-0.60323465,1
4.0,4,-0.22948292,3.701401,-4.2047048,2.4627464,13.299921,7.889601,-3.7306821,-2.7697828,-3.080009,1.9865115,-5.812292,-0.60298085,1
4.0,4,-0.22949758,3.701477,-4.204344,2.4631994,13.299915,7.889305,-3.7309706,-2.7701223,-3.0801797,1.9865329,-5.8124876,-0.60260403,1
5.0,5,-3.8161416,0.2215765,-4.094246,-1.7936842,6.6822104,12.914821,3.7110188,-1.9518769,3.917337,3.5064805,-5.5915375,-8.822329,1
5.0,5,-3.8161547,0.22156195,-4.0942354,-1.7936401,6.6822543,12.914791,3.7109778,-1.951895,3.9173007,3.506511,-5.5915456,-8.822277,1
5.0,5,-3.8161495,0.22156541,-4.0942426,-1.7936649,6.682275,12.914755,3.7109616,-1.9518654,3.917285,3.5065143,-5.5915055,-8.822263,1
5.0,5,-3.8161705,0.22154407,-4.0942283,-1.7936373,6.682304,12.9147215,3.7109342,-1.9518757,3.917262,3.50655,-5.591502,-8.822225,1
5.0,5,-3.816188,0.22152595,-4.094218,-1.7936383,6.6823125,12.914694,3.7109282,-1.9518692,3.9172573,3.5065758,-5.591484,-8.822214,1
5.0,5,-3.8163207,0.22141032,-4.0941257,-1.7938911,6.68185,12.914897,3.7113407,-1.9518344,3.9176478,3.5065806,-5.591462,-8.822662,1
0.0,0,12.094729,5.0673566,-3.0857801,-4.4536343,-1.0821556,-3.7603014,0.71344435,6.876094,-8.692025,-5.933614,-1.6567124,2.6697996,1
0.0,0,12.094498,5.067535,-3.085645,-4.453431,-1.0820366,-3.7601535,0.7133423,6.87585,-8.691864,-5.933567,-1.6568547,2.6696868,1
0.0,0,12.09301,5.0687003,-3.0848062,-4.4519744,-1.080723,-3.758932,0.7124555,6.8741565,-8.690977,-5.932941,-1.6581981,2.6688797,1
0.0,0,12.0937,5.068077,-3.0852034,-4.4526143,-1.081295,-3.7595582,0.71286345,6.8749585,-8.691471,-5.933169,-1.6575743,2.6693294,1
0.0,0,12.095068,5.067,-3.0859697,-4.4539714,-1.082417,-3.760646,0.7135953,6.876497,-8.692275,-5.9336715,-1.6563815,2.6700637,1
0.0,0,12.094585,5.0675964,-3.0857158,-4.453479,-1.0820153,-3.7601187,0.71337104,6.8759017,-8.691903,-5.9336514,-1.6568538,2.6696663,1
7.0,7,7.788745,-0.47679493,-5.2427325,-11.741251,-4.4001884,-2.163699,7.1489773,11.954836,-3.594977,-2.130291,3.6541452,-3.9610112,1
7.0,7,7.791234,-0.47377977,-5.2447143,-11.740407,-4.3975434,-2.1628954,7.1472383,11.9549,-3.5970848,-2.13307,3.6534204,-3.9595501,1
7.0,7,7.788315,-0.47553083,-5.243177,-11.738719,-4.400197,-2.1602566,7.1504416,11.952504,-3.5945053,-2.1316075,3.651001,-3.9623206,1
7.0,7,7.7951584,-0.46918544,-5.2476196,-11.737746,-4.393087,-2.1612604,7.1440053,11.954026,-3.60082,-2.1372533,3.6510735,-3.9565837,1
7.0,7,7.7924347,-0.4717084,-5.2460494,-11.739242,-4.395751,-2.1616294,7.1465836,11.9544,-3.598296,-2.1349087,3.6523166,-3.9589918,1
7.0,7,7.788847,-0.47650084,-5.2429333,-11.741083,-4.3998537,-2.1635656,7.1488914,11.95479,-3.595175,-2.13051,3.654055,-3.9609253,1
9.0,9,-8.085112,-10.753386,2.763326,-3.2796264,2.506847,3.260154,0.38659468,-0.9568923,4.9927344,14.109748,-1.5039561,-4.3690357,1
9.0,9,-8.084964,-10.753505,2.7628634,-3.2798884,2.5062847,3.2599392,0.38717428,-0.95663303,4.992664,14.108889,-1.503349,-4.368782,1
9.0,9,-8.085053,-10.7542,2.7637293,-3.2798824,2.5057635,3.259041,0.38623318,-0.95675856,4.992985,14.10947,-1.5030366,-4.368144,1
9.0,9,-8.085947,-10.752321,2.7630215,-3.2783034,2.5079584,3.2611616,0.38689926,-0.95775396,4.9927125,14.109177,-1.5044707,-4.3693914,1
9.0,9,-8.085969,-10.754145,2.7644846,-3.2786791,2.5057268,3.2589915,0.38559756,-0.95773095,4.9937806,14.108972,-1.5027553,-4.367791,1
9.0,9,-8.085558,-10.753717,2.7639053,-3.2791111,2.5063605,3.2596352,0.38609126,-0.95734054,4.9932528,14.109386,-1.5034162,-4.368458,1
5.0,5,-4.000386,0.045332707,-3.997835,-2.0733335,6.529413,12.722727,3.8622253,-1.767005,4.08021,3.6903784,-5.281641,-8.976542,1
5.0,5,-4.0003,0.045410074,-3.9979131,-2.0733712,6.529669,12.722513,3.8620121,-1.7668777,4.0800104,3.6903675,-5.2814655,-8.976329,1
5.0,5,-4.000347,0.0453668,-3.9978693,-2.0733576,6.5295234,12.722631,3.8621342,-1.7669436,4.080123,3.6903741,-5.281558,-8.976452,1
5.0,5,-4.0002127,0.04548625,-3.9979846,-2.0732815,6.5300403,12.722252,3.8616886,-1.7668087,4.0797067,3.6903927,-5.2813435,-8.975984,1
5.0,5,-4.000396,0.04532174,-3.997831,-2.0733356,6.52945,12.722676,3.8621948,-1.7669866,4.080181,3.690407,-5.2816067,-8.976506,1
5.0,5,-4.0003486,0.045364298,-3.9978712,-2.0733378,6.529573,12.72259,3.8620903,-1.7669395,4.080085,3.6903918,-5.2815423,-8.976402,1
2.0,2,-3.8984685,-1.4562232,11.679857,6.4588876,-6.0551972,-3.846247,-3.6117656,-5.078324,5.359188,0.55030364,-2.184895,0.2608828,1
2.0,2,-3.8984685,-1.4562232,11.679857,6.4588876,-6.0551972,-3.846247,-3.6117656,-5.078324,5.359188,0.55030364,-2.184895,0.2608828,1
2.0,2,-3.8984685,-1.4562232,11.679857,6.4588876,-6.0551972,-3.846247,-3.6117656,-5.078324,5.359188,0.55030364,-2.184895,0.2608828,1
2.0,2,-3.8984685,-1.4562232,11.679857,6.4588876,-6.0551972,-3.846247,-3.6117656,-5.078324,5.359188,0.55030364,-2.184895,0.2608828,1
2.0,2,-3.8984685,-1.4562232,11.679857,6.4588876,-6.0551972,-3.846247,-3.6117656,-5.078324,5.359188,0.55030364,-2.184895,0.2608828,1
2.0,2,-3.8984685,-1.4562232,11.679857,6.4588876,-6.0551972,-3.846247,-3.6117656,-5.078324,5.359188,0.55030364,-2.184895,0.2608828,1
8.0,8,-10.745415,-5.13579,4.594334,-1.1651695,-3.8121524,3.9939306,0.37485394,-4.4717765,12.293878,3.4556746,3.4461565,-4.9496565,1
8.0,8,-9.885774,-4.895999,4.3500323,-1.1633968,-4.0081725,3.1809185,0.14559111,-4.2181973,11.393316,2.8283203,3.6882854,-3.9162848,1
8.0,11,0.0869571,1.476158,1.3511789,1.7263436,-1.9113106,-4.187935,-5.736492,-3.6360667,0.06494844,-4.859572,3.4887185,8.463847,0
8.0,8,-6.9895854,-3.7337897,3.781645,-1.448057,-4.5391955,0.96497595,-0.98872447,-3.4665432,8.992501,0.8102682,4.2182393,-1.1166475,1
8.0,11,-1.547915,0.69931686,2.010622,0.5534322,-3.1331854,-1.9767755,-3.9485285,-3.6722841,3.1160412,-4.0449142,3.3738904,4.9329014,0
8.0,8,-7.026623,-3.5400314,4.0853395,-0.69931185,-3.990531,1.4748152,-1.416451,-4.0313363,9.083918,0.7967604,3.5554876,-1.2003671,1
1.0,3,-4.382819,4.1388907,8.016963,15.684904,3.1819992,0.13107526,-5.3655615,-9.678787,-0.40953448,-2.5882232,-7.397721,3.7362428,0
1.0,3,-4.382833,4.138891,8.016973,15.684916,3.1820107,0.13107419,-5.365574,-9.678799,-0.4095302,-2.5882113,-7.3977256,3.736245,0
1.0,3,-4.3828354,4.138891,8.016974,15.684918,3.1820126,0.13107514,-5.3655753,-9.678802,-0.40953007,-2.5882087,-7.3977284,3.7362454,0
1.0,3,-4.382818,4.1388917,8.016962,15.684902,3.1819985,0.1310749,-5.3655605,-9.678786,-0.40953496,-2.5882246,-7.39772,3.736243,0
1.0,3,-4.3828173,4.138891,8.016961,15.684902,3.1819978,0.13107419,-5.365561,-9.678786,-0.4095352,-2.5882246,-7.397719,3.7362437,0
1.0,3,-4.3828154,4.13889,8.01696,15.684901,3.181996,0.13107073,-5.365561,-9.678783,-0.4095352,-2.5882275,-7.397714,3.7362463,0
0.0,0,14.181896,5.9045835,-4.0268703,-6.1449676,-2.3188548,-3.6076221,1.5845834,8.315003,-8.823425,-7.932168,-1.0618235,2.113677,1
0.0,0,14.045077,5.619141,-3.956816,-5.9645143,-2.089698,-3.788851,1.4272279,8.259747,-9.018012,-7.565519,-1.1087555,2.3586576,1
0.0,0,13.629784,5.3981404,-3.6930916,-5.4097753,-1.8116225,-4.198068,0.9752698,7.9136605,-9.198031,-7.185256,-1.0701585,2.9438088,1
0.0,0,14.124725,5.7822623,-4.045543,-6.0528817,-2.1416037,-3.6279564,1.5575604,8.303496,-8.948704,-7.7550473,-1.1264509,2.1839495,1
0.0,0,14.183531,5.8794794,-4.0494375,-6.1564703,-2.2810671,-3.590995,1.6082808,8.335771,-8.847384,-7.898868,-1.0754108,2.0957057,1
0.0,0,14.080354,5.758919,-4.010244,-6.0436254,-2.1708772,-3.6684117,1.5451901,8.290465,-8.923829,-7.7304816,-1.0940619,2.2015018,1
10.0,10,-2.094355,-4.8656244,-1.4268312,-8.82153,-6.53192,-6.4724894,-0.398047,4.338433,3.9226508,-1.6044006,12.509099,4.256506,1
10.0,10,-2.2298334,-4.8896046,-1.2980273,-8.251471,-6.101442,-6.5754337,-0.8012724,3.9918344,3.6280112,-1.371172,12.216116,4.6822166,1
10.0,10,-2.1621413,-4.949794,-1.2064714,-8.212905,-6.191568,-6.6633286,-0.87823904,3.9514222,3.5984385,-1.3457239,12.164942,4.784857,1
10.0,10,-2.011317,-4.460262,-1.6416276,-8.836793,-6.5110655,-6.0227933,-0.13509539,4.2908664,4.0400534,-2.0099003,12.363269,3.9118888,1
10.0,10,-2.198615,-4.8747506,-1.3517423,-8.4897175,-6.2973313,-6.4936404,-0.5951421,4.122579,3.783082,-1.4721973,12.326588,4.4609756,1
10.0,10,-2.3549016,-5.1738677,-1.1569767,-8.368407,-6.3325562,-6.7281446,-0.70391285,4.0531144,3.7414744,-1.1541448,12.33215,4.6463966,1
8.0,9,-8.4708185,-10.783012,3.2085645,-2.8381588,2.1163626,2.8707674,-0.019137051,-1.3614217,5.413755,13.740794,-1.0832479,-3.9341629,0
8.0,9,-8.47063,-10.783028,3.208361,-2.8383763,2.1165414,2.870952,-0.018947031,-1.3612244,5.4135637,13.740975,-1.0834454,-3.9343722,0
8.0,9,-8.470701,-10.783035,3.2084444,-2.838296,2.116465,2.8708718,-0.01902571,-1.3612975,5.41364,13.740911,-1.0833637,-3.9342854,0
8.0,9,-8.470839,-10.78301,3.208583,-2.8381374,2.1163461,2.87075,-0.01915529,-1.3614411,5.413772,13.740778,-1.0832303,-3.9341433,0
8.0,9,-8.4708185,-10.783012,3.2085645,-2.8381588,2.1163626,2.8707674,-0.019137051,-1.3614217,5.413755,13.740794,-1.0832479,-3.9341629,0
8.0,9,-8.470823,-10.783011,3.2085693,-2.838154,2.116358,2.870763,-0.019141342,-1.3614264,5.413759,13.740791,-1.0832438,-3.9341586,0
2.0,2,-4.6187096,-1.2827193,11.616098,7.1875315,-5.3962836,-3.5720274,-3.2937858,-5.441164,5.1995325,0.73949844,-2.399467,0.10938406,1
2.0,2,-4.633054,-1.2188259,11.58114,7.296598,-5.290863,-3.5243175,-3.3130028,-5.499593,5.140444,0.70808166,-2.4609518,0.14354467,1
2.0,2,-4.6764803,-1.1694143,11.551911,7.3754983,-5.211186,-3.4727566,-3.2915623,-5.543074,5.1134677,0.6898996,-2.4978828,0.13604134,1
2.0,2,-4.6236277,-1.2060995,11.573562,7.296635,-5.288755,-3.5141923,-3.3120835,-5.5001073,5.1391783,0.69364244,-2.4659681,0.14053404,1
2.0,2,-4.665318,-1.188523,11.563499,7.361416,-5.227842,-3.494355,-3.3070948,-5.534504,5.114361,0.7019898,-2.4898753,0.149634,1
2.0,2,-4.6373124,-1.2593893,11.6016865,7.2286024,-5.354655,-3.5486825,-3.2886899,-5.4633894,5.182772,0.73167366,-2.4194927,0.111163974,1
4.0,4,-0.24494663,3.597364,-4.367868,2.2572508,13.307883,8.0189905,-3.5605328,-2.6053622,-3.0267406,2.0535333,-5.745242,-0.78134954,1
4.0,4,-0.24504104,3.5972776,-4.367827,2.2573822,13.308006,8.018913,-3.5606287,-2.6054213,-3.0268183,2.0536761,-5.7452655,-0.7812283,1
4.0,4,-0.24578992,3.5964777,-4.368848,2.2561371,13.308041,8.019892,-3.5596387,-2.6045263,-3.0259385,2.0542352,-5.7445183,-0.7825073,1
4.0,4,-0.2451779,3.597137,-4.367908,2.257359,13.308128,8.018919,-3.5606315,-2.605365,-3.026817,2.0538347,-5.7451816,-0.7812228,1
4.0,4,-0.24501339,3.5972939,-4.367892,2.2572882,13.307985,8.018955,-3.5605848,-2.605358,-3.0267835,2.0536277,-5.745214,-0.78128576,1
4.0,4,-0.24486008,3.597468,-4.3676734,2.2575161,13.307924,8.018796,-3.5607383,-2.6055405,-3.026916,2.0534961,-5.745382,-0.78109,1
6.0,6,0.7417985,-0.70331436,-3.135791,-7.312678,-5.048953,3.5322201,12.259267,6.9713244,0.6265639,0.2107063,-0.5747837,-9.744892,1
6.0,6,0.7288747,-0.69978446,-3.1238892,-7.307136,-5.0429206,3.5398881,12.252023,6.960481,0.63819075,0.2236728,-0.585317,-9.75607,1
6.0,6,0.7472607,-0.7090754,-3.1314728,-7.3176303,-5.054553,3.5252168,12.251768,6.9738803,0.6270331,0.21437699,-0.5731846,-9.739745,1
6.0,6,0.7472198,-0.7224458,-3.1210482,-7.326757,-5.067148,3.5135279,12.245669,6.977795,0.6343951,0.22347945,-0.56582844,-9.737204,1
6.0,6,0.7306299,-0.7082985,-3.1185591,-7.314304,-5.051583,3.5319643,12.249072,6.964436,0.6414579,0.22895998,-0.58036494,-9.754014,1
6.0,6,0.74499905,-0.69875115,-3.1376894,-7.309657,-5.0440874,3.534878,12.255437,6.969379,0.62336886,0.2087807,-0.5793133,-9.7429695,1
7.0,7,7.600529,-0.8272975,-5.0182576,-10.828432,-3.256454,-3.2307088,5.8219275,11.637312,-4.5866823,-1.4152033,3.753099,-2.3855503,1
7.0,7,7.549763,-0.87807494,-5.0409427,-10.819694,-3.2139256,-3.2147834,5.8588686,11.664941,-4.596504,-1.3493996,3.7517629,-2.4176552,1
7.0,7,7.559429,-0.8640248,-5.016665,-10.921409,-3.3171616,-3.2213008,5.882125,11.669305,-4.511968,-1.3888514,3.8147516,-2.45563,1
7.0,7,7.5503016,-0.8863569,-5.0447154,-10.704782,-3.1025076,-3.2319953,5.7973504,11.627288,-4.698208,-1.3019822,3.6792321,-2.3337567,1
7.0,7,7.57437,-0.86555535,-5.0274587,-10.820704,-3.2208366,-3.2289612,5.8450546,11.656911,-4.609049,-1.3572602,3.741355,-2.4016473,1
7.0,7,7.5472765,-0.8729494,-4.998298,-10.825844,-3.2546186,-3.2576168,5.8108068,11.622579,-4.57014,-1.3638294,3.7820039,-2.3664727,1
0.0,0,12.012713,4.0089936,-3.127637,-4.917904,-1.7514821,-4.1034923,1.2791243,7.306057,-8.655347,-5.470197,-1.2518084,2.7086926,1
0.0,0,12.012713,4.0089936,-3.127637,-4.917904,-1.7514821,-4.1034923,1.2791243,7.306057,-8.655347,-5.470197,-1.2518084,2.7086926,1
0.0,0,12.012713,4.0089936,-3.127637,-4.917904,-1.7514821,-4.1034923,1.2791243,7.306057,-8.655347,-5.470197,-1.2518084,2.7086926,1
0.0,0,12.012713,4.0089936,-3.127637,-4.917904,-1.7514821,-4.1034923,1.2791243,7.306057,-8.655347,-5.470197,-1.2518084,2.7086926,1
0.0,0,12.012714,4.0089946,-3.127636,-4.917903,-1.7514805,-4.1034913,1.2791228,7.306056,-8.655347,-5.470196,-1.2518096,2.7086928,1
0.0,0,12.012714,4.0089946,-3.127636,-4.917903,-1.7514805,-4.103492,1.2791231,7.3060555,-8.655347,-5.470196,-1.2518098,2.7086926,1
11.0,11,1.7777573,-0.31266102,1.1577222,1.2833996,-1.4218864,-8.553773,-8.270022,-2.0693636,-2.975634,-3.8895583,5.471672,12.977316,1
11.0,11,1.8429297,-0.38787708,0.9360419,0.60615754,-1.8524268,-8.3696785,-7.7971582,-1.6503205,-2.6008832,-4.0615053,5.837556,12.46359,1
11.0,11,1.6727561,-0.79180926,-0.0067688823,-1.847579,-3.1619148,-7.521175,-5.910659,-0.10377793,-1.1290059,-4.4187517,7.2579565,10.381446,1
11.0,11,2.1779509,0.21095006,0.95110166,1.1746532,-1.4845862,-8.19243,-8.189694,-2.059487,-2.9327142,-4.478641,5.3075547,12.764914,1
11.0,11,2.24953,-0.21735854,0.15559906,-1.4036103,-3.0034866,-7.6272383,-6.4501734,-0.43531734,-1.5231024,-4.8962865,6.8094773,10.861872,1
11.0,11,1.9949561,0.5643008,1.2138071,2.2633967,-0.62825847,-8.088105,-8.946976,-2.8261023,-3.3405716,-4.2574153,4.536794,13.28084,1
7.0,7,8.051206,-0.27710184,-5.346606,-12.0039835,-4.1876426,-2.5087526,6.8892837,12.24977,-3.8153753,-2.2745295,3.99961,-3.7442162,1
7.0,7,8.038377,-0.28673598,-5.349339,-12.022391,-4.199015,-2.501024,6.9103312,12.25996,-3.7983546,-2.2672598,4.0107393,-3.7675736,1
7.0,7,7.9985123,-0.32568666,-5.3339124,-12.059769,-4.2340465,-2.5102623,6.94879,12.279116,-3.7599106,-2.231205,4.043859,-3.8064482,1
7.0,7,7.9601154,-0.35648105,-5.324406,-12.030139,-4.223072,-2.5063298,6.9530535,12.259805,-3.7581425,-2.193159,4.030818,-3.8029864,1
7.0,7,8.077271,-0.24515302,-5.3778453,-11.983454,-4.1552315,-2.4742048,6.87764,12.240936,-3.8361712,-2.3066213,3.971356,-3.7364523,1
7.0,7,8.054519,-0.27458557,-5.348033,-12.012156,-4.19263,-2.5077813,6.8930664,12.254371,-3.8117661,-2.2789001,4.003512,-3.7495606,1
7.0,7,7.832386,-0.49014637,-5.260226,-11.837228,-4.2985682,-2.3573194,7.020595,12.079811,-3.6879177,-2.0882912,3.824223,-3.836877,1
7.0,7,7.833272,-0.48924682,-5.260782,-11.836868,-4.297895,-2.3569746,7.020003,12.079703,-3.6885457,-2.0891953,3.8237872,-3.8363788,1
7.0,7,7.8324413,-0.48991212,-5.2603183,-11.837179,-4.2988987,-2.3566706,7.0210342,12.079604,-3.6876082,-2.0886514,3.8238273,-3.8373706,1
7.0,7,7.8351593,-0.48747954,-5.2618146,-11.836374,-4.2965064,-2.356726,7.0185986,12.079722,-3.689933,-2.090928,3.8232384,-3.8351681,1
7.0,7,7.834319,-0.48813364,-5.26147,-11.837144,-4.2974935,-2.3566124,7.019705,12.079999,-3.6889184,-2.0903943,3.8237543,-3.8362973,1
7.0,7,7.8322964,-0.49021277,-5.260175,-11.837192,-4.2986584,-2.35725,7.0206914,12.079748,-3.6878338,-2.0882373,3.824163,-3.836961,1
2.0,2,-5.622705,-2.126471,12.149942,9.624522,-3.4403086,-4.68222,-4.9212203,-6.6349144,3.6327147,2.349015,-3.1023703,2.3631706,1
2.0,2,-5.622639,-2.1265264,12.149977,9.6244545,-3.4403808,-4.6822886,-4.9212756,-6.634874,3.632721,2.3490365,-3.102344,2.3632119,1
2.0,2,-5.622546,-2.1264248,12.149919,9.624406,-3.4404085,-4.6822,-4.9212427,-6.63485,3.6327438,2.348907,-3.1023688,2.363145,1
2.0,2,-5.622471,-2.126525,12.149977,9.624099,-3.440693,-4.682264,-4.921163,-6.6346936,3.6329155,2.3489125,-3.1022224,2.3630097,1
2.0,2,-5.6226296,-2.1266026,12.1500225,9.624406,-3.4404395,-4.682365,-4.92131,-6.6348453,3.6327353,2.3490965,-3.1023073,2.3632424,1
2.0,2,-5.622704,-2.1264706,12.149942,9.624521,-3.4403086,-4.68222,-4.9212203,-6.6349144,3.6327147,2.3490145,-3.1023703,2.3631701,1
9.0,9,-7.4061365,-9.68419,2.02664,-4.176302,2.083724,4.3819942,1.3460267,-0.5089418,5.4615993,12.845159,-1.5404005,-5.6078634,1
9.0,9,-7.8029494,-10.411756,2.4449625,-3.5716512,2.5602942,3.6023397,0.68061876,-0.7522556,4.924957,13.890446,-1.6317852,-4.7195625,1
9.0,9,-7.851777,-10.506977,2.532277,-3.5375109,2.5092978,3.4883592,0.6005299,-0.77864164,4.9502935,13.944235,-1.5734693,-4.6262503,1
9.0,9,-6.892814,-8.839478,1.5048821,-4.92439,1.5817447,5.264373,2.1129391,-0.17462926,5.996811,11.709505,-1.4688714,-6.6251516,1
9.0,9,-7.8441315,-10.511631,2.5366678,-3.5545728,2.465128,3.5095284,0.61659205,-0.7785725,4.9951606,13.899643,-1.5584608,-4.65117,1
9.0,9,-7.114916,-9.176127,1.7061839,-4.5621343,1.8639975,4.9148884,1.7795701,-0.33680528,5.723321,12.214306,-1.5485568,-6.183172,1
1.0,1,6.343584,13.497287,-1.9961362,1.4249306,0.7894993,0.29883015,0.8907306,1.209274,-4.825449,-10.775595,-2.6102362,-0.20169139,1
1.0,1,6.3872004,13.501111,-2.0288074,1.4122934,0.7865615,0.29051578,0.9033021,1.2358063,-4.86345,-10.802254,-2.605167,-0.18011707,1
1.0,1,6.3645115,13.505894,-2.0135157,1.4213783,0.79555553,0.30004048,0.8948264,1.2197491,-4.845478,-10.787712,-2.613657,-0.19410366,1
1.0,1,6.3737717,13.538673,-2.0177367,1.4570813,0.8320155,0.32536244,0.8652525,1.1924801,-4.8587923,-10.799081,-2.6526375,-0.18449426,1
1.0,1,6.365512,13.5261345,-2.0125358,1.4434899,0.8180624,0.31717062,0.8778665,1.2017044,-4.849814,-10.790433,-2.6392803,-0.19363344,1
1.0,1,6.3462276,13.498125,-1.9979322,1.425571,0.7901181,0.2985567,0.88997066,1.2097418,-4.827717,-10.7781105,-2.61028,-0.19930524,1
10.0,10,-1.5016018,-2.1890132,-1.8411672,-8.364088,-7.3005586,-3.7495341,3.1236792,4.773686,4.1894403,-3.4522688,10.1509695,0.30611348,1
10.0,7,5.8701925,-2.196621,-4.204972,-12.421409,-5.2900467,-3.2974832,7.8743544,12.221717,-2.4981284,-0.40857285,5.0957613,-4.459157,0
10.0,10,-2.4230063,-4.988026,-0.8850841,-8.097701,-6.032665,-6.758211,-1.167441,3.7843707,3.7372675,-0.9725552,12.070101,4.74533,1
10.0,10,-2.802294,-4.1222177,-1.4666336,-8.476097,-6.596699,-4.908343,0.5996192,3.690852,4.835776,-1.9716299,11.7262,2.7433417,1
10.0,10,-2.2449577,-4.64916,-1.4874523,-8.798351,-6.5144153,-6.1483345,-0.06042042,4.3246284,4.080774,-1.717735,12.39789,3.824772,1
10.0,6,0.25874576,-4.825172,-1.1200778,-7.7155194,-8.636556,-0.75499326,9.570569,6.7588086,2.3741078,-0.4654016,3.7824564,-5.455804,0
2.0,2,-5.719334,-4.3249965,9.552811,3.8789947,-4.551987,-1.7631425,-1.4197208,-3.5649378,6.2025175,3.6306899,-1.3865367,-2.0898879,1
2.0,2,-5.7130976,-4.3142276,9.562939,3.8910158,-4.5584507,-1.7720711,-1.4229176,-3.5680392,6.1978173,3.619655,-1.3913797,-2.0852962,1
2.0,2,-5.7089734,-4.30894,9.568288,3.897621,-4.561441,-1.7767978,-1.423462,-3.5685112,6.1941113,3.6143792,-1.3950757,-2.0838335,1
2.0,2,-5.711884,-4.3143215,9.563196,3.8912647,-4.5583987,-1.7723081,-1.4221603,-3.5671258,6.1966634,3.619744,-1.3924977,-2.085893,1
2.0,2,-5.7134914,-4.316501,9.560913,3.8886683,-4.5570035,-1.7702751,-1.4215951,-3.5666344,6.1979265,3.6220095,-1.3912331,-2.0868173,1
2.0,2,-5.713931,-4.3183055,9.5599375,3.8872063,-4.556097,-1.7696519,-1.4215357,-3.5661829,6.198028,3.6239426,-1.3908948,-2.0869417,1
7.0,7,7.9021635,-0.41237208,-5.2120023,-11.918625,-4.543904,-2.2542555,7.149789,12.057662,-3.537897,-2.2418842,3.7791162,-3.994099,1
7.0,7,7.8781643,-0.43453202,-5.199784,-11.9236145,-4.563233,-2.2520015,7.1707087,12.0554285,-3.5184598,-2.2210886,3.7819943,-4.012741,1
7.0,7,7.897746,-0.41494974,-5.209974,-11.921194,-4.5494523,-2.2523282,7.1560764,12.057717,-3.5323687,-2.2399821,3.7801876,-4.0003757,1
7.0,7,7.887719,-0.42769215,-5.2059603,-11.922015,-4.5526457,-2.2540066,7.1606135,12.057691,-3.5280356,-2.2270045,3.7816901,-4.003504,1
7.0,7,7.895938,-0.41613516,-5.2098966,-11.923427,-4.5514765,-2.2514074,7.158956,12.058725,-3.5298734,-2.2391481,3.7815366,-4.0034943,1
7.0,7,7.9005394,-0.41423365,-5.211112,-11.918694,-4.544832,-2.2544563,7.1507254,12.057466,-3.5369701,-2.2400343,3.779243,-3.994797,1
2.0,2,-3.9895113,-1.52932,11.7346,6.679708,-5.884288,-3.9456766,-3.748181,-5.179828,5.2207522,0.69518965,-2.2523699,0.44912845,1
2.0,2,-3.9895113,-1.52932,11.7346,6.679708,-5.884288,-3.9456766,-3.748181,-5.179828,5.2207522,0.69518965,-2.2523699,0.44912845,1
2.0,2,-3.9895113,-1.52932,11.7346,6.679708,-5.884288,-3.9456766,-3.748181,-5.179828,5.2207522,0.69518965,-2.2523699,0.44912845,1
2.0,2,-3.9895113,-1.52932,11.7346,6.679708,-5.884288,-3.9456766,-3.748181,-5.179828,5.2207522,0.69518965,-2.2523699,0.44912845,1
2.0,2,-3.9895113,-1.52932,11.7346,6.679708,-5.884288,-3.9456766,-3.748181,-5.179828,5.2207522,0.69518965,-2.2523699,0.44912845,1
2.0,2,-3.9895113,-1.52932,11.7346,6.679708,-5.884288,-3.9456766,-3.748181,-5.179828,5.2207522,0.69518965,-2.2523699,0.44912845,1
6.0,6,0.80990756,0.34559754,-3.5176508,-6.3454165,-3.9241915,4.394361,11.89138,6.3101354,0.23156546,-0.29474062,-1.4684222,-9.695182,1
6.0,6,0.8100457,0.34544602,-3.5177724,-6.3456125,-3.9243898,4.3941884,11.891562,6.3103595,0.2314652,-0.2948349,-1.4681923,-9.69509,1
6.0,6,0.8101046,0.3448774,-3.5177,-6.3462143,-3.9250345,4.3936987,11.891902,6.310835,0.23156904,-0.29464895,-1.4676399,-9.695095,1
6.0,6,0.8100847,0.34497407,-3.517718,-6.346116,-3.9249263,4.39378,11.891863,6.3107595,0.23155378,-0.29468507,-1.467719,-9.695101,1
6.0,6,0.80980766,0.34515503,-3.517473,-6.3458605,-3.9246678,4.394017,11.891596,6.310422,0.23177753,-0.29447,-1.4680344,-9.695288,1
6.0,6,0.8099377,0.34558085,-3.5176747,-6.3454385,-3.9242167,4.39434,11.891404,6.3101654,0.23154162,-0.29476184,-1.4683974,-9.695161,1
2.0,2,-4.0446143,-1.1500976,11.531101,6.840204,-5.7000012,-3.5890381,-3.4759815,-5.24937,5.2055564,0.3964575,-2.397695,0.18425512,1
2.0,2,-4.044818,-1.1501087,11.531108,6.8404117,-5.6998143,-3.5890205,-3.4759548,-5.24948,5.2054935,0.39656574,-2.3977394,0.18428576,1
2.0,2,-4.045145,-1.1510358,11.531707,6.841473,-5.6990914,-3.5901272,-3.4772203,-5.2499576,5.204655,0.39777356,-2.3979692,0.18582678,1
2.0,2,-4.044578,-1.1498847,11.530979,6.8403845,-5.699806,-3.5888703,-3.4759798,-5.2494683,5.20545,0.39629322,-2.3978362,0.1842677,1
2.0,2,-4.045175,-1.1515908,11.532051,6.8417,-5.699014,-3.5907667,-3.4778168,-5.250032,5.20437,0.39836138,-2.3979502,0.18651211,1
2.0,2,-4.0446496,-1.1501086,11.531109,6.840265,-5.699949,-3.5890477,-3.4760053,-5.2494016,5.2055273,0.39649028,-2.3977141,0.18429041,1
7.0,7,7.9070196,-0.3189709,-5.2575126,-11.988164,-4.516212,-2.267182,7.172682,12.118129,-3.527263,-2.3203135,3.87633,-4.0323944,1
7.0,7,7.889532,-0.33026358,-5.248636,-11.995366,-4.5346484,-2.2633038,7.192986,12.117517,-3.5089445,-2.3105142,3.8806195,-4.0518847,1
7.0,7,7.907345,-0.32092568,-5.2561116,-11.992624,-4.5195737,-2.269969,7.173431,12.120864,-3.5254812,-2.3190863,3.8796277,-4.0335464,1
7.0,7,7.906725,-0.31872472,-5.2563043,-11.988357,-4.5183916,-2.2668958,7.1740522,12.117548,-3.5259633,-2.32081,3.8759632,-4.0337114,1
7.0,7,7.902851,-0.3172892,-5.2582026,-11.99363,-4.5214696,-2.262984,7.1815877,12.120165,-3.5201044,-2.3226159,3.87999,-4.0422335,1
7.0,7,7.90679,-0.3211219,-5.2573395,-11.988291,-4.5155654,-2.2680612,7.1720314,12.118578,-3.5279827,-2.318105,3.8762965,-4.0315323,1
6.0,6,0.35406026,-0.1818064,-2.9459088,-6.7716146,-4.441113,4.092673,11.947269,6.396541,0.82121813,0.37984115,-1.2057111,-10.069415,1
6.0,6,0.35589835,-0.18313916,-2.9477391,-6.7736225,-4.442962,4.0910306,11.949442,6.399072,0.81966305,0.37842733,-1.2033515,-10.068285,1
6.0,6,0.35512325,-0.18259366,-2.9470956,-6.7728267,-4.4422174,4.0917354,11.94875,6.398102,0.8202578,0.3789392,-1.2042507,-10.068803,1
6.0,6,0.35351285,-0.18144806,-2.9450018,-6.7709947,-4.4405446,4.093091,11.94609,6.3956046,0.8218701,0.38057274,-1.2066287,-10.069703,1
6.0,6,0.35357746,-0.18089934,-2.9463782,-6.770766,-4.4401526,4.093654,11.947727,6.3960094,0.82105887,0.37938744,-1.206265,-10.069874,1
6.0,6,0.3531408,-0.18069239,-2.9454424,-6.770287,-4.4397693,4.0938897,11.946518,6.395188,0.82169795,0.38012546,-1.2070494,-10.070047,1
10.0,10,-1.6254562,-4.5864244,-1.4732742,-8.83276,-6.536326,-6.428603,-0.6553588,4.3180017,3.770924,-1.9025385,12.301522,4.412776,1
10.0,10,-1.60173,-4.5686593,-1.4698007,-8.772595,-6.529261,-6.4009185,-0.6845573,4.2697544,3.752788,-1.9269466,12.2401085,4.445016,1
10.0,10,-2.2256176,-4.344396,-1.4558122,-6.6641707,-4.549022,-6.460936,-1.7453314,3.1702266,2.5303278,-1.3251607,11.274617,5.7255144,1
10.0,10,-1.5653787,-4.4202504,-1.5304406,-8.624142,-6.3615746,-6.2943387,-0.7478025,4.181706,3.6663518,-2.0106611,12.109413,4.4808693,1
10.0,10,-2.686917,-4.5688443,-1.2843437,-6.615023,-4.5310917,-6.511344,-1.6089251,3.0998986,2.7153792,-0.96521634,11.377738,5.565153,1
10.0,10,-1.5677071,-4.539351,-1.479543,-8.761344,-6.5322986,-6.3900456,-0.68224716,4.264505,3.7335773,-1.9619088,12.217614,4.4522038,1
6.0,6,0.9212849,-0.13900025,-3.5837653,-6.9008203,-4.495496,3.947501,12.308097,6.808473,0.22916923,-0.25517935,-0.8955051,-9.655936,1
6.0,6,0.9212009,-0.13882287,-3.583844,-6.90067,-4.495306,3.9476764,12.308156,6.808374,0.2291423,-0.25525588,-0.8956095,-9.656019,1
6.0,6,0.9212549,-0.1388491,-3.5838692,-6.900694,-4.49534,3.9476388,12.30816,6.808411,0.22910748,-0.255287,-0.8955786,-9.655972,1
6.0,6,0.9212649,-0.1389348,-3.5838368,-6.900782,-4.495432,3.947563,12.308175,6.8084693,0.22913395,-0.25523907,-0.8955122,-9.655969,1
6.0,6,0.9213557,-0.13909014,-3.5838492,-6.9009447,-4.495611,3.9474027,12.308233,6.808616,0.22910987,-0.255238,-0.8953546,-9.655897,1
6.0,6,0.92119277,-0.13888605,-3.5837562,-6.9006977,-4.495363,3.9476306,12.308081,6.808361,0.22919868,-0.25517482,-0.89561856,-9.656013,1
11.0,11,0.4623432,-1.0175273,2.6726549,3.2195427,-1.8084751,-7.817923,-8.436672,-4.063071,-2.272454,-2.5781054,3.5011926,12.768844,1
11.0,11,0.46225473,-1.0168554,2.672765,3.2200527,-1.8076749,-7.8174973,-8.437322,-4.063546,-2.2724462,-2.578104,3.5006208,12.768768,1
11.0,11,0.46282205,-1.0161045,2.6724102,3.2203622,-1.8069009,-7.8174005,-8.437987,-4.0636153,-2.273001,-2.5786269,3.500362,12.769232,1
11.0,11,0.46145377,-1.0173174,2.673587,3.220998,-1.808057,-7.8167973,-8.437259,-4.064662,-2.2717817,-2.5773351,3.4994297,12.768341,1
11.0,11,0.46212217,-1.0159025,2.6728227,3.2203038,-1.8065655,-7.817122,-8.438123,-4.063837,-2.2723687,-2.5781198,3.5003123,12.768529,1
11.0,11,0.46213183,-1.0174081,2.6727717,3.2196524,-1.8083187,-7.8177524,-8.436729,-4.063231,-2.272292,-2.5779862,3.5010543,12.768645,1
1.0,1,6.8086133,14.074061,-2.2987337,2.09456,1.4168688,0.71827286,0.394235,0.8007435,-5.34684,-11.194873,-3.3329778,0.23025107,1
1.0,1,6.808601,14.074065,-2.2987194,2.0945857,1.4168662,0.7182751,0.39422867,0.8007266,-5.34683,-11.194883,-3.332982,0.23025376,1
1.0,1,6.8085904,14.074041,-2.2987106,2.0945964,1.4168379,0.7182765,0.3942468,0.80071527,-5.346821,-11.194878,-3.3329883,0.23025417,1
1.0,1,6.8086104,14.074041,-2.2987278,2.0945745,1.4168377,0.71826696,0.39424607,0.8007341,-5.346833,-11.194888,-3.332971,0.23026508,1
1.0,1,6.8086004,14.074055,-2.2987216,2.0945666,1.4168601,0.7182757,0.39423367,0.8007315,-5.3468266,-11.194866,-3.3329816,0.23024726,1
1.0,1,6.808649,14.074035,-2.2987597,2.0945287,1.4168364,0.7182355,0.394253,0.80078346,-5.346865,-11.1949005,-3.3329315,0.23028618,1
0.0,0,14.008058,5.8257465,-3.9240062,-5.8748336,-2.172124,-3.7875354,1.383888,8.1666,-8.9301815,-7.7794127,-1.0556146,2.3815649,1
0.0,0,14.044012,5.842425,-3.954529,-5.900286,-2.160318,-3.7525434,1.4081489,8.187335,-8.940816,-7.8006043,-1.0727445,2.3524804,1
0.0,0,14.083135,5.7549653,-3.9888937,-6.0999217,-2.2443366,-3.696984,1.5504187,8.31408,-8.8742695,-7.748528,-1.0419543,2.1848187,1
0.0,0,14.12604,5.7909684,-4.000526,-6.2408104,-2.370151,-3.6527288,1.6428605,8.379936,-8.776405,-7.825609,-0.9913982,2.058494,1
0.0,0,13.838881,6.0321627,-3.7492816,-5.8968387,-2.535777,-3.8889778,1.3439809,8.060673,-8.588093,-8.031505,-0.8056389,2.345144,1
0.0,0,14.027022,5.936175,-3.934532,-5.965021,-2.3014574,-3.7325804,1.455004,8.188826,-8.810804,-7.9271007,-0.99415386,2.2721558,1
9.0,9,-7.9110947,-10.718114,2.6339707,-3.4547734,2.33594,3.1036856,0.4797723,-0.7975649,4.8552017,13.982596,-1.3741549,-4.2513304,1
9.0,9,-7.9290485,-10.726202,2.6546338,-3.432476,2.3217883,3.0864658,0.46163872,-0.8156082,4.872438,13.969706,-1.3570324,-4.231086,1
9.0,9,-7.928158,-10.72459,2.6530535,-3.4330223,2.3210106,3.0853355,0.46259424,-0.8148499,4.8707647,13.968072,-1.356075,-4.2297716,1
9.0,9,-7.922427,-10.721245,2.6475506,-3.4408634,2.3196907,3.086838,0.46766838,-0.8092956,4.867261,13.967414,-1.3567876,-4.2330675,1
9.0,9,-7.937276,-10.731388,2.66294,-3.4221041,2.3221252,3.0838406,0.45391282,-0.8236771,4.8787937,13.969822,-1.3547341,-4.2260246,1
9.0,9,-7.919285,-10.723139,2.6440196,-3.4454954,2.3316696,3.0984166,0.47100314,-0.80565983,4.8640995,13.980045,-1.3685292,-4.244896,1
0.0,0,14.124955,5.7629466,-4.03254,-6.118209,-2.20712,-3.6335795,1.5916446,8.33437,-8.901085,-7.7531295,-1.0923967,2.1391292,1
0.0,0,14.109667,5.6322637,-4.0274005,-6.2046437,-2.2229643,-3.6787996,1.6061664,8.39796,-8.895648,-7.6359067,-1.0473493,2.1320152,1
0.0,0,14.101222,5.629844,-4.03324,-6.1715045,-2.1820607,-3.6737583,1.6024946,8.389728,-8.923743,-7.6185775,-1.0700443,2.1416738,1
0.0,0,14.024619,5.59784,-3.9915254,-6.00595,-2.0710685,-3.7435,1.4978771,8.299468,-9.006409,-7.5381474,-1.1057917,2.2837772,1
0.0,0,14.096784,5.667951,-4.0267596,-6.1584086,-2.1999273,-3.6689498,1.6003493,8.372327,-8.906243,-7.657718,-1.0644959,2.1398363,1
0.0,0,14.007528,5.6171994,-3.9962528,-6.079109,-2.143229,-3.7108371,1.57239,8.331045,-8.930528,-7.5734773,-1.0630591,2.1915135,1
9.0,10,-2.2963867,-4.7246423,-1.5469062,-8.620975,-6.20505,-6.335849,-0.33277097,4.250667,3.8432975,-1.6054006,12.475926,4.2133303,0
9.0,8,-6.3739257,-4.5490875,3.0311835,-3.8442533,-7.9224324,-1.0057993,3.4238656,0.13530286,7.617948,1.3982108,4.842476,-2.9609444,0
9.0,10,-2.5279415,-3.7465577,-2.0048835,-8.227773,-5.874698,-5.18111,0.4984438,3.946141,4.0433874,-2.3877296,11.988858,3.2967465,0
9.0,8,-9.059572,-5.1136527,6.738774,-0.035338372,-4.6922736,1.3921008,-1.9406507,-5.342832,10.985052,3.4357,2.6887274,-2.3026826,0
9.0,10,-2.1956792,-4.474458,-1.6055434,-8.506251,-6.2080007,-6.0335536,-0.2785999,4.104864,3.899581,-1.848875,12.234101,4.0757027,0
9.0,10,-2.4598606,-4.393658,-1.6751933,-8.34079,-6.027491,-5.901708,-0.050656226,4.0495696,3.8902905,-1.8261576,12.2205,3.9168336,0
2.0,2,-4.324499,-1.7445362,11.900982,7.026486,-5.655842,-4.163573,-3.8357737,-5.3195453,5.0672164,1.0672615,-2.2878146,0.64776504,1
2.0,2,-4.3244715,-1.744668,11.901081,7.026864,-5.6555543,-4.1638145,-3.8361995,-5.319718,5.066894,1.0674734,-2.2879767,0.6482593,1
2.0,2,-4.324848,-1.7453079,11.901485,7.0272083,-5.6553864,-4.1644573,-3.836612,-5.319859,5.066657,1.0682561,-2.2879066,0.6488322,1
2.0,2,-4.3247437,-1.745027,11.901289,7.0267854,-5.655682,-4.1640854,-3.8361623,-5.3196664,5.066989,1.0678577,-2.2877893,0.6482756,1
2.0,2,-4.3247676,-1.745046,11.901308,7.0269094,-5.655583,-4.1641293,-3.8362474,-5.3197255,5.0669017,1.067914,-2.2878394,0.6483876,1
2.0,2,-4.324575,-1.7444831,11.900938,7.026233,-5.656039,-4.163429,-3.8354602,-5.3194275,5.067449,1.0671687,-2.2876854,0.6474139,1
9.0,9,-7.8518467,-10.679589,2.5645564,-3.563671,2.4969196,3.2799184,0.54829526,-0.7265306,4.8055563,14.158394,-1.5522072,-4.457095,1
9.0,9,-7.859728,-10.684923,2.5716279,-3.5531056,2.505961,3.2853692,0.5424243,-0.7340364,4.8103085,14.166042,-1.5580919,-4.459674,1
9.0,9,-7.8732395,-10.692017,2.5886366,-3.5386171,2.501282,3.2830632,0.5289295,-0.7480599,4.828148,14.162938,-1.5530176,-4.4557333,1
9.0,9,-7.8532224,-10.680333,2.564685,-3.557712,2.5180793,3.2996814,0.54820406,-0.72903436,4.8059587,14.172069,-1.5694559,-4.473073,1
9.0,9,-7.8715024,-10.689716,2.5853817,-3.5403779,2.502136,3.2812455,0.5306064,-0.7460117,4.823405,14.163414,-1.5531521,-4.454006,1
9.0,9,-7.8543677,-10.677421,2.564924,-3.5606816,2.509272,3.292695,0.5489023,-0.72924453,4.806677,14.167485,-1.5641576,-4.4685755,1
5.0,11,-2.0637026,4.719822,1.2781501,8.362928,5.330566,-1.4085487,-8.109013,-7.3411713,-1.9686201,-4.756483,-0.32802945,9.083349,0
5.0,11,-2.1548731,4.619267,1.361448,8.4309435,5.3550735,-1.4329242,-8.188621,-7.423951,-1.9401951,-4.6162186,-0.36654854,9.1319275,0
5.0,11,-2.2114456,4.4934316,1.4858384,8.460076,5.3899946,-1.4142612,-8.300251,-7.465223,-1.8359737,-4.4784784,-0.3974231,9.094636,0
5.0,3,-2.4966455,4.4729133,1.7243717,8.872729,5.647343,-1.1458226,-8.352686,-7.742659,-1.6930246,-4.255489,-0.73985523,8.865665,0
5.0,11,-2.0288932,4.6718493,1.2497574,8.27435,5.258185,-1.5120994,-8.129512,-7.2998915,-2.0038092,-4.7446465,-0.24522752,9.183545,0
5.0,11,-2.096906,4.7107053,1.3037531,8.412418,5.358793,-1.4297129,-8.134935,-7.3716164,-1.988522,-4.7141056,-0.35213202,9.111351,0
10.0,10,-2.140183,-4.3968115,-1.5030715,-8.032947,-5.9735336,-6.0892625,-0.58106184,3.8070822,3.6284533,-1.8306537,11.916924,4.436981,1
10.0,10,-2.1401806,-4.396813,-1.5030718,-8.03295,-5.973533,-6.089267,-0.581066,3.8070853,3.6284518,-1.8306527,11.916928,4.436985,1
10.0,10,-2.1401806,-4.396813,-1.5030718,-8.03295,-5.973533,-6.089267,-0.581066,3.8070853,3.6284518,-1.8306527,11.916928,4.436985,1
10.0,10,-2.1401758,-4.396794,-1.5030773,-8.03292,-5.9735107,-6.089257,-0.58107686,3.8070676,3.6284335,-1.8306642,11.916906,4.4369993,1
10.0,10,-2.1401794,-4.3968034,-1.5030739,-8.032931,-5.9735255,-6.089258,-0.58106804,3.8070729,3.6284432,-1.8306592,11.916912,4.43699,1
10.0,10,-2.1401827,-4.3968115,-1.5030715,-8.032947,-5.9735336,-6.0892625,-0.5810621,3.8070822,3.6284533,-1.8306532,11.916924,4.436982,1
7.0,7,7.515063,-0.93603235,-4.9716883,-10.359993,-2.8983898,-3.3636568,5.521472,11.44846,-4.898247,-1.2092974,3.5548315,-1.9954922,1
7.0,7,7.0255375,-1.4445353,-4.6844106,-10.103383,-2.875678,-3.59334,5.534848,11.28642,-4.878123,-0.60658985,3.5465436,-1.8821666,1
7.0,7,7.0487523,-1.416352,-4.7025514,-10.049042,-2.7674794,-3.6589417,5.4202976,11.276688,-4.9625874,-0.61440474,3.56879,-1.759381,1
7.0,7,7.468764,-0.97048444,-4.935859,-10.527025,-3.0738146,-3.3618796,5.6550784,11.519937,-4.743172,-1.2200155,3.6672883,-2.1510959,1
7.0,7,7.4147053,-1.0387611,-4.9065533,-10.040359,-2.6312284,-3.518824,5.2537856,11.279216,-5.112713,-1.0185621,3.4665751,-1.6532791,1
7.0,7,7.3615437,-1.0363693,-4.8695326,-10.457274,-3.0519905,-3.4619725,5.5748806,11.460322,-4.737174,-1.1415911,3.7274194,-2.046563,1
4.0,4,-0.25593665,3.6399891,-4.2730436,2.404126,13.358786,7.920359,-3.6956766,-2.706265,-3.089283,2.0568767,-5.784138,-0.6408752,1
4.0,4,-0.25590196,3.640031,-4.272959,2.40425,13.35881,7.920261,-3.695777,-2.7063441,-3.0893688,2.0568643,-5.784193,-0.6407445,1
4.0,4,-0.2559406,3.6399937,-4.273049,2.4041033,13.358762,7.920382,-3.6956513,-2.7062573,-3.0892553,2.0568678,-5.7841334,-0.6409101,1
4.0,4,-0.2559488,3.6399817,-4.2730517,2.4041097,13.358777,7.9203763,-3.695658,-2.706257,-3.089263,2.0568821,-5.7841325,-0.6409009,1
4.0,4,-0.25591305,3.6400084,-4.2729993,2.404186,13.358797,7.920303,-3.6957269,-2.7063022,-3.089332,2.056872,-5.7841644,-0.64080465,1
4.0,4,-0.2558941,3.6400423,-4.2728915,2.4043562,13.358843,7.920176,-3.6958604,-2.7064085,-3.0894423,2.0568802,-5.7842317,-0.6406313,1
