true_label,predicted_label,prob_class_0,prob_class_1,prob_class_2,prob_class_3,prob_class_4,prob_class_5,correct
5.0,5,0.010751329,-2.4492908,-0.6762744,-0.9233325,-1.0703527,10.530098,1
5.0,5,0.010751359,-2.4492908,-0.67627454,-0.92333233,-1.0703528,10.530099,1
5.0,5,0.010751262,-2.4492905,-0.6762746,-0.92333233,-1.0703527,10.530099,1
5.0,5,0.0107513815,-2.4492905,-0.6762745,-0.92333233,-1.0703527,10.530098,1
5.0,5,0.010751426,-2.4492908,-0.67627436,-0.9233326,-1.0703527,10.530098,1
5.0,5,0.010751359,-2.4492908,-0.6762746,-0.9233326,-1.0703527,10.530098,1
4.0,4,-3.6508772,-4.4144835,-4.805095,4.5329556,5.727476,-3.7207153,1
4.0,4,-3.6508772,-4.414483,-4.805095,4.5329556,5.727475,-3.7207153,1
4.0,4,-3.6508772,-4.4144826,-4.805095,4.5329556,5.727475,-3.7207153,1
4.0,4,-3.6508772,-4.414483,-4.8050947,4.5329556,5.7274756,-3.7207153,1
4.0,4,-3.6508772,-4.414483,-4.805095,4.5329556,5.727475,-3.7207153,1
4.0,4,-3.6508772,-4.4144835,-4.805095,4.5329556,5.727475,-3.7207153,1
1.0,1,-0.9596644,8.423298,-2.200119,-1.5659195,-2.4188585,-1.1909063,1
1.0,1,-0.9596639,8.423298,-2.2001188,-1.5659198,-2.4188585,-1.1909062,1
1.0,1,-0.9596643,8.423299,-2.2001185,-1.5659195,-2.4188588,-1.190906,1
1.0,1,-0.9596644,8.423298,-2.2001188,-1.5659195,-2.4188583,-1.190906,1
1.0,1,-0.9596645,8.423298,-2.2001188,-1.5659193,-2.4188585,-1.190906,1
1.0,1,-0.95966464,8.423298,-2.2001185,-1.5659192,-2.418858,-1.1909059,1
3.0,3,-2.5076666,-2.4273405,-2.1429381,7.2582746,-0.3347883,-3.278177,1
3.0,3,-2.5076666,-2.4273405,-2.1429384,7.258273,-0.33478826,-3.278177,1
3.0,3,-2.5076666,-2.4273407,-2.1429384,7.258274,-0.33478832,-3.278177,1
3.0,3,-2.5076666,-2.4273405,-2.1429384,7.258273,-0.33478823,-3.278177,1
3.0,3,-2.5076663,-2.4273405,-2.1429384,7.258273,-0.33478832,-3.278177,1
3.0,3,-2.5076666,-2.4273405,-2.1429381,7.258274,-0.3347883,-3.278177,1
3.0,3,-3.1767588,-4.417126,-4.365356,5.978254,4.49693,-3.2004795,1
3.0,3,-3.1767585,-4.417127,-4.365356,5.9782534,4.496931,-3.20048,1
3.0,3,-3.1767585,-4.4171267,-4.365356,5.978254,4.49693,-3.20048,1
3.0,3,-3.1767588,-4.4171267,-4.365356,5.9782534,4.4969306,-3.2004795,1
3.0,3,-3.1767585,-4.417126,-4.365356,5.9782534,4.49693,-3.2004795,1
3.0,3,-3.1767585,-4.417127,-4.365356,5.9782534,4.4969306,-3.20048,1
5.0,5,-1.051489,-3.01474,1.3633916,-0.6312648,-1.2689892,10.390493,1
5.0,5,-1.0514891,-3.01474,1.3633915,-0.6312647,-1.2689892,10.390494,1
5.0,5,-1.0514891,-3.0147402,1.363392,-0.6312647,-1.2689892,10.390493,1
5.0,5,-1.0514891,-3.01474,1.3633914,-0.63126487,-1.2689893,10.390493,1
5.0,5,-1.051489,-3.01474,1.3633915,-0.6312647,-1.2689893,10.390493,1
5.0,5,-1.0514891,-3.01474,1.3633918,-0.6312647,-1.2689893,10.390493,1
3.0,3,-3.049283,-3.833822,-4.02621,7.3752365,2.7374146,-3.8423803,1
3.0,3,-3.0492833,-3.833822,-4.0262094,7.375236,2.7374146,-3.8423803,1
3.0,3,-3.0492833,-3.8338225,-4.02621,7.3752365,2.7374141,-3.8423803,1
3.0,3,-3.0492833,-3.833822,-4.02621,7.375236,2.7374148,-3.8423803,1
3.0,3,-3.049283,-3.8338225,-4.02621,7.3752365,2.7374146,-3.8423803,1
3.0,3,-3.049283,-3.8338225,-4.0262094,7.3752365,2.7374146,-3.8423803,1
1.0,1,-0.05027388,8.743932,-2.1806464,-2.2930803,-2.3445299,-1.9407679,1
1.0,1,-0.050273806,8.743933,-2.1806464,-2.2930799,-2.3445299,-1.9407681,1
1.0,1,-0.050273895,8.743933,-2.1806464,-2.2930799,-2.3445299,-1.9407681,1
1.0,1,-0.050273716,8.743933,-2.1806467,-2.2930803,-2.3445294,-1.9407681,1
1.0,1,-0.050273255,8.743932,-2.1806467,-2.2930803,-2.3445294,-1.9407681,1
1.0,1,-0.050273366,8.743932,-2.1806467,-2.2930803,-2.3445299,-1.9407679,1
3.0,3,-2.1685307,-2.6685038,-1.1584448,7.138963,-0.7920963,-3.4883726,1
3.0,3,-2.168531,-2.6685038,-1.158445,7.138963,-0.79209614,-3.4883726,1
3.0,3,-2.1685307,-2.6685042,-1.158445,7.138963,-0.79209626,-3.4883726,1
3.0,3,-2.1685307,-2.6685038,-1.1584449,7.138963,-0.79209626,-3.4883726,1
3.0,3,-2.1685307,-2.6685038,-1.1584449,7.1389627,-0.79209626,-3.488373,1
3.0,3,-2.1685307,-2.668504,-1.1584446,7.1389627,-0.7920963,-3.488373,1
0.0,0,7.933444,0.612398,-1.4632448,-3.7908561,-1.2440991,-3.2339263,1
0.0,0,7.933445,0.61239725,-1.4632431,-3.7908561,-1.2440991,-3.2339263,1
0.0,0,7.933445,0.6123977,-1.4632441,-3.7908561,-1.2440989,-3.2339263,1
0.0,0,7.933445,0.6123973,-1.4632434,-3.7908561,-1.2440994,-3.2339263,1
0.0,0,7.933444,0.6123974,-1.4632436,-3.7908561,-1.2440994,-3.2339268,1
0.0,0,7.933445,0.6123974,-1.4632438,-3.7908561,-1.2440989,-3.2339263,1
1.0,1,-1.0721239,8.531399,-2.0197341,-1.8229995,-2.3096728,-1.4202094,1
1.0,1,-1.0721236,8.531398,-2.0197337,-1.8229996,-2.309673,-1.4202095,1
1.0,1,-1.0721239,8.531399,-2.0197341,-1.8230001,-2.309673,-1.4202094,1
1.0,1,-1.0721239,8.531399,-2.0197344,-1.8229994,-2.309673,-1.4202095,1
1.0,1,-1.0721238,8.531398,-2.0197341,-1.8229995,-2.309673,-1.4202096,1
1.0,1,-1.0721239,8.531398,-2.019734,-1.8229995,-2.3096728,-1.4202095,1
2.0,2,-0.86861724,-1.9192542,8.878483,-2.65325,-1.1951647,-1.7241789,1
2.0,2,-0.868618,-1.919254,8.878483,-2.653249,-1.1951647,-1.7241799,1
2.0,2,-0.868618,-1.9192542,8.878484,-2.653249,-1.1951647,-1.7241803,1
2.0,2,-0.86861825,-1.9192542,8.878484,-2.6532485,-1.1951646,-1.7241803,1
2.0,2,-0.8686174,-1.9192542,8.878484,-2.653249,-1.1951649,-1.7241803,1
2.0,2,-0.86861694,-1.919254,8.878484,-2.6532502,-1.1951646,-1.7241796,1
3.0,3,-3.0000846,-4.687207,-4.144338,5.958607,4.473809,-3.2543387,1
3.0,3,-3.0000849,-4.687207,-4.1443386,5.958607,4.473809,-3.2543385,1
3.0,3,-3.0000849,-4.6872067,-4.1443386,5.958607,4.473808,-3.254338,1
3.0,3,-3.0000849,-4.687207,-4.1443386,5.958607,4.4738083,-3.2543385,1
3.0,3,-3.000085,-4.687207,-4.144338,5.958607,4.4738083,-3.254338,1
3.0,3,-3.0000846,-4.687207,-4.144338,5.958607,4.473809,-3.2543387,1
2.0,2,-0.41092455,-1.8382009,8.836222,-3.037235,-1.1808692,-1.7179159,1
2.0,2,-0.41092807,-1.8382027,8.83622,-3.0372303,-1.1808681,-1.7179191,1
2.0,2,-0.41092795,-1.8382025,8.83622,-3.0372303,-1.1808678,-1.7179205,1
2.0,2,-0.41092885,-1.8382032,8.83622,-3.0372288,-1.1808673,-1.7179215,1
2.0,2,-0.41092765,-1.8382027,8.83622,-3.0372303,-1.180868,-1.7179205,1
2.0,2,-0.41092736,-1.8382027,8.836221,-3.0372312,-1.1808683,-1.7179196,1
3.0,3,-3.4744732,-3.2661653,-4.7575316,6.406755,3.4841068,-3.1429052,1
3.0,3,-3.474473,-3.266165,-4.7575316,6.4067545,3.4841063,-3.1429052,1
3.0,3,-3.4744732,-3.266165,-4.7575316,6.406755,3.4841065,-3.142905,1
3.0,3,-3.4744732,-3.2661653,-4.757532,6.406755,3.4841065,-3.1429052,1
3.0,3,-3.474473,-3.266165,-4.7575316,6.4067554,3.4841068,-3.1429052,1
3.0,3,-3.4744732,-3.266165,-4.757532,6.4067554,3.4841063,-3.1429052,1
5.0,5,-0.86212206,-2.8302324,0.80638874,0.036208034,-1.4326928,10.026002,1
5.0,5,-0.86212194,-2.8302324,0.8063886,0.036208004,-1.4326928,10.026002,1
5.0,5,-0.8621219,-2.8302321,0.80638874,0.036208123,-1.4326925,10.026002,1
5.0,5,-0.86212194,-2.8302324,0.8063886,0.03620799,-1.4326928,10.026002,1
5.0,5,-0.86212206,-2.8302324,0.80638874,0.036208034,-1.4326928,10.026002,1
5.0,5,-0.8621219,-2.8302326,0.8063886,0.036208063,-1.4326928,10.026002,1
4.0,4,-3.4239643,-4.1667795,-4.7786202,3.7270072,6.0572276,-3.7432148,1
4.0,4,-3.423964,-4.1667795,-4.7786202,3.7270072,6.0572276,-3.743215,1
4.0,4,-3.423964,-4.166779,-4.7786202,3.7270079,6.0572276,-3.7432146,1
4.0,4,-3.4239638,-4.1667795,-4.7786202,3.7270076,6.0572276,-3.7432148,1
4.0,4,-3.4239643,-4.166779,-4.7786202,3.7270072,6.057228,-3.7432153,1
4.0,4,-3.4239643,-4.1667795,-4.7786207,3.7270072,6.057227,-3.743215,1
4.0,4,-1.9801012,-4.2159667,-3.833388,1.4844351,6.159648,-3.8695552,1
4.0,4,-1.9801006,-4.2159667,-3.833388,1.4844341,6.159648,-3.869555,1
4.0,4,-1.9801006,-4.2159667,-3.8333879,1.4844347,6.159648,-3.869555,1
4.0,4,-1.9801006,-4.2159667,-3.8333883,1.4844344,6.159648,-3.869555,1
4.0,4,-1.9801004,-4.2159667,-3.8333876,1.4844341,6.1596475,-3.8695552,1
4.0,4,-1.9801009,-4.2159667,-3.8333876,1.4844344,6.159648,-3.869555,1
4.0,4,-2.9527137,-4.030199,-4.5204196,2.7068663,6.352969,-3.639162,1
4.0,4,-2.952714,-4.0302,-4.5204196,2.7068665,6.352969,-3.6391616,1
4.0,4,-2.9527137,-4.0301995,-4.5204196,2.7068655,6.3529687,-3.6391616,1
4.0,4,-2.9527137,-4.030199,-4.5204196,2.7068663,6.3529687,-3.639161,1
4.0,4,-2.9527137,-4.030199,-4.5204206,2.706866,6.3529687,-3.639161,1
4.0,4,-2.952714,-4.0301995,-4.5204196,2.706866,6.3529687,-3.6391616,1
2.0,2,-1.6274546,-2.404669,8.74693,-0.82119155,-1.2182456,-2.6616662,1
2.0,2,-1.627548,-2.4047184,8.746888,-0.82098764,-1.2182615,-2.6617458,1
2.0,2,-1.627531,-2.404709,8.746899,-0.8210255,-1.2182592,-2.66173,1
2.0,2,-1.6274986,-2.4046872,8.746914,-0.82111657,-1.2182481,-2.6616912,1
2.0,2,-1.6274939,-2.4046845,8.746916,-0.82112473,-1.2182465,-2.6616876,1
2.0,2,-1.6275152,-2.404696,8.746905,-0.82107943,-1.2182506,-2.6617053,1
2.0,2,0.019794121,-2.174175,8.739258,-2.1415784,-1.2258035,-2.7341032,1
2.0,2,0.019782744,-2.174179,8.739262,-2.1415582,-1.2258072,-2.7341106,1
2.0,2,0.01978165,-2.1741788,8.739262,-2.1415582,-1.2258062,-2.7341104,1
2.0,2,0.019784093,-2.1741788,8.73926,-2.1415603,-1.225807,-2.73411,1
2.0,2,0.019787349,-2.1741824,8.7392645,-2.141551,-1.2258122,-2.734116,1
2.0,2,0.019786164,-2.1741848,8.739262,-2.1415415,-1.2258166,-2.7341208,1
5.0,5,-0.28778782,-2.1066864,-1.1771057,-0.8158976,-1.0393364,10.518476,1
5.0,5,-0.2877878,-2.1066864,-1.1771057,-0.8158976,-1.0393362,10.518476,1
5.0,5,-0.28778774,-2.1066864,-1.1771054,-0.8158976,-1.0393362,10.518475,1
5.0,5,-0.2877878,-2.1066866,-1.1771057,-0.81589746,-1.0393362,10.518476,1
5.0,5,-0.28778774,-2.1066864,-1.1771057,-0.8158976,-1.0393364,10.518476,1
5.0,5,-0.28778785,-2.1066864,-1.1771055,-0.8158976,-1.0393362,10.518475,1
1.0,1,-0.97830266,8.556135,-2.1022034,-1.8279073,-2.3302538,-1.2740934,1
1.0,1,-0.97830254,8.556135,-2.1022034,-1.8279073,-2.3302538,-1.2740936,1
1.0,1,-0.9783024,8.556135,-2.1022031,-1.8279071,-2.3302538,-1.2740936,1
1.0,1,-0.97830254,8.556135,-2.1022034,-1.8279071,-2.3302538,-1.2740936,1
1.0,1,-0.9783024,8.556135,-2.1022031,-1.8279073,-2.3302536,-1.2740939,1
1.0,1,-0.97830254,8.556135,-2.1022034,-1.8279073,-2.3302538,-1.2740934,1
5.0,5,-0.23534754,-2.5090172,-0.46632442,-0.9420277,-1.0344073,10.607767,1
5.0,5,-0.23534748,-2.509017,-0.46632478,-0.94202745,-1.0344071,10.607766,1
5.0,5,-0.23534752,-2.5090172,-0.46632466,-0.94202733,-1.0344073,10.607767,1
5.0,5,-0.2353476,-2.5090172,-0.46632478,-0.94202733,-1.0344071,10.607767,1
5.0,5,-0.23534751,-2.509017,-0.46632466,-0.94202745,-1.0344073,10.607767,1
5.0,5,-0.2353475,-2.5090168,-0.46632442,-0.94202733,-1.0344073,10.607767,1
2.0,2,-1.1147496,-1.9705124,9.081137,-1.6160337,-1.7650553,-2.2197032,1
2.0,2,-1.1147501,-1.9705124,9.081138,-1.6160325,-1.7650555,-2.2197042,1
2.0,2,-1.1147499,-1.9705124,9.081139,-1.616032,-1.7650559,-2.2197044,1
2.0,2,-1.11475,-1.9705132,9.081138,-1.6160312,-1.7650561,-2.2197049,1
2.0,2,-1.11475,-1.9705127,9.081138,-1.6160315,-1.7650561,-2.2197046,1
2.0,2,-1.1147498,-1.9705124,9.081137,-1.616033,-1.7650554,-2.2197042,1
3.0,3,-2.5524085,-3.6601243,-5.0278296,6.4941416,3.9834764,-4.7706866,1
3.0,3,-2.5524087,-3.6601238,-5.0278296,6.4941416,3.9834764,-4.770687,1
3.0,3,-2.5524087,-3.6601236,-5.0278296,6.4941425,3.9834754,-4.7706866,1
3.0,3,-2.552409,-3.6601243,-5.0278296,6.4941416,3.983476,-4.7706866,1
3.0,3,-2.552409,-3.6601243,-5.0278296,6.494142,3.9834764,-4.770687,1
3.0,3,-2.5524087,-3.6601245,-5.02783,6.494142,3.9834769,-4.7706857,1
1.0,1,-1.6146201,8.275277,-2.0518205,-1.2217491,-2.4433627,-0.9769111,1
1.0,1,-1.6146202,8.275277,-2.0518208,-1.2217491,-2.4433627,-0.97691095,1
1.0,1,-1.6146202,8.275277,-2.0518203,-1.221749,-2.4433632,-0.9769109,1
1.0,1,-1.6146202,8.275278,-2.0518205,-1.2217487,-2.4433627,-0.9769112,1
1.0,1,-1.6146201,8.275277,-2.0518203,-1.2217491,-2.4433627,-0.9769112,1
1.0,1,-1.61462,8.275277,-2.0518208,-1.2217491,-2.4433632,-0.9769108,1
5.0,5,-0.30087888,-2.3280456,-0.80714494,-0.89335436,-1.0062395,10.62018,1
5.0,5,-0.30087894,-2.3280458,-0.807145,-0.8933543,-1.0062394,10.620179,1
5.0,5,-0.30087894,-2.3280458,-0.80714506,-0.8933542,-1.0062393,10.620181,1
5.0,5,-0.30087894,-2.3280454,-0.80714494,-0.89335436,-1.0062393,10.620179,1
5.0,5,-0.300879,-2.3280458,-0.8071451,-0.89335394,-1.0062393,10.620179,1
5.0,5,-0.30087906,-2.3280456,-0.80714494,-0.893354,-1.0062394,10.62018,1
0.0,0,5.8580766,2.3589973,-2.765692,0.31424707,-2.8099186,-5.4732347,1
0.0,0,5.8580775,2.3589969,-2.7656918,0.31424746,-2.809919,-5.4732347,1
0.0,0,5.8580775,2.358997,-2.7656908,0.31424722,-2.8099198,-5.4732337,1
0.0,0,5.8580775,2.3589976,-2.7656913,0.31424618,-2.8099194,-5.473235,1
0.0,0,5.8580775,2.3589969,-2.7656915,0.31424713,-2.809919,-5.473234,1
0.0,0,5.858078,2.3589973,-2.7656913,0.31424624,-2.8099194,-5.473235,1
3.0,3,-3.1666605,-4.2758822,-4.3304706,6.514574,3.9360986,-3.2989438,1
3.0,3,-3.1666617,-4.275882,-4.33047,6.514574,3.9360983,-3.2989445,1
3.0,3,-3.1666605,-4.2758822,-4.3304706,6.5145736,3.9360986,-3.2989438,1
3.0,3,-3.166661,-4.275882,-4.3304696,6.514574,3.9360986,-3.298944,1
3.0,3,-3.1666613,-4.2758822,-4.3304696,6.514574,3.9360983,-3.298944,1
3.0,3,-3.1666605,-4.275882,-4.33047,6.5145736,3.9360986,-3.2989442,1
5.0,5,-1.9490308,-3.3373473,2.4707043,0.41534576,-1.5729003,9.511192,1
5.0,5,-1.9490304,-3.3373473,2.4707038,0.41534564,-1.5729004,9.511191,1
5.0,5,-1.9490304,-3.3373468,2.4707038,0.4153457,-1.5729002,9.511192,1
5.0,5,-1.9490309,-3.3373473,2.4707043,0.41534564,-1.5729003,9.511191,1
5.0,5,-1.9490305,-3.3373473,2.4707043,0.41534582,-1.5729003,9.511192,1
5.0,5,-1.9490309,-3.3373468,2.4707048,0.41534588,-1.5729005,9.511191,1
2.0,2,-2.2434733,-2.37054,8.506123,0.25095993,-1.7257495,-2.70275,1
2.0,2,-2.2434738,-2.37054,8.506122,0.25096023,-1.7257495,-2.7027497,1
2.0,2,-2.2434738,-2.3705397,8.506123,0.25095984,-1.7257495,-2.70275,1
2.0,2,-2.2434735,-2.3705401,8.506123,0.25096017,-1.7257495,-2.7027497,1
2.0,2,-2.2434738,-2.37054,8.506123,0.2509601,-1.7257495,-2.70275,1
2.0,2,-2.2434738,-2.37054,8.506123,0.25095993,-1.7257495,-2.70275,1
0.0,0,8.104735,-0.2960729,0.14641017,-3.6498127,-1.8460889,-2.713005,1
0.0,0,8.104735,-0.29607227,0.14640924,-3.6498125,-1.8460889,-2.7130058,1
0.0,0,8.104736,-0.2960719,0.14640865,-3.6498125,-1.8460888,-2.7130055,1
0.0,0,8.104736,-0.29607162,0.14640796,-3.6498127,-1.8460885,-2.7130048,1
0.0,0,8.104736,-0.29607207,0.14640877,-3.6498127,-1.8460888,-2.713005,1
0.0,0,8.104736,-0.29607198,0.14640889,-3.6498122,-1.8460886,-2.7130053,1
3.0,3,-2.6688676,-2.8154948,-0.65029746,7.097749,-0.6338223,-3.5669377,1
3.0,3,-2.6688669,-2.8154948,-0.65029794,7.0977483,-0.6338223,-3.5669374,1
3.0,3,-2.6688666,-2.8154948,-0.65029824,7.0977483,-0.63382226,-3.5669374,1
3.0,3,-2.6688669,-2.8154948,-0.65029824,7.0977483,-0.63382226,-3.5669374,1
3.0,3,-2.668867,-2.8154948,-0.6502982,7.0977483,-0.63382226,-3.5669374,1
3.0,3,-2.668867,-2.8154948,-0.65029776,7.097749,-0.6338223,-3.5669372,1
2.0,2,-1.1764314,-2.147876,8.856954,-1.8750403,-1.0886734,-2.262269,1
2.0,2,-1.1764631,-2.1478868,8.856954,-1.8749847,-1.0886774,-2.2622979,1
2.0,2,-1.1764537,-2.147887,8.856953,-1.8749831,-1.0886812,-2.2623048,1
2.0,2,-1.1764424,-2.147889,8.856956,-1.8749728,-1.088689,-2.2623196,1
2.0,2,-1.176446,-2.1478875,8.856955,-1.8749796,-1.0886853,-2.2623115,1
2.0,2,-1.1764495,-2.147887,8.856955,-1.8749812,-1.0886835,-2.2623081,1
4.0,4,-3.4912896,-4.795356,-4.477665,4.929631,5.7146163,-3.290808,1
4.0,4,-3.4912896,-4.795356,-4.477664,4.929631,5.714616,-3.290808,1
4.0,4,-3.4912896,-4.7953563,-4.4776645,4.929632,5.7146163,-3.2908077,1
4.0,4,-3.49129,-4.795356,-4.4776645,4.929632,5.7146163,-3.290808,1
4.0,4,-3.4912896,-4.7953553,-4.477664,4.929632,5.7146163,-3.2908077,1
4.0,4,-3.4912896,-4.795356,-4.477664,4.929632,5.7146163,-3.2908075,1
3.0,3,-3.4861302,-3.3755388,-4.7418323,6.393474,3.6082842,-3.135189,1
3.0,3,-3.4861302,-3.3755393,-4.7418323,6.393474,3.6082842,-3.1351898,1
3.0,3,-3.4861305,-3.3755388,-4.7418323,6.393474,3.6082842,-3.135189,1
3.0,3,-3.4861307,-3.3755388,-4.7418323,6.3934746,3.6082842,-3.135189,1
3.0,3,-3.4861305,-3.3755393,-4.7418323,6.393474,3.6082842,-3.1351893,1
3.0,3,-3.4861307,-3.3755388,-4.7418327,6.393474,3.6082847,-3.1351895,1
0.0,0,8.0032215,-0.5765212,0.6288163,-3.6580913,-1.8091588,-2.6020553,1
0.0,0,8.003221,-0.5765239,0.6288213,-3.6580927,-1.8091581,-2.602056,1
0.0,0,8.003221,-0.576524,0.6288213,-3.6580927,-1.8091581,-2.602056,1
0.0,0,8.003222,-0.57652366,0.6288207,-3.658093,-1.8091578,-2.602056,1
0.0,0,8.003222,-0.5765239,0.6288213,-3.6580927,-1.8091584,-2.602056,1
0.0,0,8.003221,-0.5765244,0.6288223,-3.658093,-1.8091582,-2.602056,1
4.0,4,-3.0091712,-3.9153638,-4.4103627,2.5878434,6.360838,-3.6319325,1
4.0,4,-3.0091712,-3.9153633,-4.410363,2.5878437,6.360838,-3.6319325,1
4.0,4,-3.0091712,-3.9153633,-4.410363,2.5878434,6.360838,-3.6319323,1
4.0,4,-3.0091708,-3.915363,-4.410363,2.5878437,6.360837,-3.6319325,1
4.0,4,-3.0091712,-3.915363,-4.410363,2.5878437,6.360838,-3.6319325,1
4.0,4,-3.0091712,-3.9153633,-4.410363,2.5878437,6.360838,-3.6319325,1
2.0,2,-1.1415095,-1.660828,9.057787,-2.0046313,-1.8590293,-1.8533235,1
2.0,2,-1.1415095,-1.6608281,9.057787,-2.0046313,-1.859029,-1.8533238,1
2.0,2,-1.1415095,-1.6608284,9.057787,-2.0046303,-1.8590293,-1.8533239,1
2.0,2,-1.1415098,-1.6608285,9.057785,-2.0046299,-1.8590295,-1.8533239,1
2.0,2,-1.1415095,-1.6608285,9.057786,-2.00463,-1.8590295,-1.8533242,1
2.0,2,-1.1415102,-1.6608282,9.057785,-2.00463,-1.8590295,-1.8533237,1
5.0,5,-2.8172784,-3.5941157,2.1928067,1.8086797,-1.5993993,8.835988,1
5.0,5,-2.8172777,-3.594116,2.1928067,1.8086792,-1.5993991,8.835988,1
5.0,5,-2.8172784,-3.5941162,2.1928072,1.8086798,-1.5993991,8.835988,1
5.0,5,-2.8172781,-3.594116,2.1928067,1.8086792,-1.5993991,8.835988,1
5.0,5,-2.8172777,-3.5941157,2.1928067,1.8086792,-1.5993992,8.835988,1
5.0,5,-2.8172777,-3.594116,2.1928067,1.8086795,-1.5993994,8.835988,1
2.0,2,-0.41510642,-1.994318,8.868721,-2.4921596,-1.1679455,-2.2495027,1
2.0,2,-0.41518617,-1.9943497,8.868717,-2.492048,-1.1679337,-2.2495487,1
2.0,2,-0.41506833,-1.9943473,8.868724,-2.4920547,-1.1679767,-2.2496004,1
2.0,2,-0.41488218,-1.9943466,8.868734,-2.4920545,-1.1680444,-2.2496912,1
2.0,2,-0.41497666,-1.9943438,8.868726,-2.4920647,-1.1680074,-2.249637,1
2.0,2,-0.4149704,-1.9943416,8.868727,-2.4920728,-1.1680098,-2.2496336,1
2.0,2,-0.7487716,-1.8931178,8.720141,-3.051636,-1.0364916,-1.3787477,1
2.0,2,-0.74877125,-1.8931175,8.720141,-3.0516355,-1.0364916,-1.3787479,1
2.0,2,-0.7487713,-1.8931178,8.7201395,-3.051636,-1.0364916,-1.3787479,1
2.0,2,-0.74877125,-1.8931178,8.720141,-3.0516357,-1.0364916,-1.3787478,1
2.0,2,-0.7487715,-1.8931178,8.720141,-3.0516355,-1.0364916,-1.3787478,1
2.0,2,-0.7487713,-1.8931178,8.72014,-3.051635,-1.0364916,-1.3787479,1
3.0,3,-2.1954765,-2.392798,-1.536794,7.0596104,-0.7707386,-3.3924181,1
3.0,3,-2.1954765,-2.3927977,-1.536794,7.0596104,-0.7707386,-3.3924184,1
3.0,3,-2.1954763,-2.392798,-1.5367941,7.0596104,-0.7707386,-3.3924184,1
3.0,3,-2.1954763,-2.3927977,-1.5367941,7.0596104,-0.7707388,-3.3924184,1
3.0,3,-2.1954763,-2.3927977,-1.5367942,7.0596104,-0.7707386,-3.3924184,1
3.0,3,-2.1954765,-2.3927982,-1.536794,7.0596094,-0.7707386,-3.3924181,1
3.0,3,-3.6087043,-1.7334576,-4.988067,6.3428693,2.4821196,-3.0052178,1
3.0,3,-3.6087039,-1.733459,-4.9880676,6.3428693,2.4821203,-3.0052185,1
3.0,3,-3.6087039,-1.7334592,-4.9880676,6.34287,2.4821203,-3.0052192,1
3.0,3,-3.6087039,-1.7334592,-4.9880676,6.3428693,2.4821205,-3.005219,1
3.0,3,-3.6087046,-1.7334586,-4.9880676,6.3428698,2.4821203,-3.0052185,1
3.0,3,-3.6087043,-1.7334595,-4.988068,6.3428698,2.4821205,-3.0052187,1
3.0,3,-3.138472,-4.263595,-4.273457,6.69014,3.734999,-3.3715973,1
3.0,3,-3.1384716,-4.2635946,-4.2734566,6.6901402,3.7349985,-3.3715975,1
3.0,3,-3.1384716,-4.263595,-4.273457,6.6901402,3.7349985,-3.3715975,1
3.0,3,-3.1384716,-4.263595,-4.273456,6.6901402,3.7349987,-3.3715973,1
3.0,3,-3.1384718,-4.263594,-4.273456,6.69014,3.734999,-3.3715973,1
3.0,3,-3.1384718,-4.263595,-4.2734566,6.6901402,3.7349987,-3.3715973,1
5.0,5,-0.6739737,-2.4760745,-0.5188716,-0.8468185,-0.8993124,10.668398,1
5.0,5,-0.67397386,-2.4760745,-0.51887137,-0.84681857,-0.8993124,10.668399,1
5.0,5,-0.67397374,-2.4760745,-0.5188715,-0.84681827,-0.89931226,10.668399,1
5.0,5,-0.6739737,-2.4760745,-0.51887125,-0.8468185,-0.89931226,10.668399,1
5.0,5,-0.6739737,-2.4760742,-0.51887137,-0.8468186,-0.8993124,10.668398,1
5.0,5,-0.6739737,-2.4760745,-0.51887125,-0.8468187,-0.8993125,10.668398,1
0.0,0,7.676765,2.5931842,-0.5495326,-3.6973805,-2.8237681,-3.576997,1
0.0,0,7.676765,2.5931847,-0.54953337,-3.6973805,-2.823768,-3.5769966,1
0.0,0,7.676765,2.5931845,-0.5495327,-3.6973805,-2.823768,-3.576997,1
0.0,0,7.676765,2.5931845,-0.54953283,-3.6973805,-2.823768,-3.576997,1
0.0,0,7.676765,2.5931845,-0.5495328,-3.6973805,-2.823768,-3.576997,1
0.0,0,7.676765,2.5931845,-0.5495323,-3.6973803,-2.8237681,-3.576997,1
3.0,3,-3.3687558,-4.7054453,-3.5676844,6.679837,3.8093555,-3.3554235,1
3.0,3,-3.3687558,-4.7054453,-3.567684,6.679837,3.8093557,-3.3554235,1
3.0,3,-3.3687558,-4.7054453,-3.5676837,6.6798368,3.8093553,-3.355424,1
3.0,3,-3.368756,-4.7054453,-3.5676842,6.679837,3.8093553,-3.3554242,1
3.0,3,-3.3687558,-4.7054453,-3.567684,6.679837,3.8093562,-3.355424,1
3.0,3,-3.3687558,-4.705445,-3.567684,6.679837,3.8093557,-3.355424,1
5.0,5,-1.7061582,-3.2062373,2.092555,0.4411616,-1.6420429,9.626855,1
5.0,5,-1.7061582,-3.206237,2.092555,0.44116125,-1.6420428,9.626854,1
5.0,5,-1.706158,-3.206237,2.0925543,0.44116125,-1.6420428,9.626854,1
5.0,5,-1.706158,-3.206237,2.0925546,0.44116127,-1.6420425,9.626854,1
5.0,5,-1.7061582,-3.206237,2.0925546,0.4411613,-1.6420428,9.626854,1
5.0,5,-1.7061582,-3.206237,2.0925546,0.44116125,-1.6420428,9.626854,1
1.0,1,0.52513677,8.611187,-2.2280507,-2.3948689,-2.529183,-1.8451154,1
1.0,1,0.52513725,8.611187,-2.2280507,-2.394869,-2.529183,-1.8451152,1
1.0,1,0.52513677,8.611187,-2.2280502,-2.394869,-2.529183,-1.8451153,1
1.0,1,0.5251369,8.611187,-2.2280505,-2.3948693,-2.5291834,-1.8451153,1
1.0,1,0.5251369,8.611187,-2.2280502,-2.3948693,-2.529183,-1.8451153,1
1.0,1,0.525137,8.611187,-2.2280505,-2.394869,-2.5291834,-1.8451154,1
5.0,5,-0.36886883,-2.3467803,-0.6624043,-0.9699019,-1.0107248,10.626556,1
5.0,5,-0.36886895,-2.3467805,-0.6624042,-0.96990204,-1.0107247,10.626556,1
5.0,5,-0.36886895,-2.3467805,-0.66240424,-0.9699019,-1.010725,10.626556,1
5.0,5,-0.36886895,-2.3467803,-0.6624042,-0.9699019,-1.0107249,10.626556,1
5.0,5,-0.368869,-2.3467805,-0.6624042,-0.9699019,-1.0107248,10.626556,1
5.0,5,-0.36886895,-2.3467803,-0.6624044,-0.9699017,-1.0107247,10.626556,1
0.0,0,8.002228,0.51937425,-0.7003871,-3.760844,-1.7477344,-3.1873143,1
0.0,0,8.002228,0.5193742,-0.70038694,-3.760844,-1.7477344,-3.1873143,1
0.0,0,8.002229,0.51937425,-0.70038694,-3.760844,-1.7477344,-3.1873145,1
0.0,0,8.002229,0.5193742,-0.70038694,-3.760844,-1.7477345,-3.1873143,1
0.0,0,8.002228,0.5193742,-0.7003867,-3.760844,-1.7477344,-3.1873145,1
0.0,0,8.002228,0.5193738,-0.7003866,-3.7608435,-1.7477344,-3.1873136,1
0.0,0,8.057713,-0.042394955,-0.35105065,-3.6438847,-1.6854485,-2.9806728,1
0.0,0,8.057713,-0.042394977,-0.35105073,-3.6438847,-1.6854483,-2.9806728,1
0.0,0,8.057713,-0.042394828,-0.35105082,-3.6438847,-1.6854482,-2.9806728,1
0.0,0,8.057713,-0.042395014,-0.3510507,-3.6438847,-1.6854484,-2.980673,1
0.0,0,8.0577135,-0.04239494,-0.35105032,-3.6438847,-1.6854486,-2.980673,1
0.0,0,8.057713,-0.042395126,-0.35105085,-3.6438844,-1.6854482,-2.980673,1
2.0,2,0.22980134,-1.7634482,8.897259,-3.176752,-1.4299929,-1.9304781,1
2.0,2,0.22985478,-1.7634431,8.897259,-3.1767676,-1.430009,-1.9304899,1
2.0,2,0.22991617,-1.7634407,8.897258,-3.1767883,-1.4300214,-1.9305077,1
2.0,2,0.22995056,-1.7634403,8.897251,-3.1767976,-1.4300263,-1.9305183,1
2.0,2,0.22991894,-1.7634407,8.897256,-3.1767893,-1.430021,-1.9305083,1
2.0,2,0.22988202,-1.7634428,8.897254,-3.1767774,-1.430013,-1.9304991,1
3.0,3,-2.5094295,-2.4278538,-2.144846,7.259043,-0.33325267,-3.2760942,1
3.0,3,-2.5094292,-2.4278538,-2.1448457,7.2590437,-0.3332529,-3.2760947,1
3.0,3,-2.5094295,-2.427854,-2.144846,7.259043,-0.3332529,-3.2760952,1
3.0,3,-2.50943,-2.4278538,-2.144846,7.2590437,-0.33325285,-3.2760947,1
3.0,3,-2.5094297,-2.4278538,-2.144846,7.259043,-0.3332528,-3.2760952,1
3.0,3,-2.5094297,-2.4278538,-2.1448462,7.2590437,-0.33325285,-3.2760952,1
1.0,1,-1.5948256,8.342206,-2.1085818,-1.391399,-2.2377272,-1.230271,1
1.0,1,-1.5948254,8.342206,-2.108582,-1.3913991,-2.237727,-1.2302712,1
1.0,1,-1.5948255,8.342206,-2.108582,-1.3913988,-2.2377274,-1.2302713,1
1.0,1,-1.5948254,8.342205,-2.108582,-1.3913994,-2.2377267,-1.2302712,1
1.0,1,-1.5948255,8.342206,-2.1085818,-1.3913991,-2.2377267,-1.2302712,1
1.0,1,-1.5948255,8.342206,-2.108582,-1.3913993,-2.237727,-1.2302711,1
0.0,0,8.046107,-0.13076086,0.6575989,-3.508623,-2.3114195,-2.9639535,1
0.0,0,8.046107,-0.13076083,0.65759915,-3.508623,-2.311419,-2.9639537,1
0.0,0,8.046107,-0.13076065,0.65759903,-3.5086231,-2.3114192,-2.9639537,1
0.0,0,8.046107,-0.13076074,0.65759814,-3.5086231,-2.311419,-2.9639535,1
0.0,0,8.046107,-0.13076074,0.6575985,-3.5086231,-2.3114195,-2.9639535,1
0.0,0,8.046107,-0.1307605,0.6575975,-3.508623,-2.311419,-2.9639542,1
5.0,5,-0.5617014,-2.2371893,-1.0575248,-0.7255109,-0.92490345,10.548882,1
5.0,5,-0.5617015,-2.2371893,-1.0575247,-0.725511,-0.92490333,10.548882,1
5.0,5,-0.5617014,-2.2371898,-1.0575247,-0.725511,-0.9249036,10.548882,1
5.0,5,-0.5617013,-2.237189,-1.0575248,-0.725511,-0.92490345,10.548882,1
5.0,5,-0.56170136,-2.2371893,-1.0575246,-0.7255109,-0.92490345,10.548882,1
5.0,5,-0.5617015,-2.2371893,-1.0575247,-0.725511,-0.92490345,10.548882,1
3.0,3,-1.9217241,-2.233141,-1.9646742,7.053761,-0.77871567,-3.370572,1
3.0,3,-1.9217238,-2.233141,-1.964674,7.0537605,-0.77871597,-3.370572,1
3.0,3,-1.9217238,-2.2331407,-1.9646742,7.053761,-0.77871567,-3.370572,1
3.0,3,-1.9217241,-2.233141,-1.9646742,7.053761,-0.77871567,-3.370572,1
3.0,3,-1.9217238,-2.233141,-1.9646742,7.053761,-0.7787158,-3.370572,1
3.0,3,-1.9217238,-2.233141,-1.9646744,7.0537605,-0.7787158,-3.370572,1
4.0,4,-2.1792421,-3.8215637,-4.1882844,1.5636504,6.326436,-3.7854857,1
4.0,4,-2.179242,-3.8215637,-4.1882844,1.5636499,6.326436,-3.7854855,1
4.0,4,-2.1792421,-3.8215632,-4.1882844,1.5636504,6.326436,-3.7854855,1
4.0,4,-2.1792421,-3.8215637,-4.1882844,1.56365,6.326436,-3.7854855,1
4.0,4,-2.1792424,-3.8215632,-4.188285,1.5636505,6.326436,-3.785486,1
4.0,4,-2.179242,-3.8215637,-4.1882844,1.5636499,6.326436,-3.7854853,1
0.0,0,6.685765,-1.2447087,4.537943,-4.2488,-2.226497,-2.9208014,1
0.0,0,6.686502,-1.2445155,4.53671,-4.248688,-2.2264786,-2.9208229,1
0.0,0,6.68657,-1.2444979,4.5365944,-4.248677,-2.2264779,-2.9208236,1
0.0,0,6.6867995,-1.2444364,4.536207,-4.248643,-2.2264712,-2.9208314,1
0.0,0,6.686541,-1.2445046,4.536646,-4.248682,-2.22648,-2.920824,1
0.0,0,6.686591,-1.2444931,4.536559,-4.2486744,-2.226476,-2.9208255,1
1.0,1,-0.07135559,8.757351,-2.2666574,-3.189936,-1.988138,-0.73112375,1
1.0,1,-0.07135632,8.757351,-2.266657,-3.189936,-1.9881382,-0.7311235,1
1.0,1,-0.07135552,8.757351,-2.266657,-3.1899364,-1.9881384,-0.7311234,1
1.0,1,-0.07135563,8.757351,-2.266657,-3.1899364,-1.9881382,-0.73112327,1
1.0,1,-0.071354486,8.75735,-2.2666576,-3.1899362,-1.9881378,-0.73112404,1
1.0,1,-0.07135469,8.75735,-2.2666576,-3.189936,-1.988138,-0.73112386,1
4.0,4,-3.151527,-4.1218944,-3.77276,2.4721434,6.0213523,-3.77789,1
4.0,4,-3.1515276,-4.1218953,-3.7727594,2.4721444,6.0213532,-3.777891,1
4.0,4,-3.1515276,-4.121895,-3.7727594,2.472144,6.0213532,-3.777891,1
4.0,4,-3.1515281,-4.1218944,-3.77276,2.4721446,6.0213532,-3.7778912,1
4.0,4,-3.1515272,-4.121895,-3.7727594,2.4721446,6.0213523,-3.777891,1
4.0,4,-3.1515272,-4.121895,-3.7727594,2.472144,6.0213537,-3.7778904,1
3.0,3,-2.7495196,-2.9029899,-0.2152561,7.0242414,-0.68906593,-3.649191,1
3.0,3,-2.7495196,-2.9029896,-0.21525566,7.024241,-0.68906593,-3.6491902,1
3.0,3,-2.7495196,-2.9029899,-0.21525577,7.0242414,-0.68906593,-3.6491907,1
3.0,3,-2.7495196,-2.9029899,-0.21525584,7.0242414,-0.68906593,-3.6491902,1
3.0,3,-2.7495196,-2.9029899,-0.21525604,7.0242414,-0.6890658,-3.6491907,1
3.0,3,-2.7495196,-2.9029899,-0.21525641,7.024242,-0.68906593,-3.6491904,1
2.0,2,-1.2258773,-1.9763241,9.069279,-1.3630617,-1.8921778,-2.271193,1
2.0,2,-1.2258778,-1.9763243,9.069279,-1.3630601,-1.8921783,-2.2711942,1
2.0,2,-1.2258773,-1.9763243,9.069279,-1.3630593,-1.8921788,-2.2711954,1
2.0,2,-1.2258778,-1.9763246,9.069279,-1.3630587,-1.8921785,-2.2711957,1
2.0,2,-1.2258767,-1.9763243,9.069279,-1.3630594,-1.8921791,-2.2711957,1
2.0,2,-1.2258767,-1.9763243,9.06928,-1.3630601,-1.8921788,-2.2711947,1
4.0,4,-3.3238037,-4.2960944,-4.6586018,3.576406,6.17139,-3.6804945,1
4.0,4,-3.3238034,-4.2960935,-4.6586013,3.576406,6.17139,-3.6804948,1
4.0,4,-3.3238037,-4.296095,-4.6586018,3.5764065,6.17139,-3.6804945,1
4.0,4,-3.3238037,-4.2960944,-4.6586018,3.5764062,6.17139,-3.6804945,1
4.0,4,-3.3238037,-4.296095,-4.6586018,3.576406,6.17139,-3.6804945,1
4.0,4,-3.3238041,-4.296095,-4.6586018,3.5764065,6.17139,-3.6804948,1
3.0,3,-2.1700444,-2.6548407,-1.1527894,7.1310744,-0.8031717,-3.4827905,1
3.0,3,-2.1700447,-2.6548407,-1.1527892,7.131075,-0.8031717,-3.4827905,1
3.0,3,-2.1700444,-2.6548407,-1.1527895,7.131075,-0.8031716,-3.4827898,1
3.0,3,-2.1700444,-2.6548407,-1.1527895,7.131075,-0.80317146,-3.4827902,1
3.0,3,-2.1700447,-2.6548407,-1.1527898,7.1310744,-0.8031716,-3.4827902,1
3.0,3,-2.1700447,-2.6548407,-1.1527891,7.1310744,-0.8031717,-3.4827907,1
4.0,4,-1.7679477,-3.4750125,-3.2774746,0.27843192,5.981704,-3.611448,1
4.0,4,-1.7679483,-3.4750128,-3.2774742,0.27843222,5.9817047,-3.6114478,1
4.0,4,-1.7679479,-3.4750125,-3.2774742,0.27843192,5.9817047,-3.611448,1
4.0,4,-1.7679473,-3.4750125,-3.2774742,0.2784315,5.981704,-3.611448,1
4.0,4,-1.7679477,-3.4750125,-3.2774746,0.2784318,5.981704,-3.6114485,1
4.0,4,-1.7679486,-3.4750128,-3.2774737,0.27843183,5.981704,-3.6114478,1
0.0,0,8.02328,-0.18700434,-0.5192144,-3.6804235,-1.2941575,-2.8501198,1
0.0,0,8.02328,-0.1870048,-0.5192137,-3.6804233,-1.2941576,-2.8501194,1
0.0,0,8.02328,-0.1870044,-0.5192141,-3.6804233,-1.2941574,-2.8501198,1
0.0,0,8.02328,-0.18700466,-0.519214,-3.6804233,-1.2941576,-2.8501196,1
0.0,0,8.02328,-0.1870048,-0.5192139,-3.6804233,-1.2941576,-2.8501194,1
0.0,0,8.02328,-0.18700457,-0.5192139,-3.6804237,-1.2941576,-2.850119,1
1.0,1,1.377782,8.304433,-3.349122,-3.0258276,-1.7566242,-2.9910903,1
1.0,1,1.3777795,8.304434,-3.3491223,-3.0258257,-1.7566237,-2.99109,1
1.0,1,1.3777808,8.304433,-3.349122,-3.0258267,-1.7566242,-2.9910903,1
1.0,1,1.3777815,8.304433,-3.3491232,-3.0258272,-1.756623,-2.9910908,1
1.0,1,1.3777816,8.304433,-3.3491228,-3.0258281,-1.7566241,-2.9910913,1
1.0,1,1.3777806,8.304434,-3.3491225,-3.0258267,-1.7566242,-2.9910903,1
2.0,2,-1.1095046,-2.3172905,8.811835,-1.098641,-1.3586076,-2.7870317,1
2.0,2,-1.0953149,-2.3191948,8.811339,-1.093864,-1.3649777,-2.7969503,1
2.0,2,-1.0922055,-2.3194654,8.811379,-1.0932981,-1.3663731,-2.7987022,1
2.0,2,-1.1082507,-2.3190937,8.810661,-1.0918763,-1.360766,-2.7920644,1
2.0,2,-1.1073245,-2.3191094,8.810672,-1.0922179,-1.3608562,-2.792374,1
2.0,2,-1.1055716,-2.318923,8.810885,-1.0932521,-1.3612152,-2.7925618,1
0.0,0,7.920677,-0.46330366,-0.3825489,-3.6777115,-1.4502199,-3.2971654,1
0.0,0,7.9206777,-0.46330377,-0.38254896,-3.6777115,-1.4502194,-3.2971659,1
0.0,0,7.920676,-0.463304,-0.3825486,-3.6777115,-1.4502196,-3.297166,1
0.0,0,7.920677,-0.46330377,-0.38254902,-3.6777115,-1.4502194,-3.2971659,1
0.0,0,7.9206777,-0.46330366,-0.3825494,-3.6777117,-1.4502192,-3.2971659,1
0.0,0,7.920677,-0.4633036,-0.3825491,-3.6777112,-1.450219,-3.297166,1
4.0,4,-2.987533,-4.0843396,-4.389468,2.7273421,6.398635,-3.5787132,1
4.0,4,-2.987533,-4.0843396,-4.389468,2.727342,6.3986344,-3.5787127,1
4.0,4,-2.987533,-4.0843396,-4.389468,2.7273421,6.3986344,-3.5787127,1
4.0,4,-2.987533,-4.0843396,-4.389468,2.7273421,6.3986354,-3.5787132,1
4.0,4,-2.987533,-4.0843396,-4.389469,2.7273421,6.398635,-3.5787127,1
4.0,4,-2.987533,-4.0843396,-4.389468,2.7273414,6.3986344,-3.5787127,1
5.0,5,-0.7003921,-2.2691705,-0.6022705,-0.8415087,-1.0431857,10.450777,1
5.0,5,-0.70039237,-2.2691705,-0.60227036,-0.8415088,-1.0431857,10.450777,1
5.0,5,-0.7003921,-2.2691708,-0.6022708,-0.8415087,-1.0431856,10.450776,1
5.0,5,-0.7003921,-2.2691705,-0.6022705,-0.8415087,-1.0431857,10.450776,1
5.0,5,-0.70039225,-2.2691703,-0.60227066,-0.8415087,-1.0431856,10.450777,1
5.0,5,-0.70039225,-2.2691705,-0.60227084,-0.8415087,-1.0431856,10.450776,1
3.0,3,-3.82297,-0.8207651,-5.229496,6.0719748,2.3986814,-3.0234687,1
3.0,3,-3.8229702,-0.82076573,-5.2294965,6.071975,2.3986814,-3.0234687,1
3.0,3,-3.8229702,-0.82076514,-5.229496,6.071975,2.3986812,-3.0234678,1
3.0,3,-3.8229702,-0.82076514,-5.229496,6.071975,2.3986814,-3.023469,1
3.0,3,-3.8229702,-0.82076484,-5.229496,6.0719748,2.3986814,-3.0234685,1
3.0,3,-3.8229704,-0.8207651,-5.229495,6.0719748,2.398681,-3.0234683,1
3.0,3,-2.2311816,-3.3350363,-3.018402,7.6395645,0.83492655,-3.8224187,1
3.0,3,-2.2311811,-3.3350358,-3.018402,7.6395645,0.8349265,-3.8224196,1
3.0,3,-2.2311811,-3.3350358,-3.018402,7.6395645,0.8349271,-3.8224196,1
3.0,3,-2.2311811,-3.3350358,-3.018402,7.639565,0.8349271,-3.8224196,1
3.0,3,-2.2311811,-3.3350356,-3.018402,7.6395645,0.8349271,-3.8224196,1
3.0,3,-2.2311811,-3.3350358,-3.018402,7.6395645,0.8349271,-3.8224196,1
4.0,4,-2.7070577,-3.9235487,-4.353935,2.2084103,6.4048715,-3.5690029,1
4.0,4,-2.7070577,-3.9235492,-4.3539343,2.20841,6.4048724,-3.5690029,1
4.0,4,-2.7070577,-3.9235492,-4.3539343,2.2084098,6.4048724,-3.5690029,1
4.0,4,-2.7070577,-3.9235492,-4.3539343,2.2084103,6.404873,-3.5690024,1
4.0,4,-2.707058,-3.9235492,-4.353935,2.2084105,6.404872,-3.5690029,1
4.0,4,-2.707058,-3.923549,-4.353935,2.2084105,6.404872,-3.5690026,1
1.0,1,-0.5587091,8.60441,-2.1293344,-2.0780034,-2.3018448,-1.5085999,1
1.0,1,-0.55870914,8.60441,-2.1293344,-2.0780034,-2.3018448,-1.5085998,1
1.0,1,-0.55870914,8.60441,-2.1293344,-2.0780036,-2.3018448,-1.5085995,1
1.0,1,-0.5587092,8.60441,-2.129335,-2.0780032,-2.301845,-1.5085995,1
1.0,1,-0.55870944,8.604411,-2.1293344,-2.0780032,-2.3018456,-1.5085999,1
1.0,1,-0.55870944,8.604411,-2.1293344,-2.0780032,-2.301845,-1.5085996,1
5.0,5,-0.56127083,-2.5161862,-0.42360622,-0.8881783,-0.9479674,10.66549,1
5.0,5,-0.5612709,-2.516187,-0.4236061,-0.88817817,-0.9479673,10.66549,1
5.0,5,-0.5612709,-2.5161867,-0.42360604,-0.88817817,-0.9479673,10.66549,1
5.0,5,-0.5612708,-2.5161862,-0.42360622,-0.8881783,-0.9479674,10.66549,1
5.0,5,-0.5612709,-2.5161867,-0.42360637,-0.88817835,-0.94796735,10.66549,1
5.0,5,-0.56127095,-2.5161867,-0.42360598,-0.8881783,-0.9479673,10.66549,1
3.0,3,-2.1218028,-2.3662434,-1.6197008,7.0625877,-0.80122036,-3.3327165,1
3.0,3,-2.121803,-2.3662434,-1.6197006,7.062588,-0.80122036,-3.3327165,1
3.0,3,-2.1218033,-2.3662436,-1.6197009,7.062588,-0.8012204,-3.3327165,1
3.0,3,-2.1218028,-2.3662434,-1.6197006,7.0625877,-0.8012204,-3.3327165,1
3.0,3,-2.121803,-2.3662434,-1.6197007,7.062588,-0.8012204,-3.3327165,1
3.0,3,-2.121803,-2.3662434,-1.6197003,7.062588,-0.8012205,-3.3327165,1
0.0,0,7.9639454,0.13278705,-1.2826113,-3.7321286,-1.0400968,-3.0597067,1
0.0,0,7.9639454,0.13278726,-1.2826113,-3.7321286,-1.0400969,-3.0597067,1
0.0,0,7.9639454,0.13278735,-1.2826117,-3.7321286,-1.0400966,-3.059707,1
0.0,0,7.9639444,0.13278742,-1.2826114,-3.7321284,-1.0400966,-3.059707,1
0.0,0,7.9639454,0.13278757,-1.2826117,-3.7321284,-1.0400968,-3.0597067,1
0.0,0,7.9639454,0.13278742,-1.2826115,-3.7321284,-1.040097,-3.0597067,1
0.0,0,7.8767996,-0.7727984,-0.6799952,-3.7955782,-0.7680396,-2.8741922,1
0.0,0,7.876799,-0.7727987,-0.67999554,-3.7955787,-0.7680387,-2.874193,1
0.0,0,7.876799,-0.7727985,-0.67999536,-3.7955787,-0.76803905,-2.8741925,1
0.0,0,7.876799,-0.7727986,-0.6799956,-3.7955782,-0.7680392,-2.8741925,1
0.0,0,7.8767996,-0.7727988,-0.6799953,-3.7955787,-0.76803935,-2.8741925,1
0.0,0,7.876799,-0.7727987,-0.6799954,-3.7955782,-0.76803917,-2.8741925,1
1.0,1,-1.9618747,8.131704,-2.6281478,-1.254387,-1.5924159,-1.4728068,1
1.0,1,-1.9618742,8.131705,-2.6281478,-1.254388,-1.5924166,-1.4728069,1
1.0,1,-1.961875,8.131704,-2.6281483,-1.254387,-1.5924156,-1.4728072,1
1.0,1,-1.9618745,8.131705,-2.6281478,-1.2543875,-1.5924163,-1.472807,1
1.0,1,-1.9618742,8.131705,-2.6281474,-1.2543877,-1.5924169,-1.4728068,1
1.0,1,-1.9618738,8.131705,-2.6281474,-1.2543877,-1.5924169,-1.472807,1
3.0,3,-3.561119,-4.5703645,-4.2687426,5.881882,4.8025727,-3.0081108,1
3.0,3,-3.5611193,-4.5703635,-4.2687426,5.8818817,4.8025727,-3.008111,1
3.0,3,-3.5611193,-4.5703645,-4.268742,5.881881,4.8025727,-3.0081105,1
3.0,3,-3.5611193,-4.570364,-4.2687416,5.8818817,4.8025727,-3.0081108,1
3.0,3,-3.561119,-4.5703635,-4.2687416,5.8818817,4.8025727,-3.0081105,1
3.0,3,-3.5611193,-4.5703645,-4.2687426,5.8818817,4.8025727,-3.0081108,1
5.0,5,-0.7966933,-2.410851,-0.79065436,-0.6947918,-0.83678925,10.620023,1
5.0,5,-0.7966933,-2.410851,-0.7906547,-0.69479173,-0.8367892,10.620023,1
5.0,5,-0.7966933,-2.4108515,-0.7906542,-0.6947918,-0.83678937,10.620023,1
5.0,5,-0.7966933,-2.4108512,-0.79065424,-0.6947918,-0.8367893,10.620023,1
5.0,5,-0.79669327,-2.410851,-0.7906546,-0.6947916,-0.83678925,10.620023,1
5.0,5,-0.7966933,-2.4108515,-0.79065436,-0.6947918,-0.8367893,10.620023,1
0.0,0,7.9007688,-0.2583314,-0.9926147,-3.8107328,-1.0215213,-3.2933295,1
0.0,0,7.9007683,-0.25833175,-0.99261445,-3.8107324,-1.0215216,-3.2933297,1
0.0,0,7.900769,-0.25833103,-0.9926147,-3.810732,-1.0215218,-3.293329,1
0.0,0,7.9007688,-0.2583312,-0.99261516,-3.8107328,-1.0215216,-3.2933297,1
0.0,0,7.900769,-0.25833166,-0.99261445,-3.8107324,-1.0215218,-3.2933292,1
0.0,0,7.900769,-0.25833115,-0.9926149,-3.8107324,-1.0215216,-3.2933297,1
3.0,3,-2.038826,-2.34498,-1.9295268,7.135476,-0.7267083,-3.2510421,1
3.0,3,-2.038826,-2.3449798,-1.9295273,7.135476,-0.7267082,-3.2510421,1
3.0,3,-2.0388258,-2.34498,-1.9295269,7.135476,-0.72670823,-3.2510424,1
3.0,3,-2.038826,-2.3449795,-1.9295269,7.135476,-0.72670835,-3.2510421,1
3.0,3,-2.0388258,-2.3449795,-1.9295268,7.135476,-0.72670835,-3.2510421,1
3.0,3,-2.038826,-2.3449795,-1.929527,7.135476,-0.7267083,-3.2510421,1
5.0,5,-0.009776421,-2.495341,-0.905403,-0.8976357,-0.56978077,10.050255,1
5.0,5,-0.009777568,-2.4953423,-0.90540165,-0.89763534,-0.56978035,10.050255,1
5.0,5,-0.009777352,-2.4953434,-0.9054009,-0.8976355,-0.5697802,10.050255,1
5.0,5,-0.009777293,-2.4953446,-0.90539956,-0.89763576,-0.56977993,10.050255,1
5.0,5,-0.009779818,-2.4953473,-0.90539604,-0.8976358,-0.569779,10.050255,1
5.0,5,-0.009781286,-2.4953477,-0.90539455,-0.8976351,-0.5697785,10.050252,1
0.0,0,7.954694,-0.13901289,-0.8180263,-3.7121055,-1.1420135,-2.7799509,1
0.0,0,7.954693,-0.13901341,-0.81802577,-3.7121053,-1.1420138,-2.7799506,1
0.0,0,7.954693,-0.13901322,-0.81802595,-3.7121053,-1.1420135,-2.7799506,1
0.0,0,7.954694,-0.13901322,-0.81802595,-3.7121053,-1.1420135,-2.7799504,1
0.0,0,7.954694,-0.13901322,-0.8180257,-3.7121055,-1.1420133,-2.7799509,1
0.0,0,7.954694,-0.13901332,-0.8180261,-3.7121053,-1.1420135,-2.7799509,1
0.0,0,7.901403,0.63260067,0.8372285,-3.3298206,-2.929744,-3.2488341,1
0.0,0,7.9014034,0.6326006,0.83722824,-3.3298206,-2.9297435,-3.2488344,1
0.0,0,7.9014034,0.63260067,0.8372287,-3.3298206,-2.929744,-3.248834,1
0.0,0,7.9014034,0.63260084,0.8372283,-3.3298206,-2.9297435,-3.2488341,1
0.0,0,7.9014034,0.6326007,0.83722824,-3.3298206,-2.9297435,-3.2488344,1
0.0,0,7.9014034,0.63260084,0.8372285,-3.3298206,-2.9297435,-3.2488344,1
2.0,2,-0.050222315,1.0876173,7.278181,-4.347201,-3.2515442,1.9501011,1
2.0,2,-0.050223418,1.0876153,7.2781816,-4.3472004,-3.2515428,1.9501009,1
2.0,2,-0.050223134,1.0876155,7.2781816,-4.3472004,-3.2515435,1.9501014,1
2.0,2,-0.05022286,1.0876164,7.2781816,-4.3472,-3.2515438,1.9501011,1
2.0,2,-0.050222833,1.0876173,7.2781816,-4.347201,-3.2515438,1.9501009,1
2.0,2,-0.05022234,1.0876173,7.278181,-4.347201,-3.251544,1.9501009,1
5.0,5,-0.70069164,-2.276448,-0.8196993,-0.7583084,-0.9559652,10.474424,1
5.0,5,-0.7006919,-2.276448,-0.8196989,-0.7583085,-0.9559651,10.474423,1
5.0,5,-0.70069164,-2.276448,-0.8196994,-0.7583086,-0.9559652,10.474424,1
5.0,5,-0.70069176,-2.276448,-0.8196993,-0.7583085,-0.9559651,10.474423,1
5.0,5,-0.70069176,-2.2764482,-0.81969905,-0.75830823,-0.9559651,10.474424,1
5.0,5,-0.7006919,-2.2764482,-0.8196995,-0.7583083,-0.9559651,10.474423,1
1.0,1,-0.91348565,8.647273,-1.8526537,-2.4384527,-2.0155382,-1.5337847,1
1.0,1,-0.91348577,8.647273,-1.8526537,-2.4384527,-2.0155382,-1.5337843,1
1.0,1,-0.91348565,8.647273,-1.8526535,-2.438453,-2.0155382,-1.5337847,1
1.0,1,-0.91348565,8.647273,-1.8526535,-2.438453,-2.015538,-1.533785,1
1.0,1,-0.91348565,8.647273,-1.8526535,-2.438453,-2.0155382,-1.533785,1
1.0,1,-0.9134855,8.647273,-1.8526535,-2.4384532,-2.015538,-1.5337847,1
3.0,3,-2.0302167,-2.1217437,0.7110276,6.288954,-1.8145717,-3.7083035,1
3.0,3,-2.0302167,-2.121744,0.7110287,6.2889533,-1.814572,-3.708303,1
3.0,3,-2.0302167,-2.1217437,0.71102834,6.2889533,-1.814572,-3.708303,1
3.0,3,-2.0302167,-2.1217442,0.71102875,6.2889533,-1.8145721,-3.7083035,1
3.0,3,-2.0302167,-2.1217437,0.7110286,6.2889533,-1.8145719,-3.7083032,1
3.0,3,-2.0302167,-2.1217442,0.71102786,6.2889533,-1.8145719,-3.708303,1
0.0,0,7.9031982,0.6653023,-1.4991423,-3.787198,-1.1548634,-3.144132,1
0.0,0,7.903199,0.6653005,-1.4991406,-3.7871985,-1.1548637,-3.1441312,1
0.0,0,7.9031987,0.66530025,-1.4991406,-3.7871983,-1.1548631,-3.144132,1
0.0,0,7.9031987,0.6653007,-1.4991409,-3.7871983,-1.1548632,-3.144132,1
0.0,0,7.9031987,0.66530156,-1.4991412,-3.7871983,-1.1548635,-3.1441314,1
0.0,0,7.9031987,0.66530085,-1.4991413,-3.7871978,-1.1548631,-3.1441314,1
5.0,5,-2.0329866,-3.391754,2.693214,0.61999637,-1.6850913,9.246665,1
5.0,5,-2.032987,-3.3917544,2.6932142,0.61999696,-1.6850916,9.246665,1
5.0,5,-2.0329869,-3.3917542,2.6932142,0.61999685,-1.6850915,9.246665,1
5.0,5,-2.0329869,-3.3917544,2.6932144,0.6199964,-1.6850913,9.246665,1
5.0,5,-2.0329869,-3.3917542,2.6932137,0.61999613,-1.6850913,9.246665,1
5.0,5,-2.0329869,-3.3917542,2.6932144,0.61999655,-1.6850913,9.246665,1
3.0,3,-3.4511144,-4.621402,-4.2077703,5.9182863,4.7476344,-3.1162987,1
3.0,3,-3.4511144,-4.621402,-4.2077703,5.9182863,4.747635,-3.1162987,1
3.0,3,-3.4511144,-4.621402,-4.2077703,5.9182863,4.7476344,-3.1162992,1
3.0,3,-3.4511144,-4.621401,-4.2077694,5.9182863,4.7476344,-3.1162987,1
3.0,3,-3.4511144,-4.621402,-4.2077703,5.9182863,4.7476344,-3.1162992,1
3.0,3,-3.4511147,-4.621402,-4.2077703,5.9182863,4.747635,-3.1162987,1
1.0,1,-1.4128243,8.390872,-1.84816,-1.4256572,-2.548861,-1.1291326,1
1.0,1,-1.4128243,8.390872,-1.8481599,-1.4256572,-2.548861,-1.1291329,1
1.0,1,-1.4128243,8.390872,-1.8481597,-1.4256572,-2.548861,-1.1291329,1
1.0,1,-1.4128242,8.390872,-1.8481599,-1.4256572,-2.548861,-1.1291331,1
1.0,1,-1.4128243,8.390872,-1.8481599,-1.4256572,-2.548861,-1.1291327,1
1.0,1,-1.4128245,8.390872,-1.8481598,-1.4256572,-2.548861,-1.1291327,1
2.0,2,-1.1431999,-2.292572,8.830598,-1.1656975,-1.3297986,-2.7615113,1
2.0,2,-1.1432374,-2.2926333,8.830561,-1.1654439,-1.329862,-2.7616465,1
2.0,2,-1.1432196,-2.2926846,8.830534,-1.165248,-1.329921,-2.7617779,1
2.0,2,-1.1432366,-2.2926486,8.830554,-1.1653854,-1.3298777,-2.761684,1
2.0,2,-1.1432499,-2.2926297,8.830564,-1.1654649,-1.3298457,-2.7616317,1
2.0,2,-1.1432526,-2.2926326,8.830563,-1.1654525,-1.3298504,-2.7616365,1
3.0,3,-2.3654296,-3.0263715,-3.2709196,7.5909004,0.90723586,-3.9164844,1
3.0,3,-2.3654299,-3.0263717,-3.270919,7.590901,0.9072355,-3.9164839,1
3.0,3,-2.3654296,-3.026371,-3.2709196,7.5909004,0.9072352,-3.9164844,1
3.0,3,-2.3654296,-3.026371,-3.2709193,7.590901,0.90723455,-3.9164839,1
3.0,3,-2.3654299,-3.026371,-3.2709196,7.590901,0.9072352,-3.9164844,1
3.0,3,-2.3654296,-3.0263717,-3.27092,7.5909004,0.9072356,-3.9164844,1
0.0,0,8.0820055,0.012649714,-0.33275458,-3.6653125,-1.5987293,-3.0170712,1
0.0,0,8.0820055,0.012650244,-0.33275494,-3.6653128,-1.598729,-3.017071,1
0.0,0,8.0820055,0.012650032,-0.33275455,-3.6653128,-1.598729,-3.0170712,1
0.0,0,8.0820055,0.012649823,-0.33275446,-3.6653125,-1.598729,-3.0170712,1
0.0,0,8.0820055,0.012649886,-0.33275437,-3.6653125,-1.5987293,-3.017071,1
0.0,0,8.0820055,0.012649867,-0.33275446,-3.6653128,-1.598729,-3.0170715,1
4.0,4,-3.027838,-4.096918,-4.460639,2.8096972,6.3536954,-3.614156,1
4.0,4,-3.0278382,-4.0969176,-4.460639,2.8096964,6.3536954,-3.614156,1
4.0,4,-3.0278382,-4.0969176,-4.4606395,2.8096964,6.3536954,-3.614156,1
4.0,4,-3.027838,-4.0969176,-4.460639,2.8096964,6.3536954,-3.614156,1
4.0,4,-3.0278382,-4.0969176,-4.460639,2.8096964,6.3536954,-3.614156,1
4.0,4,-3.0278382,-4.096917,-4.4606385,2.8096962,6.3536954,-3.6141555,1
4.0,4,-1.9668224,-3.819432,-4.1633263,1.3640888,6.301641,-3.8215544,1
4.0,4,-1.9668219,-3.819432,-4.1633263,1.3640888,6.301641,-3.821555,1
4.0,4,-1.9668229,-3.8194315,-4.1633263,1.3640893,6.301641,-3.8215547,1
4.0,4,-1.9668226,-3.819432,-4.1633263,1.364089,6.3016405,-3.8215547,1
4.0,4,-1.966821,-3.8194315,-4.1633263,1.3640883,6.301641,-3.821555,1
4.0,4,-1.9668216,-3.8194318,-4.163326,1.3640885,6.301641,-3.821555,1
1.0,1,0.38333887,8.518361,-2.2008483,-2.7821705,-2.1366725,-1.637817,1
1.0,1,0.38333887,8.518361,-2.2008488,-2.7821705,-2.1366725,-1.6378169,1
1.0,1,0.38333946,8.518361,-2.2008488,-2.782171,-2.1366725,-1.6378174,1
1.0,1,0.3833387,8.518362,-2.2008483,-2.7821705,-2.1366725,-1.6378167,1
1.0,1,0.3833384,8.518362,-2.2008486,-2.7821705,-2.1366725,-1.6378169,1
1.0,1,0.3833388,8.518361,-2.200849,-2.7821705,-2.1366723,-1.6378173,1
4.0,4,-3.0503511,-4.4782643,-4.711152,3.5508974,6.240077,-3.6068106,1
4.0,4,-3.050351,-4.478264,-4.7111526,3.5508974,6.240077,-3.6068106,1
4.0,4,-3.0503511,-4.478264,-4.711152,3.5508978,6.2400765,-3.6068113,1
4.0,4,-3.0503511,-4.4782643,-4.7111526,3.5508971,6.2400775,-3.60681,1
4.0,4,-3.0503516,-4.4782643,-4.7111526,3.5508974,6.2400775,-3.60681,1
4.0,4,-3.0503516,-4.4782643,-4.711152,3.5508974,6.2400775,-3.6068106,1
0.0,0,7.7001915,0.9051919,-1.7308311,-3.6277826,-1.3760628,-3.5932155,1
0.0,0,7.7001915,0.9051911,-1.730831,-3.6277826,-1.3760628,-3.5932155,1
0.0,0,7.7001915,0.9051919,-1.7308313,-3.6277826,-1.376063,-3.5932155,1
0.0,0,7.7001915,0.9051911,-1.7308308,-3.6277826,-1.3760626,-3.5932152,1
0.0,0,7.7001915,0.9051911,-1.7308304,-3.6277828,-1.3760626,-3.5932155,1
0.0,0,7.7001915,0.9051919,-1.7308311,-3.6277823,-1.376063,-3.5932155,1
2.0,2,-1.3053448,-2.297035,8.704963,-1.6251495,-0.8553821,-2.4755461,1
2.0,2,-1.3053455,-2.2970355,8.704959,-1.6251466,-0.8553824,-2.4755473,1
2.0,2,-1.305345,-2.2970352,8.70496,-1.6251472,-0.85538226,-2.4755478,1
2.0,2,-1.3053453,-2.297036,8.70496,-1.6251453,-0.8553824,-2.4755483,1
2.0,2,-1.3053452,-2.297036,8.70496,-1.6251444,-0.8553826,-2.4755487,1
2.0,2,-1.3053448,-2.2970352,8.70496,-1.6251467,-0.8553828,-2.4755476,1
5.0,5,-1.2035949,-2.9692576,0.9722715,-0.7280826,-1.0573615,10.596512,1
5.0,5,-1.2035949,-2.969258,0.9722715,-0.7280827,-1.0573615,10.596512,1
5.0,5,-1.2035952,-2.969257,0.97227126,-0.7280826,-1.0573615,10.596512,1
5.0,5,-1.2035947,-2.9692576,0.9722715,-0.72808266,-1.0573615,10.596512,1
5.0,5,-1.2035947,-2.9692576,0.9722715,-0.72808266,-1.0573615,10.596512,1
5.0,5,-1.2035949,-2.969257,0.97227114,-0.7280827,-1.0573615,10.596512,1
3.0,3,-2.0853813,-2.4910095,-1.6889002,7.164133,-0.7392127,-3.293854,1
3.0,3,-2.0853813,-2.4910095,-1.6889,7.164133,-0.7392127,-3.293854,1
3.0,3,-2.0853813,-2.4910097,-1.6889,7.164133,-0.7392127,-3.293854,1
3.0,3,-2.0853815,-2.4910095,-1.6888999,7.164133,-0.7392127,-3.2938538,1
3.0,3,-2.0853815,-2.4910095,-1.6889,7.164133,-0.7392127,-3.2938538,1
3.0,3,-2.0853813,-2.4910095,-1.6889,7.164133,-0.7392127,-3.293854,1
2.0,0,8.012336,-0.5586696,-0.5225642,-3.7196658,-1.1628579,-2.755125,0
2.0,0,8.012336,-0.5586696,-0.5225643,-3.7196658,-1.1628578,-2.7551253,0
2.0,0,8.012336,-0.55866975,-0.52256423,-3.7196658,-1.1628577,-2.755125,0
2.0,0,8.012336,-0.5586696,-0.52256364,-3.719666,-1.1628579,-2.7551248,0
2.0,0,8.012335,-0.55866987,-0.522564,-3.719666,-1.1628577,-2.755125,0
2.0,0,8.012336,-0.5586698,-0.522564,-3.7196658,-1.1628579,-2.755125,0
1.0,1,-1.4954339,8.283939,-2.203973,-1.1853787,-2.4157462,-1.0044878,1
1.0,1,-1.495434,8.283939,-2.2039733,-1.1853782,-2.4157465,-1.004488,1
1.0,1,-1.4954342,8.283939,-2.2039733,-1.1853784,-2.4157467,-1.0044878,1
1.0,1,-1.495434,8.283939,-2.203973,-1.1853784,-2.4157465,-1.0044878,1
1.0,1,-1.4954344,8.28394,-2.2039733,-1.185378,-2.4157462,-1.0044879,1
1.0,1,-1.4954346,8.283938,-2.203973,-1.185378,-2.4157462,-1.0044882,1
3.0,3,-2.2966502,-2.883735,0.16805479,6.878212,-1.050679,-3.8209162,1
3.0,3,-2.2966504,-2.883735,0.16805494,6.878212,-1.0506791,-3.8209157,1
3.0,3,-2.29665,-2.8837345,0.16805488,6.8782115,-1.0506792,-3.8209157,1
3.0,3,-2.29665,-2.8837342,0.16805434,6.878212,-1.050679,-3.8209157,1
3.0,3,-2.2966502,-2.8837347,0.16805464,6.878212,-1.0506792,-3.8209157,1
3.0,3,-2.29665,-2.8837342,0.1680544,6.8782115,-1.050679,-3.8209162,1
1.0,1,-2.0191243,8.039825,-2.4592905,-2.0441132,-1.0535942,-1.6048203,1
1.0,1,-2.019124,8.039825,-2.45929,-2.044113,-1.0535945,-1.6048203,1
1.0,1,-2.0191238,8.039825,-2.4592903,-2.0441127,-1.053595,-1.6048204,1
1.0,1,-2.019124,8.0398245,-2.45929,-2.044113,-1.0535947,-1.6048206,1
1.0,1,-2.0191238,8.0398245,-2.4592903,-2.044113,-1.0535947,-1.6048205,1
1.0,1,-2.0191236,8.0398245,-2.4592903,-2.0441132,-1.0535945,-1.6048203,1
4.0,4,-3.18398,-3.8579981,-4.194315,2.6305451,5.9410267,-3.710033,1
4.0,4,-3.1839805,-3.8579967,-4.1943154,2.6305444,5.941026,-3.710033,1
4.0,4,-3.1839805,-3.8579977,-4.194315,2.6305451,5.9410267,-3.7100327,1
4.0,4,-3.1839795,-3.8579974,-4.194314,2.6305442,5.9410267,-3.7100327,1
4.0,4,-3.18398,-3.8579974,-4.1943145,2.6305447,5.9410267,-3.7100327,1
4.0,4,-3.18398,-3.8579972,-4.1943145,2.6305447,5.941026,-3.7100327,1
3.0,3,-2.8522606,-3.9384491,-4.1485786,7.2788053,2.9776056,-4.155844,1
3.0,3,-2.852261,-3.93845,-4.1485786,7.2788057,2.977605,-4.1558437,1
3.0,3,-2.8522606,-3.9384496,-4.148578,7.2788053,2.9776049,-4.1558437,1
3.0,3,-2.8522606,-3.9384496,-4.148579,7.278805,2.9776056,-4.155844,1
3.0,3,-2.852261,-3.9384491,-4.1485786,7.2788053,2.977605,-4.1558433,1
3.0,3,-2.8522606,-3.93845,-4.1485777,7.2788053,2.9776044,-4.1558437,1
2.0,2,1.5893402,-1.7457838,8.593319,-3.8029885,-1.6437142,-2.0907657,1
2.0,2,1.5893402,-1.7457837,8.593319,-3.8029883,-1.6437144,-2.0907657,1
2.0,2,1.5893404,-1.7457834,8.593319,-3.8029885,-1.6437144,-2.0907657,1
2.0,2,1.5893402,-1.7457837,8.593319,-3.8029885,-1.6437144,-2.0907657,1
2.0,2,1.5893404,-1.7457837,8.593319,-3.8029885,-1.6437144,-2.090766,1
2.0,2,1.5893413,-1.7457837,8.593318,-3.802989,-1.6437147,-2.090766,1
0.0,2,5.5695543,-1.5543627,5.8288636,-4.1752,-2.0858054,-2.4487581,0
0.0,2,5.569141,-1.5544505,5.8293447,-4.175143,-2.0857978,-2.4487548,0
0.0,2,5.569259,-1.5544337,5.8292274,-4.1751156,-2.0858305,-2.448776,0
0.0,2,5.569341,-1.5544108,5.8291163,-4.175155,-2.0858126,-2.4487631,0
0.0,2,5.569369,-1.5544044,5.829083,-4.1751647,-2.0858088,-2.448761,0
0.0,2,5.5693164,-1.5544212,5.8291564,-4.1751237,-2.0858305,-2.4487767,0
0.0,0,8.020101,0.07290114,-0.7440868,-3.7098343,-1.375275,-2.6956518,1
0.0,0,8.020102,0.07289755,-0.7440822,-3.7098343,-1.3752756,-2.6956506,1
0.0,0,8.020102,0.07290016,-0.7440853,-3.7098346,-1.3752753,-2.6956508,1
0.0,0,8.020101,0.07290287,-0.7440885,-3.7098346,-1.3752745,-2.6956522,1
0.0,0,8.020102,0.072903186,-0.7440889,-3.709834,-1.3752743,-2.695652,1
0.0,0,8.020101,0.07289988,-0.7440849,-3.7098346,-1.3752753,-2.695651,1
1.0,1,-1.0822943,8.291983,-1.7988855,-0.9681555,-2.8912098,-1.5303321,1
1.0,1,-1.0822943,8.291983,-1.7988856,-0.9681549,-2.8912098,-1.5303321,1
1.0,1,-1.0822946,8.291982,-1.7988855,-0.968155,-2.8912098,-1.5303321,1
1.0,1,-1.0822943,8.291982,-1.7988855,-0.96815467,-2.8912098,-1.5303321,1
1.0,1,-1.0822946,8.291983,-1.7988855,-0.968155,-2.8912098,-1.5303321,1
1.0,1,-1.0822945,8.291982,-1.7988856,-0.9681555,-2.8912098,-1.5303321,1
4.0,4,-3.3027713,-4.4795394,-4.5001597,3.749186,6.243879,-3.4996302,1
4.0,4,-3.3027713,-4.4795394,-4.500159,3.749186,6.243879,-3.4996307,1
4.0,4,-3.3027713,-4.47954,-4.500159,3.749186,6.243879,-3.4996302,1
4.0,4,-3.3027713,-4.47954,-4.500159,3.7491865,6.243879,-3.4996302,1
4.0,4,-3.3027713,-4.4795394,-4.5001593,3.7491856,6.243879,-3.4996302,1
4.0,4,-3.3027709,-4.47954,-4.500159,3.749186,6.243879,-3.4996302,1
0.0,2,0.3405481,-2.459986,8.7123995,-0.5967737,-2.3477066,-3.3067029,0
0.0,2,0.34041393,-2.460002,8.71239,-0.5966934,-2.3476624,-3.3067136,0
0.0,2,0.34074008,-2.4599915,8.712371,-0.59679,-2.3477924,-3.3067248,0
0.0,2,0.34079456,-2.4599879,8.712371,-0.59680736,-2.3478162,-3.3067255,0
0.0,2,0.3408221,-2.4599879,8.71237,-0.5968175,-2.3478248,-3.3067265,0
0.0,2,0.3408643,-2.4599836,8.712371,-0.5968439,-2.3478374,-3.3067224,0
3.0,3,-2.2603183,-2.4469645,-1.4117054,7.0660496,-0.75619906,-3.4363182,1
3.0,3,-2.2603185,-2.4469643,-1.4117049,7.0660496,-0.7561992,-3.436318,1
3.0,3,-2.2603188,-2.4469647,-1.4117051,7.0660496,-0.75619906,-3.436318,1
3.0,3,-2.2603188,-2.4469643,-1.4117049,7.0660496,-0.7561991,-3.436318,1
3.0,3,-2.2603185,-2.4469645,-1.4117051,7.0660496,-0.75619906,-3.436318,1
3.0,3,-2.2603185,-2.4469643,-1.4117047,7.0660496,-0.75619924,-3.436318,1
5.0,5,-0.29805723,-2.7271984,0.30662397,-0.7267164,-1.2459043,10.4214735,1
5.0,5,-0.29805717,-2.7271988,0.30662385,-0.7267164,-1.2459044,10.421473,1
5.0,5,-0.29805726,-2.7271986,0.30662385,-0.7267164,-1.2459044,10.4214735,1
5.0,5,-0.29805717,-2.7271984,0.3066235,-0.7267165,-1.2459044,10.4214735,1
5.0,5,-0.2980572,-2.7271988,0.30662367,-0.7267165,-1.2459044,10.4214735,1
5.0,5,-0.29805723,-2.7271984,0.30662373,-0.7267164,-1.2459044,10.4214735,1
5.0,5,-0.29703888,-2.129881,-1.1605155,-0.80256224,-1.0367717,10.5151825,1
5.0,5,-0.29703894,-2.129881,-1.160516,-0.80256224,-1.0367717,10.5151825,1
5.0,5,-0.29703888,-2.1298807,-1.160516,-0.8025621,-1.0367714,10.5151825,1
5.0,5,-0.2970389,-2.1298811,-1.1605158,-0.80256236,-1.0367717,10.5151825,1
5.0,5,-0.29703882,-2.1298807,-1.160516,-0.802562,-1.0367715,10.5151825,1
5.0,5,-0.29703888,-2.129881,-1.1605158,-0.80256224,-1.0367717,10.5151825,1
4.0,3,-3.4304173,-3.5742428,-4.7049904,6.4995084,3.7939641,-3.4368577,0
4.0,3,-3.4304173,-3.5742435,-4.704991,6.4995084,3.7939644,-3.4368572,0
4.0,3,-3.4304175,-3.5742428,-4.70499,6.4995084,3.7939644,-3.4368572,0
4.0,3,-3.4304173,-3.574243,-4.70499,6.4995084,3.7939641,-3.4368575,0
4.0,3,-3.4304173,-3.5742435,-4.70499,6.4995084,3.7939644,-3.4368575,0
4.0,3,-3.4304175,-3.5742433,-4.70499,6.4995084,3.7939644,-3.4368577,0
3.0,3,-1.9127291,-1.5976847,-2.0070782,6.8305845,-1.1208754,-3.2231793,1
3.0,3,-1.9127293,-1.5976845,-2.0070784,6.8305845,-1.1208754,-3.2231793,1
3.0,3,-1.9127291,-1.5976843,-2.0070784,6.8305845,-1.1208755,-3.2231793,1
3.0,3,-1.9127294,-1.597685,-2.0070786,6.8305845,-1.1208751,-3.2231796,1
3.0,3,-1.9127291,-1.5976845,-2.0070782,6.8305845,-1.1208754,-3.2231793,1
3.0,3,-1.9127289,-1.5976841,-2.0070784,6.8305845,-1.1208755,-3.2231793,1
4.0,3,-3.8024995,-4.8570156,-3.0344105,5.550051,4.91119,-3.382343,0
4.0,3,-3.802499,-4.8570166,-3.0344114,5.5500526,4.91119,-3.3823423,0
4.0,3,-3.8025,-4.8570156,-3.0344105,5.550052,4.91119,-3.382343,0
4.0,3,-3.8024995,-4.8570156,-3.034411,5.550052,4.91119,-3.382343,0
4.0,3,-3.8024995,-4.8570156,-3.0344105,5.550052,4.91119,-3.3823428,0
4.0,3,-3.8024995,-4.8570156,-3.0344105,5.550052,4.9111905,-3.382343,0
0.0,0,8.101185,-0.10468756,0.27809572,-3.1830277,-2.3285766,-3.0117245,1
0.0,0,8.101186,-0.10468781,0.27809566,-3.1830273,-2.3285763,-3.0117245,1
0.0,0,8.101186,-0.10468802,0.27809608,-3.183027,-2.3285763,-3.0117245,1
0.0,0,8.101185,-0.10468802,0.27809602,-3.183027,-2.3285763,-3.0117242,1
0.0,0,8.101185,-0.10468793,0.2780959,-3.1830273,-2.3285763,-3.0117245,1
0.0,0,8.101185,-0.10468806,0.2780967,-3.1830273,-2.3285763,-3.011724,1
0.0,0,8.048886,-0.20831019,-0.23851946,-3.7049754,-1.515747,-2.6856594,1
0.0,0,8.049121,-0.20145912,-0.24070242,-3.7057831,-1.5178406,-2.6874888,1
0.0,0,8.048918,-0.2062015,-0.23705578,-3.7052853,-1.5175213,-2.6861997,1
0.0,0,8.049053,-0.20383959,-0.23897171,-3.7055058,-1.5176535,-2.6868505,1
0.0,0,8.049026,-0.2051972,-0.23782027,-3.7053387,-1.5176492,-2.6864827,1
0.0,0,8.048785,-0.21118243,-0.23316666,-3.7046785,-1.5173091,-2.6848333,1
5.0,5,-0.7099978,-2.283647,-0.8522102,-0.7426929,-0.93446094,10.489303,1
5.0,5,-0.7099978,-2.2836468,-0.85221,-0.7426932,-0.93446094,10.489302,1
5.0,5,-0.70999765,-2.2836466,-0.8522102,-0.74269307,-0.93446094,10.489303,1
5.0,5,-0.7099978,-2.2836468,-0.8522101,-0.7426932,-0.93446106,10.489303,1
5.0,5,-0.7099978,-2.2836468,-0.85221,-0.7426932,-0.93446106,10.489304,1
5.0,5,-0.7099979,-2.283647,-0.8522102,-0.74269295,-0.93446094,10.489303,1
5.0,5,-1.7709216,-3.236937,2.169739,0.501092,-1.6515576,9.563273,1
5.0,5,-1.7709218,-3.2369366,2.1697392,0.50109196,-1.6515576,9.563273,1
5.0,5,-1.7709223,-3.2369366,2.1697395,0.50109226,-1.6515577,9.563272,1
5.0,5,-1.7709221,-3.2369366,2.16974,0.5010921,-1.6515577,9.563272,1
5.0,5,-1.7709223,-3.2369366,2.16974,0.5010923,-1.6515576,9.563272,1
5.0,5,-1.7709223,-3.236937,2.1697395,0.5010923,-1.6515576,9.563272,1
3.0,3,-2.822943,-4.2213197,-3.9293373,6.2231917,3.0213342,-2.6555543,1
3.0,3,-2.8229432,-4.22132,-3.9293373,6.2231927,3.0213344,-2.6555545,1
3.0,3,-2.8229432,-4.2213197,-3.9293358,6.2231927,3.0213337,-2.6555548,1
3.0,3,-2.8229432,-4.22132,-3.9293373,6.2231927,3.0213344,-2.6555545,1
3.0,3,-2.8229434,-4.2213197,-3.9293368,6.2231927,3.021334,-2.6555548,1
3.0,3,-2.8229432,-4.2213197,-3.9293358,6.2231927,3.021334,-2.6555545,1
4.0,4,-3.08393,-3.7842703,-4.154411,2.4145286,5.951197,-3.6978981,1
4.0,4,-3.0839298,-3.7842705,-4.1544104,2.414529,5.951197,-3.6978984,1
4.0,4,-3.0839295,-3.7842708,-4.154411,2.414529,5.951197,-3.6978977,1
4.0,4,-3.0839295,-3.7842705,-4.1544104,2.414528,5.951197,-3.697898,1
4.0,4,-3.0839295,-3.7842705,-4.1544104,2.4145281,5.9511967,-3.697898,1
4.0,4,-3.0839298,-3.7842705,-4.1544104,2.4145286,5.951197,-3.6978977,1
0.0,0,7.925085,-0.2541846,-0.8739749,-3.6875844,-1.0696238,-2.6204681,1
0.0,0,7.925085,-0.25418925,-0.87397367,-3.687583,-1.069621,-2.620469,1
0.0,0,7.925084,-0.254189,-0.8739756,-3.6875827,-1.06962,-2.6204696,1
0.0,0,7.925083,-0.25418723,-0.8739765,-3.6875825,-1.0696201,-2.62047,1
0.0,0,7.925084,-0.25418705,-0.87397635,-3.6875825,-1.0696204,-2.62047,1
0.0,0,7.925083,-0.25418842,-0.8739757,-3.687583,-1.0696201,-2.6204693,1
2.0,2,-1.5220082,-2.0009773,8.780418,-2.3243375,-1.163833,-1.282897,1
2.0,2,-1.522008,-2.0009773,8.780418,-2.3243372,-1.163833,-1.282897,1
2.0,2,-1.5220082,-2.0009773,8.780418,-2.3243375,-1.163833,-1.282897,1
2.0,2,-1.5220082,-2.0009773,8.780418,-2.3243372,-1.163833,-1.282897,1
2.0,2,-1.522008,-2.000977,8.780418,-2.3243372,-1.1638329,-1.282897,1
2.0,2,-1.5220082,-2.0009773,8.780418,-2.3243375,-1.163833,-1.2828971,1
1.0,1,-1.7961324,8.245493,-1.958847,-1.335731,-2.1364467,-1.6052294,1
1.0,1,-1.7961324,8.245494,-1.9588467,-1.3357314,-2.1364465,-1.605229,1
1.0,1,-1.7961324,8.245493,-1.9588468,-1.3357311,-2.1364462,-1.6052289,1
1.0,1,-1.7961322,8.245493,-1.958847,-1.3357316,-2.1364465,-1.6052289,1
1.0,1,-1.7961324,8.245493,-1.9588468,-1.3357315,-2.1364467,-1.6052289,1
1.0,1,-1.7961324,8.245493,-1.958847,-1.3357313,-2.1364467,-1.6052291,1
0.0,0,7.9149523,-0.09996414,-1.0647203,-3.7470863,-0.9634145,-2.901094,1
0.0,0,7.914951,-0.09996012,-1.0647244,-3.7470853,-0.96341276,-2.9010956,1
0.0,0,7.914951,-0.09995854,-1.0647265,-3.7470853,-0.9634122,-2.901096,1
0.0,0,7.9149494,-0.09995599,-1.0647291,-3.747085,-0.96341145,-2.9010978,1
0.0,0,7.914951,-0.09995751,-1.0647273,-3.7470856,-0.96341217,-2.9010968,1
0.0,0,7.914951,-0.09995906,-1.0647254,-3.747086,-0.9634121,-2.901096,1
5.0,5,-0.29279572,-2.2185187,-0.76611996,-0.89462745,-1.1738224,10.432288,1
5.0,5,-0.29279566,-2.2185187,-0.7661201,-0.8946272,-1.1738225,10.432288,1
5.0,5,-0.29279566,-2.2185187,-0.76611984,-0.89462745,-1.1738224,10.432288,1
5.0,5,-0.29279563,-2.2185187,-0.76612,-0.89462733,-1.1738225,10.432288,1
5.0,5,-0.29279566,-2.2185187,-0.76612014,-0.89462733,-1.1738222,10.432288,1
5.0,5,-0.29279563,-2.2185187,-0.76611984,-0.89462733,-1.1738225,10.432288,1
5.0,5,-0.66426885,-2.5641801,-0.34631756,-0.84466004,-0.92440987,10.675613,1
5.0,5,-0.66426885,-2.5641801,-0.34631756,-0.8446598,-0.92440987,10.675613,1
5.0,5,-0.66426885,-2.5641801,-0.34631756,-0.8446598,-0.92440975,10.675612,1
5.0,5,-0.66426873,-2.5641801,-0.34631792,-0.84466004,-0.92441,10.675613,1
5.0,5,-0.66426885,-2.5641804,-0.34631735,-0.84466004,-0.92440975,10.675613,1
5.0,5,-0.66426885,-2.5641801,-0.34631768,-0.8446598,-0.92440987,10.675613,1
5.0,5,-0.30286843,-2.1365035,-1.1902499,-0.788693,-1.0021346,10.568121,1
5.0,5,-0.30286837,-2.136504,-1.1902499,-0.7886929,-1.0021347,10.568121,1
5.0,5,-0.30286837,-2.136504,-1.1902502,-0.7886929,-1.0021346,10.568121,1
5.0,5,-0.30286846,-2.1365035,-1.1902502,-0.78869253,-1.0021346,10.568121,1
5.0,5,-0.30286855,-2.136504,-1.1902502,-0.78869253,-1.0021344,10.568121,1
5.0,5,-0.30286837,-2.136504,-1.1902502,-0.78869253,-1.0021344,10.568121,1
4.0,4,-3.1988506,-3.8351438,-4.804757,5.0820513,5.3264136,-3.938351,1
4.0,4,-3.1988506,-3.8351438,-4.804757,5.0820518,5.3264136,-3.938351,1
4.0,4,-3.1988502,-3.8351433,-4.804757,5.082051,5.3264136,-3.9383514,1
4.0,4,-3.1988502,-3.8351438,-4.804757,5.0820513,5.326413,-3.938351,1
4.0,4,-3.1988506,-3.8351438,-4.804757,5.082052,5.3264136,-3.9383504,1
4.0,4,-3.1988506,-3.8351438,-4.804757,5.0820513,5.3264136,-3.938351,1
4.0,4,-2.9036603,-4.10764,-4.41749,2.6443992,6.397166,-3.5494695,1
4.0,4,-2.9036603,-4.1076403,-4.4174905,2.6443994,6.397166,-3.5494702,1
4.0,4,-2.90366,-4.10764,-4.4174895,2.6443992,6.397166,-3.5494704,1
4.0,4,-2.9036603,-4.1076403,-4.41749,2.6443992,6.397166,-3.5494704,1
4.0,4,-2.90366,-4.10764,-4.4174895,2.6443987,6.397166,-3.5494704,1
4.0,4,-2.9036598,-4.10764,-4.4174895,2.6443987,6.397166,-3.5494697,1
4.0,4,-3.6365068,-4.2817397,-4.6943555,4.139354,5.8642807,-3.7060347,1
4.0,4,-3.6365068,-4.2817397,-4.6943555,4.1393547,5.864281,-3.706035,1
4.0,4,-3.6365063,-4.281739,-4.6943545,4.1393547,5.8642817,-3.7060347,1
4.0,4,-3.6365063,-4.2817397,-4.6943545,4.139354,5.864281,-3.7060347,1
4.0,4,-3.6365058,-4.281739,-4.6943555,4.139354,5.864281,-3.706035,1
4.0,4,-3.6365063,-4.281739,-4.6943545,4.139354,5.864281,-3.706035,1
5.0,5,-0.8209139,-2.3688052,-0.83326566,-0.6914089,-0.84387565,10.563938,1
5.0,5,-0.8209141,-2.368805,-0.8332658,-0.69140863,-0.8438755,10.563938,1
5.0,5,-0.82091403,-2.3688047,-0.83326584,-0.69140875,-0.84387565,10.563938,1
5.0,5,-0.82091403,-2.3688047,-0.8332658,-0.6914086,-0.8438757,10.563938,1
5.0,5,-0.8209141,-2.3688052,-0.83326554,-0.6914089,-0.84387565,10.563938,1
5.0,5,-0.82091403,-2.3688047,-0.83326554,-0.6914088,-0.8438757,10.563938,1
2.0,2,-0.4138885,-1.8072149,8.956093,-2.8447976,-1.4056478,-1.8209646,1
2.0,2,-0.4138887,-1.8072149,8.956093,-2.8447976,-1.4056478,-1.8209643,1
2.0,2,-0.4138885,-1.8072151,8.956093,-2.8447976,-1.4056478,-1.8209647,1
2.0,2,-0.4138887,-1.8072151,8.956093,-2.8447976,-1.4056478,-1.8209647,1
2.0,2,-0.4138875,-1.807215,8.956093,-2.8447986,-1.4056488,-1.8209643,1
2.0,2,-0.41388786,-1.8072151,8.956093,-2.844798,-1.4056481,-1.8209645,1
5.0,5,0.017170079,-2.4923494,-0.5560749,-0.9618974,-1.0792044,10.526181,1
5.0,5,0.017170139,-2.4923496,-0.5560749,-0.9618974,-1.0792046,10.526181,1
5.0,5,0.017170109,-2.4923499,-0.5560748,-0.9618974,-1.0792046,10.526181,1
5.0,5,0.017170139,-2.4923496,-0.5560748,-0.96189713,-1.0792046,10.526181,1
5.0,5,0.017170198,-2.4923499,-0.5560748,-0.9618976,-1.0792046,10.526181,1
5.0,5,0.017170139,-2.4923491,-0.5560748,-0.96189713,-1.0792046,10.526181,1
5.0,5,-1.314098,-2.5399106,-0.5155693,-0.46986035,-0.76650536,10.581134,1
5.0,5,-1.3140979,-2.5399108,-0.5155688,-0.46986035,-0.76650536,10.581135,1
5.0,5,-1.3140979,-2.5399108,-0.5155687,-0.46986046,-0.7665055,10.581135,1
5.0,5,-1.3140979,-2.5399108,-0.5155689,-0.46986023,-0.76650536,10.581135,1
5.0,5,-1.3140978,-2.5399106,-0.5155692,-0.46986058,-0.76650536,10.581135,1
5.0,5,-1.3140976,-2.5399108,-0.5155688,-0.46986046,-0.7665055,10.581135,1
0.0,0,7.7413054,1.4470005,-1.4947343,-3.6267555,-1.7607373,-3.3476067,1
0.0,0,7.7413054,1.4470012,-1.4947355,-3.626756,-1.7607367,-3.3476062,1
0.0,0,7.7413054,1.447001,-1.494735,-3.6267557,-1.7607367,-3.3476062,1
0.0,0,7.7413054,1.447002,-1.4947361,-3.6267557,-1.7607367,-3.3476064,1
0.0,0,7.741306,1.4470011,-1.4947352,-3.6267557,-1.7607368,-3.3476062,1
0.0,0,7.7413054,1.4470015,-1.4947355,-3.6267562,-1.7607366,-3.3476064,1
3.0,3,-2.201719,-2.6539407,-1.0404947,7.106782,-0.8356715,-3.4897711,1
3.0,3,-2.2017188,-2.6539404,-1.0404948,7.106781,-0.8356716,-3.4897711,1
3.0,3,-2.2017188,-2.6539404,-1.0404952,7.1067824,-0.8356715,-3.4897711,1
3.0,3,-2.2017188,-2.653941,-1.0404946,7.106782,-0.8356716,-3.4897711,1
3.0,3,-2.2017193,-2.653941,-1.0404943,7.106782,-0.83567166,-3.4897714,1
3.0,3,-2.201719,-2.6539404,-1.0404947,7.106781,-0.8356715,-3.4897711,1
5.0,5,-0.54123,-2.2411451,-1.0356407,-0.7472572,-0.9318966,10.556799,1
5.0,5,-0.54122996,-2.241145,-1.0356406,-0.7472573,-0.9318966,10.556799,1
5.0,5,-0.54123,-2.2411451,-1.0356407,-0.7472574,-0.93189675,10.556799,1
5.0,5,-0.54122984,-2.2411451,-1.0356407,-0.74725705,-0.9318965,10.556799,1
5.0,5,-0.54123,-2.2411451,-1.0356406,-0.7472573,-0.93189675,10.556799,1
5.0,5,-0.54122996,-2.2411451,-1.0356406,-0.7472572,-0.93189675,10.556799,1
0.0,0,7.023058,3.184806,-2.9645789,-3.8733625,-1.105524,-4.0238304,1
0.0,0,7.023059,3.1848054,-2.9645786,-3.8733628,-1.1055244,-4.0238304,1
0.0,0,7.023059,3.1848056,-2.9645784,-3.8733625,-1.1055249,-4.02383,1
0.0,0,7.023058,3.1848056,-2.9645789,-3.8733625,-1.1055244,-4.023831,1
0.0,0,7.023059,3.1848054,-2.9645784,-3.8733625,-1.1055245,-4.0238304,1
0.0,0,7.023058,3.1848052,-2.9645784,-3.8733625,-1.1055245,-4.023831,1
2.0,2,-1.3563923,-1.7592198,8.950169,-2.172496,-1.589003,-1.5100288,1
2.0,2,-1.3563923,-1.7592198,8.950169,-2.172496,-1.5890027,-1.5100291,1
2.0,2,-1.3563923,-1.7592198,8.950168,-2.1724958,-1.5890031,-1.5100291,1
2.0,2,-1.3563923,-1.7592198,8.950169,-2.172496,-1.589003,-1.5100288,1
2.0,2,-1.3563923,-1.7592199,8.950168,-2.172496,-1.589003,-1.5100288,1
2.0,2,-1.356392,-1.7592199,8.950168,-2.172496,-1.589003,-1.5100288,1
3.0,3,-2.2778146,-2.6381912,-0.6304111,6.99434,-0.9576731,-3.5634768,1
3.0,3,-2.2778146,-2.6381912,-0.6304108,6.99434,-0.9576731,-3.5634768,1
3.0,3,-2.277815,-2.6381907,-0.6304107,6.99434,-0.95767295,-3.5634768,1
3.0,3,-2.2778146,-2.6381907,-0.6304111,6.9943404,-0.95767295,-3.5634766,1
3.0,3,-2.2778146,-2.6381907,-0.630411,6.99434,-0.9576731,-3.5634768,1
3.0,3,-2.2778146,-2.638191,-0.6304111,6.99434,-0.95767295,-3.5634768,1
5.0,5,-1.6299734,-2.7867243,-0.14589567,-0.10431999,-0.3376685,10.071723,1
5.0,5,-1.6299735,-2.7867243,-0.14589588,-0.104319856,-0.33766842,10.071724,1
5.0,5,-1.6299734,-2.7867243,-0.14589588,-0.10431974,-0.33766848,10.071723,1
5.0,5,-1.6299734,-2.7867243,-0.14589576,-0.104319766,-0.33766848,10.071723,1
5.0,5,-1.6299734,-2.7867246,-0.14589581,-0.104319826,-0.33766842,10.071724,1
5.0,5,-1.6299733,-2.7867243,-0.1458957,-0.10431974,-0.33766848,10.071723,1
1.0,1,-0.13602516,8.6934595,-2.0858684,-2.2289355,-2.4399538,-1.7535834,1
1.0,1,-0.13602549,8.6934595,-2.0858681,-2.228936,-2.4399538,-1.7535832,1
1.0,1,-0.13602537,8.6934595,-2.0858684,-2.228936,-2.439954,-1.7535832,1
1.0,1,-0.13602537,8.6934595,-2.0858684,-2.228936,-2.439954,-1.7535832,1
1.0,1,-0.13602501,8.6934595,-2.0858684,-2.228936,-2.4399538,-1.7535834,1
1.0,1,-0.13602526,8.6934595,-2.0858684,-2.228936,-2.4399538,-1.7535832,1
3.0,3,-3.667506,-4.714589,-4.3579984,5.4864397,5.300945,-3.0691607,1
3.0,3,-3.667506,-4.714589,-4.3579984,5.4864397,5.300945,-3.0691605,1
3.0,3,-3.667506,-4.714589,-4.3579984,5.4864397,5.300945,-3.0691607,1
3.0,3,-3.6675055,-4.714589,-4.3579984,5.4864397,5.300945,-3.0691607,1
3.0,3,-3.6675057,-4.7145886,-4.357998,5.4864397,5.300945,-3.0691607,1
3.0,3,-3.6675057,-4.714589,-4.3579984,5.4864397,5.300945,-3.0691607,1
5.0,5,-0.63563675,-2.2922907,-0.92800695,-0.75443375,-0.9037803,10.571937,1
5.0,5,-0.63563657,-2.2922907,-0.92800695,-0.7544338,-0.9037803,10.571937,1
5.0,5,-0.63563675,-2.2922904,-0.9280067,-0.7544338,-0.9037803,10.5719385,1
5.0,5,-0.6356368,-2.2922907,-0.9280066,-0.75443393,-0.9037803,10.571938,1
5.0,5,-0.63563675,-2.2922907,-0.9280068,-0.75443393,-0.90378016,10.571937,1
5.0,5,-0.6356367,-2.2922907,-0.92800695,-0.7544338,-0.9037803,10.571937,1
3.0,3,-2.8372138,-4.93248,-4.6937523,5.1214523,5.064406,-3.8802865,1
3.0,3,-2.8372135,-4.932481,-4.693752,5.121452,5.064406,-3.880286,1
3.0,3,-2.837214,-4.93248,-4.6937532,5.1214523,5.064406,-3.880286,1
3.0,3,-2.837214,-4.9324803,-4.693752,5.121452,5.064406,-3.8802865,1
3.0,3,-2.837214,-4.9324803,-4.693753,5.1214523,5.0644064,-3.880286,1
3.0,3,-2.8372145,-4.9324803,-4.6937532,5.1214523,5.064406,-3.8802865,1
5.0,5,-0.487311,-1.7682055,-1.2237241,-0.6165855,-0.8259902,10.289235,1
5.0,5,-0.48731107,-1.7682052,-1.2237244,-0.6165855,-0.8259901,10.289234,1
5.0,5,-0.48731107,-1.7682054,-1.2237244,-0.6165855,-0.8259901,10.289235,1
5.0,5,-0.48731107,-1.7682049,-1.2237244,-0.6165856,-0.8259901,10.289235,1
5.0,5,-0.48731112,-1.7682054,-1.2237244,-0.6165855,-0.8259901,10.289234,1
5.0,5,-0.48731112,-1.7682049,-1.2237244,-0.6165855,-0.8259902,10.289235,1
5.0,5,-0.19957098,-2.4671297,-0.2204214,-0.370577,-1.3325257,10.284962,1
5.0,5,-0.19957098,-2.4671297,-0.22042099,-0.3705769,-1.3325258,10.284962,1
5.0,5,-0.19957098,-2.4671297,-0.22042105,-0.370577,-1.3325255,10.284962,1
5.0,5,-0.19957101,-2.4671297,-0.22042108,-0.37057713,-1.3325255,10.284962,1
5.0,5,-0.19957107,-2.4671297,-0.22042099,-0.370577,-1.3325258,10.284962,1
5.0,5,-0.19957095,-2.4671297,-0.22042105,-0.370577,-1.3325255,10.284962,1
0.0,0,7.96721,-0.8004714,1.0171919,-2.7632506,-2.3696249,-3.402705,1
0.0,0,7.967209,-0.8004728,1.0171942,-2.7632496,-2.3696256,-3.402706,1
0.0,0,7.967209,-0.80047256,1.0171934,-2.7632494,-2.3696256,-3.402706,1
0.0,0,7.967208,-0.8004738,1.0171971,-2.7632482,-2.3696272,-3.4027076,1
0.0,0,7.967209,-0.80047226,1.0171927,-2.7632496,-2.3696256,-3.4027054,1
0.0,0,7.967209,-0.8004724,1.0171927,-2.7632494,-2.3696253,-3.4027057,1
2.0,2,-1.471694,-2.2500637,8.86701,-0.91032183,-1.5133017,-2.6560068,1
2.0,2,-1.4716967,-2.2500637,8.867008,-0.9103183,-1.5133014,-2.6560078,1
2.0,2,-1.4716974,-2.2500646,8.867009,-0.91031647,-1.5133018,-2.6560082,1
2.0,2,-1.471697,-2.2500653,8.867008,-0.91031516,-1.5133023,-2.6560092,1
2.0,2,-1.4716966,-2.2500646,8.86701,-0.91031593,-1.5133023,-2.6560092,1
2.0,2,-1.4716966,-2.2500644,8.867009,-0.9103176,-1.5133023,-2.6560075,1
5.0,5,-0.23703852,-2.7080374,0.08935254,-0.843083,-1.1602517,10.500804,1
5.0,5,-0.2370386,-2.7080379,0.089352794,-0.84308296,-1.1602517,10.500804,1
5.0,5,-0.2370386,-2.7080374,0.089352556,-0.8430831,-1.1602516,10.500804,1
5.0,5,-0.23703864,-2.7080379,0.08935278,-0.84308285,-1.1602516,10.500804,1
5.0,5,-0.23703854,-2.7080379,0.08935251,-0.8430828,-1.160252,10.500804,1
5.0,5,-0.23703855,-2.7080374,0.08935242,-0.843083,-1.1602517,10.500804,1
2.0,2,-0.99608403,-2.1829097,8.96945,-1.3636422,-1.5515133,-2.5867987,1
2.0,2,-0.9961189,-2.1829224,8.969442,-1.3635787,-1.5515205,-2.5868223,1
2.0,2,-0.9961118,-2.1829185,8.969445,-1.3635964,-1.551517,-2.5868137,1
2.0,2,-0.996096,-2.1829123,8.969446,-1.3636274,-1.5515131,-2.5868022,1
2.0,2,-0.99609673,-2.1829157,8.969445,-1.363614,-1.5515176,-2.58681,1
2.0,2,-0.9960998,-2.1829152,8.969445,-1.3636148,-1.5515163,-2.5868087,1
0.0,2,3.0222802,-2.2612505,8.084649,-1.7149948,-2.989174,-3.4168785,0
0.0,2,3.0223572,-2.2612472,8.084602,-1.7150033,-2.9891872,-3.4168956,0
0.0,2,3.0223997,-2.261245,8.0845785,-1.7150059,-2.989197,-3.4169056,0
0.0,2,3.022517,-2.261238,8.084511,-1.7150213,-2.9892218,-3.4169276,0
0.0,2,3.0225134,-2.2612379,8.084513,-1.715021,-2.989221,-3.4169269,0
0.0,2,3.0225558,-2.2612352,8.084489,-1.7150282,-2.9892292,-3.4169347,0
5.0,5,-0.36341727,-2.4040716,-0.6750404,-0.89491165,-0.9870624,10.634336,1
5.0,5,-0.3634171,-2.4040718,-0.67504036,-0.89491165,-0.9870624,10.634336,1
5.0,5,-0.36341715,-2.4040718,-0.6750402,-0.89491165,-0.9870624,10.634336,1
5.0,5,-0.3634172,-2.4040718,-0.67504025,-0.8949119,-0.9870624,10.634336,1
5.0,5,-0.36341715,-2.4040718,-0.6750405,-0.89491165,-0.9870624,10.634336,1
5.0,5,-0.36341727,-2.4040718,-0.6750405,-0.8949119,-0.9870624,10.634336,1
2.0,2,-0.98433244,-2.0790627,8.848245,-2.2977881,-1.0349728,-2.026675,1
2.0,2,-0.98433566,-2.0790641,8.848246,-2.2977817,-1.034974,-2.0266798,1
2.0,2,-0.9843349,-2.079064,8.848246,-2.2977815,-1.0349741,-2.0266802,1
2.0,2,-0.98433375,-2.0790637,8.848246,-2.2977812,-1.0349747,-2.0266814,1
2.0,2,-0.984334,-2.0790637,8.848246,-2.2977831,-1.0349739,-2.0266788,1
2.0,2,-0.984334,-2.0790637,8.848246,-2.2977817,-1.0349743,-2.0266805,1
1.0,1,-0.29186237,8.668518,-2.2761514,-2.3770401,-1.9961905,-1.8987029,1
1.0,1,-0.29186243,8.668519,-2.2761514,-2.3770397,-1.9961903,-1.8987031,1
1.0,1,-0.29186237,8.668518,-2.2761517,-2.3770392,-1.9961905,-1.8987026,1
1.0,1,-0.29186243,8.668518,-2.2761517,-2.3770397,-1.9961905,-1.8987029,1
1.0,1,-0.2918625,8.668518,-2.2761514,-2.37704,-1.9961905,-1.8987029,1
1.0,1,-0.29186243,8.668518,-2.2761514,-2.3770394,-1.9961908,-1.8987029,1
5.0,5,-0.7055653,-2.2746234,-0.86321545,-0.7413902,-0.9379232,10.483457,1
5.0,5,-0.70556515,-2.2746234,-0.8632152,-0.74139,-0.93792295,10.483457,1
5.0,5,-0.7055653,-2.2746234,-0.8632152,-0.74139,-0.9379231,10.483457,1
5.0,5,-0.7055653,-2.2746234,-0.86321527,-0.7413901,-0.9379231,10.483457,1
5.0,5,-0.70556515,-2.2746232,-0.8632152,-0.74139,-0.93792284,10.483457,1
5.0,5,-0.70556515,-2.2746234,-0.8632155,-0.74139,-0.9379231,10.483457,1
1.0,1,0.504095,8.556978,-2.3049426,-2.9033792,-1.9917065,-1.8589922,1
1.0,1,0.5040979,8.556981,-2.3049448,-2.9033747,-1.991708,-1.8589984,1
1.0,1,0.5040975,8.556981,-2.3049443,-2.9033751,-1.9917078,-1.858998,1
1.0,1,0.5040962,8.556981,-2.304943,-2.9033778,-1.9917067,-1.8589954,1
1.0,1,0.5040956,8.556981,-2.3049433,-2.9033775,-1.9917073,-1.8589951,1
1.0,1,0.504098,8.556981,-2.3049448,-2.903375,-1.9917077,-1.8589982,1
0.0,0,7.8582644,-1.1066198,0.09766344,-3.7580292,-0.9738138,-2.7792845,1
0.0,0,7.8582616,-1.1066257,0.09766867,-3.7580297,-0.9738113,-2.7792854,1
0.0,0,7.8582606,-1.1066247,0.097667105,-3.7580295,-0.97381145,-2.7792861,1
0.0,0,7.85826,-1.106627,0.09766997,-3.7580297,-0.9738104,-2.7792861,1
0.0,0,7.8582606,-1.1066258,0.09766788,-3.75803,-0.97381026,-2.7792861,1
0.0,0,7.858261,-1.1066262,0.09766961,-3.7580297,-0.97381103,-2.7792861,1
3.0,3,-1.9955633,-2.3301332,-1.9104838,7.133185,-0.7681765,-3.2593746,1
3.0,3,-1.9955634,-2.3301332,-1.9104837,7.1331854,-0.76817656,-3.2593741,1
3.0,3,-1.9955631,-2.3301332,-1.9104838,7.133185,-0.76817656,-3.2593746,1
3.0,3,-1.9955631,-2.3301332,-1.9104838,7.133186,-0.76817656,-3.2593749,1
3.0,3,-1.9955634,-2.3301332,-1.9104836,7.1331854,-0.7681765,-3.2593746,1
3.0,3,-1.9955631,-2.3301332,-1.9104837,7.1331854,-0.7681766,-3.2593749,1
0.0,0,4.4856787,-2.4458635,-3.4767084,-2.7243278,3.6288247,-4.216409,1
0.0,0,4.485672,-2.4458656,-3.4767115,-2.724325,3.6288285,-4.216409,1
0.0,0,4.4856753,-2.4458642,-3.4767091,-2.7243261,3.6288273,-4.216409,1
0.0,0,4.485672,-2.445865,-3.476711,-2.724325,3.6288283,-4.216409,1
0.0,0,4.4856734,-2.4458656,-3.476711,-2.724325,3.628828,-4.216409,1
0.0,0,4.485674,-2.4458652,-3.4767103,-2.7243254,3.6288276,-4.216409,1
3.0,3,-2.0923665,-2.3594306,-1.6453559,7.061612,-0.81126887,-3.3165123,1
3.0,3,-2.0923662,-2.3594306,-1.6453562,7.061612,-0.81126887,-3.3165123,1
3.0,3,-2.0923667,-2.35943,-1.6453557,7.061612,-0.81126875,-3.3165128,1
3.0,3,-2.0923667,-2.3594306,-1.6453557,7.061612,-0.81126887,-3.3165123,1
3.0,3,-2.0923665,-2.3594306,-1.6453559,7.061612,-0.81126875,-3.3165128,1
3.0,3,-2.0923667,-2.3594306,-1.6453559,7.061612,-0.81126875,-3.3165126,1
3.0,3,-2.7214403,-2.9017668,-3.1499407,7.575872,0.6000581,-3.1508238,1
3.0,3,-2.7214408,-2.9017673,-3.149942,7.575872,0.6000588,-3.1508238,1
3.0,3,-2.7214408,-2.9017673,-3.1499414,7.575872,0.60005885,-3.1508243,1
3.0,3,-2.7214408,-2.9017673,-3.149942,7.575872,0.6000585,-3.1508234,1
3.0,3,-2.7214408,-2.9017668,-3.1499414,7.5758715,0.6000581,-3.1508238,1
3.0,3,-2.7214406,-2.9017668,-3.149942,7.575872,0.60005844,-3.1508238,1
2.0,2,-1.5930431,-2.0147123,8.676257,-2.338183,-0.96595496,-1.4524283,1
2.0,2,-1.5930433,-2.0147119,8.676257,-2.338183,-0.96595496,-1.4524282,1
2.0,2,-1.5930433,-2.0147119,8.676257,-2.338183,-0.96595496,-1.4524283,1
2.0,2,-1.5930433,-2.014712,8.676257,-2.3381832,-0.96595496,-1.4524281,1
2.0,2,-1.5930436,-2.0147126,8.676257,-2.3381832,-0.9659551,-1.4524283,1
2.0,2,-1.5930432,-2.0147119,8.676257,-2.3381832,-0.96595496,-1.4524281,1
4.0,4,-3.558596,-4.2445846,-4.2859445,3.6022346,5.8404856,-3.7727766,1
4.0,4,-3.5585954,-4.2445846,-4.285945,3.6022348,5.8404856,-3.7727764,1
4.0,4,-3.5585954,-4.2445846,-4.285945,3.602234,5.840486,-3.7727761,1
4.0,4,-3.5585954,-4.244585,-4.2859445,3.602235,5.840486,-3.7727761,1
4.0,4,-3.5585954,-4.2445846,-4.285945,3.6022346,5.840486,-3.772776,1
4.0,4,-3.5585954,-4.2445846,-4.285945,3.602235,5.8404865,-3.7727766,1
5.0,5,-1.3949409,-2.8349466,0.41896504,-0.5594996,-0.91725314,10.691637,1
5.0,5,-1.3949406,-2.8349464,0.41896492,-0.5594994,-0.91725314,10.691637,1
5.0,5,-1.3949406,-2.8349464,0.41896468,-0.55949956,-0.91725314,10.691637,1
5.0,5,-1.3949406,-2.8349466,0.41896456,-0.5594995,-0.91725326,10.691638,1
5.0,5,-1.3949409,-2.8349464,0.41896492,-0.5594994,-0.91725314,10.691637,1
5.0,5,-1.394941,-2.8349464,0.41896516,-0.55949944,-0.91725326,10.691637,1
2.0,2,-0.07034886,-1.6652262,8.993064,-3.0749242,-1.6176693,-1.7146668,1
2.0,2,-0.0703484,-1.6652263,8.993063,-3.0749247,-1.6176698,-1.7146668,1
2.0,2,-0.07034892,-1.6652262,8.993063,-3.0749242,-1.6176696,-1.7146668,1
2.0,2,-0.07034902,-1.6652262,8.993063,-3.0749242,-1.6176695,-1.7146671,1
2.0,2,-0.0703492,-1.6652262,8.993063,-3.0749242,-1.6176693,-1.7146671,1
2.0,2,-0.070348896,-1.6652262,8.993063,-3.0749245,-1.6176693,-1.7146668,1
5.0,5,-1.8297595,-3.252793,2.1905484,0.59082174,-1.6692331,9.507425,1
5.0,5,-1.8297598,-3.2527933,2.190549,0.59082186,-1.6692332,9.507425,1
5.0,5,-1.8297596,-3.2527933,2.1905484,0.59082186,-1.6692333,9.507425,1
5.0,5,-1.8297595,-3.2527936,2.1905484,0.5908219,-1.6692334,9.507425,1
5.0,5,-1.8297597,-3.2527928,2.190548,0.5908223,-1.6692332,9.507425,1
5.0,5,-1.8297597,-3.2527933,2.1905484,0.59082204,-1.6692333,9.507425,1
4.0,4,-2.3365493,-3.7734957,-4.1919956,1.6385205,6.3599367,-3.6998973,1
4.0,4,-2.336549,-3.7734957,-4.1919956,1.6385202,6.3599367,-3.699897,1
4.0,4,-2.336549,-3.7734957,-4.191996,1.6385205,6.359937,-3.6998968,1
4.0,4,-2.3365488,-3.7734957,-4.1919966,1.6385205,6.3599367,-3.699897,1
4.0,4,-2.3365488,-3.773496,-4.191996,1.6385205,6.3599367,-3.6998973,1
4.0,4,-2.3365495,-3.773496,-4.1919966,1.6385205,6.359937,-3.6998975,1
3.0,3,-2.099713,-2.694664,-4.312339,5.822099,1.6415004,-2.161167,1
3.0,3,-2.0997133,-2.6946638,-4.3123384,5.8221,1.6415002,-2.161167,1
3.0,3,-2.099713,-2.694664,-4.3123384,5.8221,1.6415004,-2.161167,1
3.0,3,-2.0997133,-2.694664,-4.312338,5.8221,1.6415006,-2.1611671,1
3.0,3,-2.099713,-2.6946638,-4.312338,5.822099,1.6415001,-2.161167,1
3.0,3,-2.0997136,-2.694664,-4.312338,5.8221,1.6415005,-2.1611667,1
4.0,3,-3.4929032,-4.663016,-4.0615745,5.882627,4.776491,-3.1805677,0
4.0,3,-3.4929032,-4.6630163,-4.0615745,5.882627,4.776491,-3.1805677,0
4.0,3,-3.492903,-4.6630154,-4.061575,5.882627,4.7764907,-3.1805675,0
4.0,3,-3.4929032,-4.6630154,-4.061575,5.8826265,4.7764907,-3.1805675,0
4.0,3,-3.4929032,-4.663016,-4.061575,5.882626,4.7764907,-3.1805677,0
4.0,3,-3.4929032,-4.6630154,-4.0615745,5.8826265,4.7764907,-3.1805682,0
0.0,0,8.021302,-0.6586879,0.60717696,-3.7079713,-1.7682593,-2.6085613,1
0.0,0,8.021429,-0.6584303,0.60633105,-3.7077835,-1.7681687,-2.6085634,1
0.0,0,8.021431,-0.6584244,0.6063097,-3.70778,-1.7681664,-2.6085627,1
0.0,0,8.021443,-0.65838975,0.6062224,-3.707762,-1.7681633,-2.6085615,1
0.0,0,8.021383,-0.6585163,0.6066199,-3.7078469,-1.7682027,-2.6085608,1
0.0,0,8.021381,-0.65852225,0.60662884,-3.7078493,-1.7682008,-2.6085613,1
3.0,3,-2.1302571,-2.706876,-2.4436276,7.4380083,-0.13069014,-3.4592102,1
3.0,3,-2.1302574,-2.706876,-2.4436276,7.4380074,-0.13069025,-3.45921,1
3.0,3,-2.130257,-2.706876,-2.443627,7.438008,-0.1306904,-3.4592106,1
3.0,3,-2.1302571,-2.706876,-2.4436274,7.4380083,-0.13069052,-3.4592106,1
3.0,3,-2.1302571,-2.706876,-2.4436276,7.438008,-0.13069023,-3.4592106,1
3.0,3,-2.1302571,-2.706876,-2.4436274,7.438008,-0.13069038,-3.4592109,1
0.0,0,7.9314747,0.8931135,-1.1095883,-3.728938,-1.7425823,-3.1747043,1
0.0,0,7.9314747,0.8931134,-1.1095878,-3.7289379,-1.7425826,-3.1747043,1
0.0,0,7.9314747,0.89311326,-1.1095881,-3.728938,-1.7425822,-3.1747046,1
0.0,0,7.9314747,0.89311314,-1.1095877,-3.7289379,-1.7425824,-3.1747043,1
0.0,0,7.9314747,0.8931129,-1.1095873,-3.7289379,-1.7425824,-3.1747038,1
0.0,0,7.9314756,0.8931129,-1.1095873,-3.7289379,-1.7425824,-3.1747043,1
5.0,5,-0.16797215,-2.3658874,-0.7502342,-0.93114775,-1.0404673,10.598491,1
5.0,5,-0.1679722,-2.3658876,-0.7502342,-0.9311481,-1.0404673,10.598489,1
5.0,5,-0.16797227,-2.3658876,-0.75023425,-0.9311473,-1.0404673,10.598489,1
5.0,5,-0.1679722,-2.3658876,-0.75023437,-0.93114775,-1.0404673,10.598489,1
5.0,5,-0.16797219,-2.3658876,-0.75023437,-0.931148,-1.0404671,10.598491,1
5.0,5,-0.16797225,-2.3658876,-0.75023407,-0.93114775,-1.0404673,10.598491,1
5.0,5,-0.26628992,-2.5731807,0.075008385,-0.42598075,-1.347119,10.281174,1
5.0,5,-0.26629004,-2.5731802,0.07500819,-0.425981,-1.347119,10.281174,1
5.0,5,-0.26629,-2.5731802,0.07500798,-0.42598075,-1.347119,10.281174,1
5.0,5,-0.26629,-2.5731807,0.07500831,-0.42598087,-1.3471189,10.281174,1
5.0,5,-0.2662902,-2.573181,0.07500874,-0.42598078,-1.3471191,10.281173,1
5.0,5,-0.26629,-2.5731807,0.075008385,-0.42598063,-1.347119,10.281174,1
1.0,1,1.3458538,8.311041,-3.1202178,-3.2659047,-1.5019296,-2.4601204,1
1.0,1,1.3458527,8.311041,-3.1202183,-3.2659042,-1.5019296,-2.4601204,1
1.0,1,1.3458532,8.311041,-3.1202178,-3.2659042,-1.5019296,-2.4601202,1
1.0,1,1.345853,8.311041,-3.1202173,-3.2659044,-1.5019299,-2.4601202,1
1.0,1,1.3458529,8.311041,-3.1202183,-3.2659042,-1.5019296,-2.4601202,1
1.0,1,1.3458533,8.311041,-3.1202178,-3.2659042,-1.5019296,-2.4601204,1
1.0,1,-0.9810249,8.030364,-3.0825489,-2.561685,-0.31467718,-2.9330637,1
1.0,1,-0.98102456,8.030365,-3.0825481,-2.561685,-0.3146786,-2.9330637,1
1.0,1,-0.98102444,8.030364,-3.0825493,-2.5616868,-0.31467688,-2.933064,1
1.0,1,-0.9810249,8.030364,-3.082549,-2.561686,-0.31467664,-2.9330645,1
1.0,1,-0.9810253,8.030364,-3.0825489,-2.561685,-0.3146768,-2.933064,1
1.0,1,-0.98102385,8.030364,-3.0825493,-2.5616868,-0.3146769,-2.9330637,1
0.0,0,7.970196,0.92139965,-0.0012559816,-3.7485838,-2.4293156,-3.0433505,1
0.0,0,7.970196,0.9213994,-0.001255691,-3.7485838,-2.4293153,-3.043351,1
0.0,0,7.970196,0.92139953,-0.0012561008,-3.7485838,-2.4293153,-3.0433507,1
0.0,0,7.970196,0.9213997,-0.0012564361,-3.748584,-2.429315,-3.0433514,1
0.0,0,7.970196,0.92140007,-0.0012563989,-3.7485843,-2.4293156,-3.043351,1
0.0,0,7.970196,0.9213996,-0.0012561679,-3.7485838,-2.4293153,-3.0433505,1
1.0,0,7.0262876,4.100393,-1.174537,-4.266069,-2.7962043,-2.9973605,0
1.0,0,7.026284,4.1003976,-1.1745387,-4.2660685,-2.7962055,-2.99736,0
1.0,0,7.026289,4.1003904,-1.1745353,-4.266069,-2.7962055,-2.9973598,0
1.0,0,7.026289,4.10039,-1.174535,-4.2660685,-2.796205,-2.997359,0
1.0,0,7.0262856,4.1003947,-1.1745355,-4.2660694,-2.7962062,-2.997359,0
1.0,0,7.026287,4.1003933,-1.1745363,-4.266069,-2.7962053,-2.9973595,0
4.0,4,-2.7967644,-4.3706074,-4.6656933,3.0485082,6.332127,-3.637914,1
4.0,4,-2.7967641,-4.370608,-4.665693,3.0485086,6.332127,-3.6379137,1
4.0,4,-2.796765,-4.3706074,-4.6656923,3.0485086,6.3321266,-3.6379137,1
4.0,4,-2.7967649,-4.370608,-4.6656933,3.0485082,6.3321276,-3.637914,1
4.0,4,-2.7967644,-4.370608,-4.6656933,3.0485082,6.3321276,-3.637914,1
4.0,4,-2.7967644,-4.370608,-4.665693,3.0485086,6.332127,-3.637914,1
0.0,0,7.9976997,0.15042864,-0.632859,-3.732311,-1.4763639,-2.575363,1
0.0,0,7.997693,0.15041667,-0.6328509,-3.7323117,-1.4763591,-2.5753589,1
0.0,0,7.997694,0.15042368,-0.6328592,-3.7323127,-1.4763576,-2.5753605,1
0.0,0,7.997693,0.15042159,-0.63285893,-3.7323127,-1.4763575,-2.575361,1
0.0,0,7.997692,0.15043338,-0.6328669,-3.7323143,-1.476358,-2.5753632,1
0.0,0,7.997693,0.15042365,-0.632857,-3.7323132,-1.4763589,-2.5753608,1
5.0,5,-0.7043852,-2.615468,-0.21571478,-0.84873605,-0.9325142,10.678897,1
5.0,5,-0.70438534,-2.615468,-0.21571526,-0.8487359,-0.9325141,10.678897,1
5.0,5,-0.7043852,-2.615468,-0.21571532,-0.8487359,-0.9325141,10.678897,1
5.0,5,-0.70438534,-2.615468,-0.21571514,-0.8487358,-0.9325142,10.678897,1
5.0,5,-0.70438534,-2.615468,-0.21571505,-0.8487359,-0.9325141,10.678897,1
5.0,5,-0.70438534,-2.615468,-0.21571535,-0.8487357,-0.93251395,10.678897,1
3.0,3,-2.264672,-2.1489985,-1.2991995,6.923063,-0.9604048,-3.4454274,1
3.0,3,-2.264672,-2.1489985,-1.2991998,6.9230623,-0.96040493,-3.4454277,1
3.0,3,-2.2646723,-2.1489985,-1.2991995,6.923063,-0.9604048,-3.4454274,1
3.0,3,-2.2646718,-2.1489985,-1.2991995,6.9230623,-0.9604048,-3.4454274,1
3.0,3,-2.2646718,-2.1489985,-1.2991996,6.9230623,-0.9604048,-3.4454274,1
3.0,3,-2.2646718,-2.1489985,-1.2991997,6.9230623,-0.9604048,-3.4454274,1
0.0,1,1.2413571,8.2180805,-3.0484025,-3.6232834,-1.0336366,-3.1939852,0
0.0,1,1.2413554,8.218082,-3.0484025,-3.6232831,-1.0336366,-3.1939843,0
0.0,1,1.2413559,8.218081,-3.0484028,-3.6232831,-1.0336372,-3.1939845,0
0.0,1,1.2413561,8.218081,-3.0484023,-3.6232831,-1.0336369,-3.1939845,0
0.0,1,1.2413566,8.218081,-3.0484025,-3.6232831,-1.0336372,-3.1939847,0
0.0,1,1.2413559,8.218081,-3.0484025,-3.623283,-1.0336372,-3.1939845,0
0.0,0,7.096917,3.8905778,-1.0237974,-4.284832,-2.8097653,-2.9400568,1
0.0,0,7.096918,3.8905773,-1.0237983,-4.2848325,-2.8097634,-2.9400575,1
0.0,0,7.0969176,3.8905764,-1.0237974,-4.2848325,-2.809764,-2.9400568,1
0.0,0,7.0969176,3.8905764,-1.0237973,-4.2848325,-2.8097641,-2.940057,1
0.0,0,7.0969186,3.8905756,-1.0237987,-4.284833,-2.8097634,-2.9400573,1
0.0,0,7.096918,3.8905776,-1.0237987,-4.2848325,-2.8097634,-2.9400575,1
4.0,4,-2.6424003,-3.7778397,-4.2655416,1.978912,6.3844237,-3.6479464,1
4.0,4,-2.6424003,-3.7778392,-4.2655416,1.978912,6.3844237,-3.6479464,1
4.0,4,-2.6424005,-3.7778401,-4.2655406,1.9789125,6.3844237,-3.6479464,1
4.0,4,-2.6424005,-3.7778392,-4.2655416,1.9789122,6.3844237,-3.6479464,1
4.0,4,-2.6424003,-3.7778397,-4.2655416,1.9789125,6.3844237,-3.6479464,1
4.0,4,-2.6424003,-3.7778397,-4.2655406,1.9789122,6.3844237,-3.6479464,1
4.0,4,-2.872042,-4.4205775,-4.7378316,3.2734613,6.284366,-3.652103,1
4.0,4,-2.8720422,-4.4205775,-4.737832,3.2734613,6.284365,-3.6521025,1
4.0,4,-2.8720424,-4.4205775,-4.737832,3.2734618,6.284365,-3.6521022,1
4.0,4,-2.8720424,-4.4205775,-4.7378325,3.2734618,6.284365,-3.652102,1
4.0,4,-2.8720422,-4.420577,-4.7378325,3.2734618,6.284366,-3.6521022,1
4.0,4,-2.872042,-4.4205775,-4.7378316,3.2734609,6.2843666,-3.6521025,1
0.0,0,7.380094,3.014756,-2.1079972,-3.9758403,-1.7981677,-3.2613206,1
0.0,0,7.3800945,3.0147567,-2.1079972,-3.9758408,-1.798168,-3.261321,1
0.0,0,7.3800945,3.0147572,-2.1079977,-3.9758403,-1.7981676,-3.2613213,1
0.0,0,7.380092,3.014762,-2.1079988,-3.9758403,-1.7981684,-3.2613218,1
0.0,0,7.3800945,3.0147567,-2.107997,-3.9758408,-1.798168,-3.261321,1
0.0,0,7.3800945,3.0147564,-2.1079967,-3.9758408,-1.7981677,-3.2613213,1
1.0,1,-0.01387953,8.581283,-2.1662023,-2.6702514,-2.0029716,-1.6536416,1
1.0,1,-0.0138830915,8.5812845,-2.1662054,-2.6702406,-2.002974,-1.653646,1
1.0,1,-0.013882555,8.581285,-2.1662042,-2.6702416,-2.0029743,-1.6536452,1
1.0,1,-0.013880104,8.581283,-2.1662035,-2.67025,-2.0029716,-1.6536427,1
1.0,1,-0.013881922,8.581285,-2.166204,-2.6702433,-2.0029747,-1.6536441,1
1.0,1,-0.013882995,8.5812845,-2.1662054,-2.67024,-2.0029743,-1.6536463,1
0.0,0,7.7376366,-0.249484,1.9727905,-4.094281,-2.421907,-2.9202242,1
0.0,0,7.7376366,-0.24948418,1.9727907,-4.094281,-2.421907,-2.920224,1
0.0,0,7.737636,-0.24948463,1.9727931,-4.094281,-2.4219072,-2.9202237,1
0.0,0,7.737639,-0.24948356,1.9727871,-4.09428,-2.4219067,-2.9202237,1
0.0,0,7.737638,-0.2494835,1.9727876,-4.0942802,-2.4219067,-2.9202237,1
0.0,0,7.737638,-0.24948367,1.9727881,-4.0942802,-2.4219067,-2.9202237,1
3.0,3,-2.1251101,-2.8800282,-2.3941154,7.484421,-0.0404844,-3.4975893,1
3.0,3,-2.1251101,-2.8800282,-2.3941154,7.4844213,-0.040484577,-3.4975893,1
3.0,3,-2.1251101,-2.8800282,-2.3941154,7.4844213,-0.0404844,-3.4975893,1
3.0,3,-2.1251101,-2.8800285,-2.3941157,7.4844217,-0.04048434,-3.4975893,1
3.0,3,-2.1251101,-2.8800282,-2.3941157,7.4844213,-0.040484462,-3.4975893,1
3.0,3,-2.1251097,-2.8800285,-2.3941157,7.4844217,-0.04048434,-3.4975893,1
4.0,4,-3.0577068,-4.515979,-4.768576,3.7926185,5.8242173,-3.9941585,1
4.0,4,-3.0577066,-4.515979,-4.768577,3.7926183,5.8242183,-3.9941585,1
4.0,4,-3.057706,-4.515979,-4.7685766,3.7926183,5.824218,-3.9941585,1
4.0,4,-3.0577078,-4.515979,-4.768576,3.792619,5.824218,-3.9941585,1
4.0,4,-3.0577073,-4.515979,-4.7685766,3.7926185,5.8242183,-3.9941585,1
4.0,4,-3.0577068,-4.515979,-4.7685776,3.7926195,5.8242183,-3.9941585,1
5.0,5,-0.15000096,-2.4412515,-0.34574753,-0.40025896,-1.2939515,10.291222,1
5.0,5,-0.15000065,-2.4412513,-0.34574756,-0.4002589,-1.2939515,10.291221,1
5.0,5,-0.15000062,-2.4412515,-0.34574798,-0.4002588,-1.2939516,10.291222,1
5.0,5,-0.15000066,-2.4412515,-0.3457478,-0.40025875,-1.2939517,10.291221,1
5.0,5,-0.1500007,-2.4412515,-0.34574792,-0.40025887,-1.2939517,10.291222,1
5.0,5,-0.15000078,-2.4412515,-0.3457478,-0.4002588,-1.2939516,10.291221,1
0.0,0,7.866471,0.0007388927,-1.1138489,-3.6837988,-0.9781436,-2.807768,1
0.0,0,7.8664694,0.000736868,-1.11385,-3.6837983,-0.97814065,-2.807771,1
0.0,0,7.86647,0.00073768385,-1.1138498,-3.6837983,-0.97814167,-2.8077698,1
0.0,0,7.86647,0.00073812157,-1.1138504,-3.6837983,-0.9781411,-2.8077703,1
0.0,0,7.86647,0.00073884614,-1.113852,-3.6837986,-0.9781408,-2.807771,1
0.0,0,7.86647,0.00073731877,-1.1138499,-3.6837978,-0.9781408,-2.8077707,1
5.0,5,-0.8196744,-2.505894,-0.57053584,-0.7146686,-0.85472125,10.6664295,1
5.0,5,-0.8196744,-2.5058944,-0.57053584,-0.7146688,-0.85472125,10.6664295,1
5.0,5,-0.8196745,-2.505894,-0.57053566,-0.7146687,-0.8547213,10.6664295,1
5.0,5,-0.81967443,-2.505894,-0.5705357,-0.7146689,-0.8547213,10.6664295,1
5.0,5,-0.8196744,-2.505894,-0.5705357,-0.71466905,-0.85472125,10.6664295,1
5.0,5,-0.8196745,-2.5058944,-0.5705357,-0.7146687,-0.85472125,10.666429,1
0.0,0,8.000233,-0.15008143,-0.5646258,-3.7051618,-1.3431231,-2.6257777,1
0.0,0,8.000232,-0.15008652,-0.5646185,-3.7051618,-1.3431243,-2.6257756,1
0.0,0,8.000231,-0.15008584,-0.56461954,-3.7051616,-1.3431242,-2.6257768,1
0.0,0,8.000232,-0.1500862,-0.56461906,-3.7051618,-1.3431244,-2.6257758,1
0.0,0,8.000231,-0.15008558,-0.5646196,-3.7051616,-1.3431242,-2.6257765,1
0.0,0,8.000232,-0.150086,-0.5646187,-3.7051618,-1.3431239,-2.6257753,1
