role,class_name,label,f0,f1,f2,f3,f4,f5,f6
real_missing,triangle,1,1.1006800236184453,0.8,0.18611598014831543,0.8,0.12752321362495422,0.746525764465332,0.8674250245094299
pseudo,triangle,1,0.9976825340594694,1.0,0.18178848359093283,1.0,0.2617063722200078,0.865215603638942,0.8813952056288579
pseudo,triangle,1,0.7410284037317153,0.8,0.18181287871782717,0.8,0.19020389366597001,0.8084502099265154,0.8478002418293858
pseudo,triangle,1,1.2102344088179178,1.0,0.22720188037490865,1.0,0.4573697338482348,0.8246955661719487,0.9382346266247586
pseudo,triangle,1,1.4549310843935994,1.0,0.21043353582003094,1.0,0.43460355366742914,0.8250203950140044,0.8573389060210448
pseudo,triangle,1,1.13567375803677,0.8,0.1878992161506269,0.8,0.2761420841648554,0.878384177693302,0.8883454384168937
pseudo,triangle,1,0.9628987941558265,1.0,0.21370892021861326,1.0,0.416645232195752,0.8885844253800499,0.9139753443800982
pseudo,triangle,1,0.7693739728945314,1.0,0.20360453311895738,1.0,0.3096378087303348,0.8521244758598964,0.9107615568470434
pseudo,triangle,1,1.0180387079137723,1.0,0.1941721403973582,1.0,0.29500620649388143,0.8958905123719608,0.9189587703019326
pseudo,triangle,1,0.946489769254631,1.0,0.18639450428056975,1.0,0.24878785292733338,0.7403416839222218,0.854090467186283
pseudo,triangle,1,1.3167643866688603,0.8,0.1950314254429088,0.8,0.3008463083785113,0.8053783624554813,0.8796788250777547
pseudo,triangle,1,0.8280287015791548,1.0,0.18796087530874833,1.0,0.22090104050244003,0.787727290932969,0.8769903053679882
pseudo,triangle,1,0.7991844666696576,1.0,0.1956432082188421,1.0,0.2530139233181551,0.8400136832630498,0.8642647921829941
pseudo,triangle,1,1.310156547737984,1.0,0.20407383129408013,1.0,0.31452393409414736,0.8196811855507623,0.8461578020507768
pseudo,triangle,1,1.1002337078808253,1.0,0.22184919507976786,1.0,0.41375115992363415,0.8076409090377807,0.9112629952942338
pseudo,triangle,1,1.1279138217738782,1.0,0.19107321441235312,1.0,0.26868217624865054,0.7519311532379266,0.9096399757450218
pseudo,triangle,1,1.138259834091698,1.0,0.1835373451021459,1.0,0.2878397135830778,0.7702287740572223,0.8690071844634758
pseudo,triangle,1,1.0273172956957526,1.0,0.19216147673265166,1.0,0.23989120005231954,0.8037358067280718,0.864077391368321
pseudo,triangle,1,1.1185115765229774,1.0,0.1801388807204321,1.0,0.2291851476986909,0.701746567357112,0.874304859729944
pseudo,triangle,1,1.1840058412263368,1.0,0.20322900121247223,1.0,0.2912579636403364,0.821621011538716,0.8372754066699648
pseudo,triangle,1,1.2183776432995204,1.0,0.1790675075842995,1.0,0.19436770973620113,0.801715075781777,0.8082955253730582
pseudo,triangle,1,1.4035022768691965,1.0,0.20134167119780075,1.0,0.29609062787206114,0.8186209821160995,0.858152311615429
pseudo,triangle,1,0.7451173190784602,1.0,0.179620230792526,1.0,0.20952534371504378,0.723378735567414,0.8177360946298486
pseudo,triangle,1,0.8772261247530626,0.8,0.1841277981165162,0.8,0.2340061455713675,0.8124095726751795,0.8348518462009749
pseudo,triangle,1,0.9886258796273575,1.0,0.20132303757644046,1.0,0.28026528051092015,0.872848479342552,0.9250027111043265
pseudo,triangle,1,1.0730461472726702,1.0,0.19005101178821415,1.0,0.3093382319024899,0.775885141435293,0.8823832938905205
pseudo,triangle,1,0.9085085754594442,1.0,0.1964568142742967,1.0,0.30319389842645456,0.8438848608894833,0.875172738357687
pseudo,triangle,1,1.149053086848212,1.0,0.1981394687671499,1.0,0.3576768055160325,0.8404120730973828,0.906115950756257
pseudo,triangle,1,0.8825401169797373,1.0,0.21283836842859016,1.0,0.36263315188547784,0.7972771402004567,0.9114768193799438
pseudo,triangle,1,1.1054950466306337,1.0,0.20019880830230022,1.0,0.34971153539782207,0.7587440591602448,0.9277405370575424
pseudo,triangle,1,1.035163031360743,1.0,0.20178473409705813,1.0,0.3234105294303323,0.8327976279499001,0.8526386386192741
pseudo,triangle,1,1.2140118332506522,1.0,0.2085062050084716,1.0,0.350503469229943,0.7476100641409277,0.893737244981004
pseudo,triangle,1,1.3483894707537716,1.0,0.1948087953507322,1.0,0.2885368154820741,0.718018925157402,0.9191378283063325
pseudo,triangle,1,0.9357350937077218,1.0,0.20413275402668957,1.0,0.3038192103733527,0.7305989672121622,0.8656181368407139
pseudo,triangle,1,0.7483285345228935,1.0,0.20178447984561992,1.0,0.22672595219130742,0.7177209478052445,0.8856687401709488
pseudo,triangle,1,1.3458350665541023,1.0,0.21732095272833232,1.0,0.3959902870620951,0.8526690979206905,0.9027197294984175
pseudo,triangle,1,0.9437414657581853,1.0,0.20645908712321898,1.0,0.3604636661525702,0.7622944019781079,0.9220376695742871
pseudo,triangle,1,0.8174934630070375,1.0,0.18599323068860013,1.0,0.22834828405894986,0.7091731167069554,0.8366632708730245
pseudo,triangle,1,0.7956359996397255,1.0,0.1954479318672585,1.0,0.24649480208206742,0.8640609938249286,0.889388373160517
pseudo,triangle,1,1.0027520878933907,1.0,0.17573372208382,1.0,0.23809632778352058,0.8261234688884715,0.8269204286254042
pseudo,triangle,1,1.0757946917229755,1.0,0.2203782060672362,1.0,0.3867640014986089,0.9048908424732791,0.9104622825868313
real_missing,question mark,1,0.8162116048141573,0.4,0.15588322281837463,0.4,-0.06422130018472672,0.6642295718193054,0.7509020566940308
pseudo,question mark,1,0.7647431604181492,1.0,0.1648443781756689,1.0,0.12429808434181382,0.803638888164739,0.8074512446640626
pseudo,question mark,1,0.7596852286134097,0.8,0.18367616034947604,0.8,0.20430546872044952,0.6547913874131835,0.8379577740747893
pseudo,question mark,1,0.7822048892921881,0.6,0.15503342114273366,0.6,0.02711236930860017,0.760498788703305,0.8080248363683838
pseudo,question mark,1,0.8750149774860325,0.8,0.16513673638026288,0.8,0.1707770926565569,0.7119285806147294,0.8342110691785763
pseudo,question mark,1,0.8336463878744628,1.0,0.16293560119184033,1.0,0.15299374259388748,0.6373354988156282,0.7967721413620994
pseudo,question mark,1,0.6697078597896546,1.0,0.1830433956720499,1.0,0.20675519935360143,0.7311238606863711,0.842901078795684
pseudo,question mark,1,1.075981233555516,1.0,0.17411542214120512,1.0,0.24449643700655277,0.7055755824380032,0.7819411254386748
pseudo,question mark,1,0.6764754294855863,0.8,0.1843247891669029,0.8,0.17389750742129148,0.7183349482869192,0.8235847418823055
pseudo,question mark,1,0.9356439071199082,0.8,0.16986605049993814,0.8,0.13370517612027413,0.7353194240115316,0.8049563625799846
pseudo,question mark,1,1.0156778794157788,0.6,0.16299850061609353,0.6,0.09525588577223117,0.7006022337292931,0.7710648053241078
pseudo,question mark,1,0.871732236974028,1.0,0.1846423036749624,1.0,0.23939728140983485,0.7640081819700695,0.7865272746177622
pseudo,question mark,1,1.1242581239008067,0.8,0.1505369602794632,0.8,0.11513135817936397,0.6206906876900127,0.8344544401697022
pseudo,question mark,1,0.5959245160918826,1.0,0.17378262147836793,1.0,0.16250241167559648,0.6529853844372335,0.7200827427502283
pseudo,question mark,1,0.9917855118436856,1.0,0.18915040724571147,1.0,0.2696530593560075,0.8063978921062144,0.8710603113125379
pseudo,question mark,1,0.9334818256553623,1.0,0.18257198273432884,1.0,0.19885675280523557,0.6254529204857204,0.7864242346625098
pseudo,question mark,1,1.0696265990203908,1.0,0.1557251341450005,1.0,0.15679753040098043,0.7291830869206053,0.8448029991182995
pseudo,question mark,1,1.0127170466236193,0.8,0.1701283903077377,0.8,0.21646323926644512,0.778188900258229,0.7906069859506809
pseudo,question mark,1,0.9767357283748914,0.8,0.1791654932004057,0.8,0.13851301359822477,0.6802528846772716,0.8842637615389286
pseudo,question mark,1,0.6544669547873827,0.8,0.19271100545929953,0.8,0.19158123897133267,0.7398572049938507,0.8526297065789834
pseudo,question mark,1,0.5203929090989108,1.0,0.20393285021973484,1.0,0.22454277719893395,0.7394261408001002,0.7996989569286661
pseudo,question mark,1,0.7322802219562813,1.0,0.19643624905383147,1.0,0.23334661090108977,0.6810495414852001,0.8300486307698943
pseudo,question mark,1,0.8048463244031749,0.8,0.1650248047394597,0.8,0.1746261339349375,0.7788699111658688,0.7821304363528053
pseudo,question mark,1,0.5638411098882101,0.8,0.17874678226301852,0.8,0.20630381615394927,0.8200996792251957,0.834161329980713
pseudo,question mark,1,0.7195333839328782,0.8,0.16369659401658318,0.8,0.13153951101774822,0.7348816588049852,0.7542161061996328
pseudo,question mark,1,0.6937009124800338,1.0,0.17828317297804866,1.0,0.20910689617618092,0.7925054826423794,0.8194761065753245
pseudo,question mark,1,0.7882721608196108,0.8,0.16800815276308262,0.8,0.1709137762233161,0.74908128874272,0.7731500658365287
pseudo,question mark,1,0.7349386633829724,0.6,0.1487772783283167,0.6,0.05936201053763568,0.6978099421350017,0.7235424596056139
pseudo,question mark,1,0.7307919138099239,0.8,0.16986595978797156,0.8,0.10822435685546439,0.7208910094788151,0.8519738507782831
pseudo,question mark,1,0.6726273190044394,0.6,0.16853794326801758,0.6,0.0797427515321193,0.6945042124154471,0.7982935433337016
pseudo,question mark,1,0.5951679849979543,0.4,0.1639445090829909,0.4,0.08108531580493716,0.639695833390793,0.7825689793866029
pseudo,question mark,1,0.9688095235105472,1.0,0.1548663033029771,1.0,0.09241236118867527,0.7775574472517127,0.8064790266475179
pseudo,question mark,1,0.530287297648374,0.8,0.1892587195530116,0.8,0.25200312469149927,0.7633046811411489,0.7962404910376162
pseudo,question mark,1,0.7233496036295012,0.8,0.15966600790409938,0.8,0.13370090695273296,0.7764970763361906,0.7909055198246653
pseudo,question mark,1,0.9472219856519912,1.0,0.17925488082667518,1.0,0.24467080238018463,0.8191852496733324,0.8203537603650588
pseudo,question mark,1,0.5985504110634966,0.8,0.16150953057832954,0.8,0.10529322640104002,0.6800504390869349,0.7137220536912084
pseudo,question mark,1,0.8364029230036456,0.6,0.16676193144911347,0.6,0.12590565699838743,0.6802708103019072,0.8407972833067756
pseudo,question mark,1,0.6626022213093711,0.8,0.17507622750241997,0.8,0.16360568449635993,0.7345703558557338,0.8319455607804496
pseudo,question mark,1,0.6943083495183268,1.0,0.1805804317387291,1.0,0.1832373264387803,0.7079126014377288,0.8147347116850935
pseudo,question mark,1,0.8539000545529113,1.0,0.17396690900388892,1.0,0.24969090193190374,0.7671080461392231,0.798305842350641
pseudo,question mark,1,0.6185993150833241,1.0,0.18133296555427686,1.0,0.1965300137956157,0.7424154783622565,0.8044256959323777
real_missing,infinity,1,0.8544954649785929,0.8,0.1882740557193756,0.8,0.18803398311138153,0.665328860282898,0.7739835977554321
pseudo,infinity,1,0.8662640443608834,1.0,0.20220399211172838,1.0,0.33205093526578244,0.741363605028853,0.8462697314427919
pseudo,infinity,1,0.8045316932986044,1.0,0.20249001072110348,1.0,0.361944289713897,0.833528791403228,0.8576770560787212
pseudo,infinity,1,0.9321785814354431,1.0,0.22385556717033844,1.0,0.40650503851693626,0.7556009865207299,0.8683799067134078
pseudo,infinity,1,0.8186687717748733,1.0,0.1952049545659237,1.0,0.3275960882207187,0.8096362492181491,0.8380150896207686
pseudo,infinity,1,1.0328930891942858,1.0,0.21488125398458405,1.0,0.3974461226981204,0.7872792021192229,0.9215857874933218
pseudo,infinity,1,0.8310811306364576,1.0,0.20574139395060187,1.0,0.3724021465420765,0.8174163720046241,0.8451746388293773
pseudo,infinity,1,1.2207239110647428,1.0,0.21813235891151472,1.0,0.5163751867789943,0.8575390265385117,0.9073563418473668
pseudo,infinity,1,0.9133197808763832,1.0,0.21637520411260755,1.0,0.4243943603275799,0.8170303259924041,0.8735705815328457
pseudo,infinity,1,0.8599533619599027,1.0,0.19935452576054263,1.0,0.32512169985692324,0.7626240651074753,0.8374935927013286
pseudo,infinity,1,1.1050717139792794,1.0,0.2068350212928952,1.0,0.41769866449335885,0.8315980586652595,0.8556321639938106
pseudo,infinity,1,0.7136697765826475,1.0,0.2041258089742773,1.0,0.3267453137784768,0.8130433800008531,0.9227565518499804
pseudo,infinity,1,0.7337697200928128,1.0,0.2158934659289408,1.0,0.4277441840955348,0.7602347534475201,0.905758772047148
pseudo,infinity,1,0.9105607288558749,1.0,0.20399200788948507,1.0,0.35506288168691674,0.7296163068351047,0.8652366939376119
pseudo,infinity,1,0.647657090255632,1.0,0.1954968761538855,1.0,0.30176053073849735,0.8032000211033541,0.8202021673049051
pseudo,infinity,1,0.9124260092568033,1.0,0.20425423510004964,1.0,0.4126767615559307,0.8154352306047906,0.845286498518387
pseudo,infinity,1,0.9654523115514291,1.0,0.2122700951638367,1.0,0.4263481729628785,0.8405181129898142,0.8744462711595435
pseudo,infinity,1,1.049461812054534,1.0,0.2076561338418575,1.0,0.389257969241113,0.809320461291983,0.8900565483380318
pseudo,infinity,1,1.064818781643321,1.0,0.21398278618198333,1.0,0.4127237136646481,0.821592820253273,0.8793142789849459
pseudo,infinity,1,0.8863482320454154,1.0,0.21688853985475537,1.0,0.41897434265557515,0.8099205471033786,0.8520436901965408
pseudo,infinity,1,0.6403019817135365,1.0,0.2027262130287169,1.0,0.31710718340430877,0.7745374731218017,0.8532320653676709
pseudo,infinity,1,0.9165346449969072,1.0,0.19077271484104222,1.0,0.2993052043680017,0.8209425463166097,0.8502565817986638
pseudo,infinity,1,0.8893858065259714,1.0,0.20767937979206672,1.0,0.3197986648864224,0.8571690281536712,0.8633159150263207
pseudo,infinity,1,1.0083195425056186,1.0,0.20936403344130916,1.0,0.3842488543786919,0.7889757952003514,0.8905324419982649
pseudo,infinity,1,0.9710192907231836,1.0,0.20088185001146477,1.0,0.40415343427331607,0.8333273293848346,0.870179477084159
pseudo,infinity,1,1.3341189267523763,1.0,0.2195490013826819,1.0,0.4653643955094456,0.8442731492878132,0.9367496166875501
pseudo,infinity,1,0.5570406570872428,1.0,0.19617169526542608,1.0,0.25387671190728567,0.7277265822100618,0.8648655266383366
pseudo,infinity,1,0.9623908793406798,1.0,0.20973288701332932,1.0,0.4163514927217501,0.8436790874816661,0.8554911392827931
pseudo,infinity,1,0.6774920517440228,0.8,0.18659706549650767,0.8,0.29001449359423426,0.8146359831071929,0.843677735003226
pseudo,infinity,1,0.6030400454602939,1.0,0.19520104858794796,1.0,0.3019790046376726,0.7835510615099601,0.8135713003938989
pseudo,infinity,1,0.8349676454973605,1.0,0.211773262118175,1.0,0.4216697776595818,0.8074240675238759,0.8526290574056987
pseudo,infinity,1,1.092589332321452,1.0,0.21714791042182977,1.0,0.3902193582188303,0.7515105650507037,0.9367277283241133
pseudo,infinity,1,0.681080809373906,1.0,0.19311042064760126,1.0,0.32903589925987325,0.7929618939322433,0.8305643907727956
pseudo,infinity,1,0.9432939712271136,1.0,0.21457031702505253,1.0,0.3957784792710825,0.7791467531503831,0.9073668770686397
pseudo,infinity,1,1.0548434768510457,1.0,0.2112185579837873,1.0,0.43807961204545337,0.8112609728699199,0.9227238834137059
pseudo,infinity,1,0.893624709031726,1.0,0.2087896512488714,1.0,0.3961626104818912,0.8485331243308749,0.870217016397774
pseudo,infinity,1,0.5902218661786408,1.0,0.20054601569954525,1.0,0.33977478535382577,0.8056253374808059,0.8183377214061677
pseudo,infinity,1,0.8778108829575189,1.0,0.22147759930553496,1.0,0.4487408092401955,0.8460945791380774,0.8726419102594053
pseudo,infinity,1,0.817984383191072,1.0,0.20578796361231527,1.0,0.34850265402375424,0.8067861247064235,0.865035229908663
pseudo,infinity,1,0.877569650360788,1.0,0.20615101167003033,1.0,0.4104831170449879,0.833191668301883,0.8436423629779141
pseudo,infinity,1,1.0460204619553901,1.0,0.2064664154304313,1.0,0.3518499153140174,0.7460095336200271,0.9021214989077332
fake_existing,0,0,0.7014947041379717,0.6,0.22657489776611328,0.6,0.23681315779685974,0.84673672914505,0.9245485663414001
fake_existing,0,0,1.7929898713362107,1.0,0.28749361634254456,1.0,0.6406528353691101,0.9585862755775452,1.0861690044403076
fake_existing,0,0,1.2613311313679885,0.8,0.2606607675552368,0.8,0.4665434956550598,0.9465985298156738,1.031502604484558
fake_existing,0,0,1.8709853118075706,1.0,0.2904735505580902,1.0,0.7144356966018677,1.081101894378662,1.0932859182357788
fake_existing,0,0,2.2928367722187426,1.0,0.32196593284606934,1.0,0.9041956663131714,1.097244381904602,1.1661344766616821
fake_existing,0,0,1.5862415918639146,0.8,0.2799524664878845,0.8,0.6590636968612671,0.9727296233177185,1.0368492603302002
fake_existing,0,0,1.432085415979941,0.8,0.274468332529068,0.8,0.594966471195221,0.9590438604354858,1.000204086303711
fake_existing,0,0,1.9062094238605507,1.0,0.3001369833946228,1.0,0.7388592958450317,1.0958430767059326,1.1006829738616943
fake_existing,0,0,1.014277305784013,0.8,0.22956302762031555,0.8,0.33077430725097656,0.8303515315055847,0.9058704376220703
fake_existing,0,0,2.0953823992006817,1.0,0.2942781448364258,1.0,0.7333763241767883,1.04237961769104,1.1442285776138306
fake_existing,0,0,1.5246581343659762,0.8,0.27422064542770386,0.8,0.5490118265151978,0.9364266395568848,1.0679693222045898
fake_existing,0,0,2.1879056697191936,1.0,0.302845299243927,1.0,0.76007080078125,1.0616934299468994,1.1612719297409058
fake_existing,0,0,1.649486464320131,1.0,0.2800217568874359,1.0,0.6249566674232483,1.0372735261917114,1.0522360801696777
fake_existing,0,0,2.318453019178468,1.0,0.31563442945480347,1.0,0.9063544273376465,1.1347545385360718,1.1816318035125732
fake_existing,0,0,1.7328308326364372,0.8,0.29036906361579895,0.8,0.6764262318611145,0.9875545501708984,1.1087738275527954
fake_existing,0,0,1.1370564550175768,0.8,0.2528100311756134,0.8,0.46262773871421814,0.9422887563705444,0.9651343822479248
fake_existing,0,0,1.911147378679368,1.0,0.29233378171920776,1.0,0.7284989356994629,1.1057406663894653,1.1064237356185913
fake_existing,0,0,1.306393892842332,1.0,0.2639736533164978,1.0,0.5183475613594055,0.885892927646637,0.9732529520988464
fake_existing,0,0,1.352321899428045,0.8,0.20560336112976074,0.8,0.2617169916629791,0.87391597032547,0.9001274108886719
fake_existing,0,0,2.178707566865733,1.0,0.3157433867454529,1.0,0.8498610258102417,1.067380428314209,1.145161747932434
fake_existing,0,0,2.0470158797851985,1.0,0.3030761182308197,1.0,0.7938524484634399,1.0837048292160034,1.1260151863098145
fake_existing,0,0,2.1695012621776693,1.0,0.3024302124977112,1.0,0.7545208930969238,1.0824925899505615,1.1580578088760376
fake_existing,0,0,2.163323044100489,1.0,0.304386168718338,1.0,0.8074139356613159,1.109542727470398,1.1546896696090698
fake_existing,0,0,1.387616059905768,1.0,0.27101799845695496,1.0,0.5385335683822632,0.9882972836494446,1.0589417219161987
fake_existing,0,0,2.06382763541228,1.0,0.29422205686569214,1.0,0.6931537389755249,1.0563321113586426,1.1378004550933838
fake_existing,0,0,2.120837636268024,1.0,0.29881352186203003,1.0,0.77534419298172,1.1486352682113647,1.161271095275879
fake_existing,0,0,1.4699634099376955,0.8,0.25984951853752136,0.8,0.5015296936035156,0.9779585599899292,1.0219149589538574
fake_existing,0,0,2.1687181537512754,1.0,0.31623464822769165,1.0,0.8198261260986328,1.124159574508667,1.1256093978881836
fake_existing,0,0,1.3191694494968857,0.6,0.20775222778320312,0.6,0.2708912491798401,0.828018307685852,0.8876675963401794
fake_existing,0,0,2.1704982289996897,1.0,0.2980572283267975,1.0,0.7266502380371094,1.0160554647445679,1.1574536561965942
fake_existing,0,0,1.3240406666331612,0.8,0.26904135942459106,0.8,0.43393653631210327,0.910194993019104,0.9785324335098267
fake_existing,0,0,1.3397221055609354,0.8,0.2458128035068512,0.8,0.45553135871887207,0.8556762933731079,0.9823030829429626
fake_existing,0,0,2.15781088117567,1.0,0.3063180148601532,1.0,0.7689411044120789,1.1039618253707886,1.1265981197357178
fake_existing,0,0,1.2250404748831296,0.8,0.25587520003318787,0.8,0.4742012023925781,1.0351665019989014,1.077414870262146
fake_existing,0,0,1.289247404225291,0.6,0.21218068897724152,0.6,0.30707964301109314,0.8270804286003113,0.8884825706481934
fake_existing,0,0,2.117384147158508,1.0,0.3089783787727356,1.0,0.8186500668525696,1.060559868812561,1.1344701051712036
fake_existing,0,0,1.5213897290814675,1.0,0.2568903863430023,1.0,0.5380533337593079,1.0299153327941895,1.0572221279144287
fake_existing,0,0,2.0579767371271127,1.0,0.30028560757637024,1.0,0.7026570439338684,1.0293017625808716,1.1299115419387817
fake_existing,0,0,1.1474906046871076,0.8,0.26142382621765137,0.8,0.4957297444343567,1.0425748825073242,1.0597816705703735
fake_existing,0,0,2.1118384627654754,1.0,0.30163174867630005,1.0,0.7299345135688782,1.0746381282806396,1.1440789699554443
fake_existing,1,0,2.3257537688093306,1.0,0.31174013018608093,1.0,0.7745674252510071,1.1549386978149414,1.165398120880127
fake_existing,1,0,2.323146781112775,1.0,0.313424676656723,1.0,0.804924488067627,1.1513710021972656,1.173251986503601
fake_existing,1,0,2.2059349662123604,1.0,0.30206698179244995,1.0,0.7419689297676086,1.1018298864364624,1.1104718446731567
fake_existing,1,0,1.7364063295317016,1.0,0.28303807973861694,1.0,0.5776005983352661,1.0408774614334106,1.0860919952392578
fake_existing,1,0,1.4777755660259688,0.8,0.2584371566772461,0.8,0.4794597625732422,0.8994889259338379,0.9136592149734497
fake_existing,1,0,2.196005258892365,1.0,0.31412991881370544,1.0,0.8244919776916504,1.1512516736984253,1.162541389465332
fake_existing,1,0,2.19471947453256,1.0,0.31019720435142517,1.0,0.7797443866729736,1.1671801805496216,1.1718978881835938
fake_existing,1,0,2.1206082295175115,1.0,0.2951907813549042,1.0,0.6831952929496765,1.0658479928970337,1.099965214729309
fake_existing,1,0,2.2245981506476085,1.0,0.31319794058799744,1.0,0.8194732666015625,1.1432963609695435,1.1701197624206543
fake_existing,1,0,1.8972038180288728,1.0,0.29459667205810547,1.0,0.6489710807800293,1.109989881515503,1.119369626045227
fake_existing,1,0,2.257709166667439,1.0,0.3230997920036316,1.0,0.8330371975898743,1.1659746170043945,1.1699596643447876
fake_existing,1,0,1.4675857986392937,0.8,0.2395450621843338,0.8,0.39187365770339966,0.8597968816757202,0.9665768146514893
fake_existing,1,0,1.791726288201538,1.0,0.2808806896209717,1.0,0.5916171073913574,1.078539252281189,1.1201510429382324
fake_existing,1,0,1.9747082203401778,1.0,0.2887638211250305,1.0,0.5820249319076538,1.078437089920044,1.082316279411316
fake_existing,1,0,1.5170051097938515,0.8,0.2691298723220825,0.8,0.4390314221382141,0.9324068427085876,1.0720634460449219
fake_existing,1,0,1.75176907488281,1.0,0.2863841652870178,1.0,0.5766311883926392,1.0429143905639648,1.0892778635025024
fake_existing,1,0,1.7008176054680928,1.0,0.27745068073272705,1.0,0.530840277671814,1.0673760175704956,1.080082654953003
fake_existing,1,0,2.2799052493936514,1.0,0.30815958976745605,1.0,0.7068203687667847,1.108811616897583,1.1450027227401733
fake_existing,1,0,2.3320043807638244,1.0,0.3202331066131592,1.0,0.8664101362228394,1.189824104309082,1.1923999786376953
fake_existing,1,0,1.9966295696488765,1.0,0.2882104516029358,1.0,0.6566486358642578,1.0864996910095215,1.0999650955200195
fake_existing,1,0,2.125071367335919,1.0,0.3180996775627136,1.0,0.8223317861557007,1.1414470672607422,1.1428698301315308
fake_existing,1,0,2.425753600133032,1.0,0.3227614164352417,1.0,0.9117770195007324,1.1967144012451172,1.1976064443588257
fake_existing,1,0,2.2425233726607203,1.0,0.31055378913879395,1.0,0.8088697195053101,1.164162516593933,1.1741818189620972
fake_existing,1,0,1.956149160074896,1.0,0.3017682433128357,1.0,0.6640607118606567,1.0629878044128418,1.1375154256820679
fake_existing,1,0,1.976241481420686,1.0,0.30074360966682434,1.0,0.6884269118309021,1.054635763168335,1.1052325963974
fake_existing,1,0,2.071128163130017,1.0,0.3033352494239807,1.0,0.6974527835845947,1.0967198610305786,1.1807944774627686
fake_existing,1,0,2.3521967206882923,1.0,0.30587038397789,1.0,0.73000568151474,1.1524102687835693,1.169981837272644
fake_existing,1,0,2.1944381181222172,1.0,0.3177357017993927,1.0,0.82646644115448,1.15871262550354,1.1920361518859863
fake_existing,1,0,2.313957021173283,1.0,0.31018775701522827,1.0,0.7841232419013977,1.138358235359192,1.1915690898895264
fake_existing,1,0,2.202207627696346,1.0,0.3127642571926117,1.0,0.7726348042488098,1.1696900129318237,1.17555570602417
fake_existing,1,0,1.548324310647544,0.8,0.2732362747192383,0.8,0.5658524632453918,1.0809860229492188,1.0849562883377075
fake_existing,1,0,1.6120174239839227,1.0,0.27954235672950745,1.0,0.5833582878112793,1.0547376871109009,1.1066255569458008
fake_existing,1,0,1.8496646987670675,1.0,0.28183111548423767,1.0,0.5977784395217896,1.0843009948730469,1.115013599395752
fake_existing,1,0,2.3882626761604393,1.0,0.3144424557685852,1.0,0.7466298341751099,1.1645281314849854,1.1723442077636719
fake_existing,1,0,1.5025584420236537,0.8,0.2518482506275177,0.8,0.45320358872413635,0.9628328084945679,1.0227293968200684
fake_existing,1,0,2.1442203299253126,1.0,0.30361127853393555,1.0,0.739244818687439,1.093029499053955,1.1885381937026978
fake_existing,1,0,1.7709782518003627,1.0,0.2976565957069397,1.0,0.6303678750991821,1.0615215301513672,1.101414680480957
fake_existing,1,0,2.491878902546162,1.0,0.32977068424224854,1.0,0.8686200976371765,1.1764739751815796,1.2017937898635864
fake_existing,1,0,2.462784486113809,1.0,0.32371121644973755,1.0,0.8685768842697144,1.1237257719039917,1.1743265390396118
fake_existing,1,0,1.666447394435186,0.8,0.28480416536331177,0.8,0.6197597980499268,1.0967473983764648,1.105201244354248
fake_existing,2,0,1.3128648608770799,1.0,0.2570466995239258,1.0,0.5293658375740051,1.0064444541931152,1.029510736465454
fake_existing,2,0,0.972804056276425,0.8,0.24295134842395782,0.8,0.4161892533302307,0.9277570247650146,0.9471693634986877
fake_existing,2,0,1.9640767886960853,1.0,0.28159505128860474,1.0,0.7081187963485718,1.0964796543121338,1.1144992113113403
fake_existing,2,0,0.931671259743909,0.8,0.2486031949520111,0.8,0.4579404890537262,0.9814587831497192,0.9962214827537537
fake_existing,2,0,1.5851474419785685,1.0,0.27456679940223694,1.0,0.6099920272827148,1.0183744430541992,1.0578913688659668
fake_existing,2,0,1.2498116527596819,0.8,0.23450851440429688,0.8,0.4817456305027008,1.012498378753662,1.0167146921157837
fake_existing,2,0,0.9202411559324588,0.8,0.23752352595329285,0.8,0.39672526717185974,0.8752727508544922,0.9286441802978516
fake_existing,2,0,1.9265958602291977,1.0,0.2830654978752136,1.0,0.7502180337905884,1.098077416419983,1.1102771759033203
fake_existing,2,0,0.8986093009631582,0.8,0.2109239548444748,0.8,0.21717920899391174,0.8908597230911255,0.9312179088592529
fake_existing,2,0,0.9012459415203178,0.8,0.23842985928058624,0.8,0.34655526280403137,0.9467741250991821,0.9660770297050476
fake_existing,2,0,1.9651979798586168,1.0,0.30795741081237793,1.0,0.8385505676269531,1.0629900693893433,1.0837206840515137
fake_existing,2,0,2.0450505545538933,1.0,0.29055532813072205,1.0,0.7343044281005859,1.0675510168075562,1.1247130632400513
fake_existing,2,0,1.0160763850782824,0.8,0.2399757206439972,0.8,0.4444155693054199,0.9672789573669434,1.007858157157898
fake_existing,2,0,0.7825772734647715,0.6,0.22139327228069305,0.6,0.2742803990840912,0.8908459544181824,0.9452188014984131
fake_existing,2,0,1.162375804346135,0.8,0.25228920578956604,0.8,0.48779648542404175,0.9719561338424683,1.0256015062332153
fake_existing,2,0,0.9124825408368545,0.6,0.23162052035331726,0.6,0.29685306549072266,0.9152789115905762,0.9776728749275208
fake_existing,2,0,0.9031342478259301,0.6,0.23906612396240234,0.6,0.3474035859107971,0.9599055051803589,1.0102699995040894
fake_existing,2,0,1.2353821167404333,0.8,0.24026396870613098,0.8,0.45811742544174194,0.9579424858093262,0.9742484092712402
fake_existing,2,0,0.8721373249585739,0.8,0.23329922556877136,0.8,0.33414381742477417,0.9505956768989563,0.9529368877410889
fake_existing,2,0,1.7593738487096608,1.0,0.27278146147727966,1.0,0.657640814781189,1.0551221370697021,1.0577921867370605
fake_existing,2,0,1.8283720061271758,1.0,0.2903744578361511,1.0,0.7370052337646484,1.0640507936477661,1.0648177862167358
fake_existing,2,0,1.7612337881519458,1.0,0.2881152629852295,1.0,0.7452295422554016,1.0503216981887817,1.0753815174102783
fake_existing,2,0,0.9670657514498237,0.8,0.24268534779548645,0.8,0.3942040503025055,0.8922943472862244,0.9916734099388123
fake_existing,2,0,1.9732440028135656,1.0,0.28281325101852417,1.0,0.7335150837898254,1.1104971170425415,1.1120381355285645
fake_existing,2,0,0.8460787083190997,0.8,0.21938729286193848,0.8,0.28099536895751953,0.9108876585960388,0.9362056851387024
fake_existing,2,0,2.013133677355756,1.0,0.29262131452560425,1.0,0.8080894351005554,1.1092511415481567,1.1140705347061157
fake_existing,2,0,1.3807332912313954,1.0,0.2429310381412506,1.0,0.43817228078842163,1.0181455612182617,1.0438569784164429
fake_existing,2,0,1.10311747215748,0.8,0.23319213092327118,0.8,0.40985432267189026,0.9336550235748291,1.0078719854354858
fake_existing,2,0,1.1399350825762269,0.8,0.24153165519237518,0.8,0.47588688135147095,0.9668853878974915,1.0239379405975342
fake_existing,2,0,1.0094934190555036,0.8,0.24470186233520508,0.8,0.45986899733543396,0.989425539970398,1.0208369493484497
fake_existing,2,0,1.9567170404540064,1.0,0.2893814146518707,1.0,0.7570899128913879,1.063836693763733,1.0952311754226685
fake_existing,2,0,0.7230393738860444,0.8,0.2161535769701004,0.8,0.24908852577209473,0.8530969619750977,0.9302690029144287
fake_existing,2,0,0.770269067356859,0.6,0.2056473046541214,0.6,0.1806536167860031,0.8243752717971802,0.8646173477172852
fake_existing,2,0,1.2397018387543863,0.8,0.25337642431259155,0.8,0.5108619928359985,0.9655538201332092,1.039549708366394
fake_existing,2,0,1.4411561384856597,0.8,0.2740992307662964,0.8,0.5759433507919312,1.0214314460754395,1.0309213399887085
fake_existing,2,0,1.9397053927384378,1.0,0.2890518307685852,1.0,0.7535350918769836,1.060145378112793,1.0977064371109009
fake_existing,2,0,0.5411189153399537,0.6,0.2138456106185913,0.6,0.1847795695066452,0.8764216303825378,0.879906952381134
fake_existing,2,0,1.9234105870066915,1.0,0.29169338941574097,1.0,0.8228029012680054,1.0831211805343628,1.0997154712677002
fake_existing,2,0,0.9234001680344429,0.8,0.23626072704792023,0.8,0.38288164138793945,0.9463984370231628,1.0232402086257935
fake_existing,2,0,0.8284703807340742,0.8,0.22130267322063446,0.8,0.297026664018631,0.9019941687583923,0.9244787096977234
fake_existing,3,0,1.0619189126426563,1.0,0.24049338698387146,1.0,0.36577311158180237,0.9032784700393677,0.9918237328529358
fake_existing,3,0,0.8068252563742206,0.8,0.24743714928627014,0.8,0.26328572630882263,0.7612581253051758,1.0374244451522827
fake_existing,3,0,1.935112360171176,1.0,0.269914448261261,1.0,0.5852566957473755,1.0406873226165771,1.1293424367904663
fake_existing,3,0,2.240598517638179,1.0,0.31086465716362,1.0,0.7421475648880005,1.0803366899490356,1.2106703519821167
fake_existing,3,0,0.9925689010483076,0.6,0.1906892955303192,0.6,0.1232871413230896,0.8569422364234924,0.8574015498161316
fake_existing,3,0,1.7952164509881292,0.8,0.2908683717250824,0.8,0.6164144277572632,1.0115487575531006,1.1558102369308472
fake_existing,3,0,2.2069791318893164,1.0,0.2887618839740753,1.0,0.6862618327140808,1.0380523204803467,1.180453896522522
fake_existing,3,0,1.9131404930162783,1.0,0.2807420790195465,1.0,0.5370439291000366,1.0262744426727295,1.1018296480178833
fake_existing,3,0,0.9564299843908112,0.8,0.24713034927845,0.8,0.3852963149547577,0.9575698375701904,1.0591175556182861
fake_existing,3,0,1.7502566120091838,0.8,0.2739063799381256,0.8,0.5296460390090942,1.0082534551620483,1.1300692558288574
fake_existing,3,0,1.2782825927805637,0.8,0.23584046959877014,0.8,0.3837691843509674,0.9647713303565979,0.9881787896156311
fake_existing,3,0,1.4976000883666698,1.0,0.2730351388454437,1.0,0.49351000785827637,0.9068266153335571,1.1631643772125244
fake_existing,3,0,2.2579805452445427,1.0,0.30993741750717163,1.0,0.7743968367576599,1.0489013195037842,1.2092198133468628
fake_existing,3,0,2.2981156156087894,1.0,0.30624762177467346,1.0,0.7550862431526184,1.0557773113250732,1.1908326148986816
fake_existing,3,0,0.6988650158091898,0.6,0.2127203494310379,0.6,0.15613873302936554,0.7743327021598816,0.8648947477340698
fake_existing,3,0,2.0715371572822825,1.0,0.28003185987472534,1.0,0.6408326029777527,1.1052905321121216,1.140343189239502
fake_existing,3,0,1.3757896449181972,0.8,0.2539410889148712,0.8,0.4468204081058502,0.9585893750190735,1.0288833379745483
fake_existing,3,0,0.48138703632247193,0.6,0.19452829658985138,0.6,0.052159227430820465,0.7826343774795532,0.8732424378395081
fake_existing,3,0,0.8990106301617464,0.8,0.22548899054527283,0.8,0.29248127341270447,0.8041060566902161,0.9635825157165527
fake_existing,3,0,1.3034014693568472,0.8,0.23756103217601776,0.8,0.4326779246330261,0.9127265214920044,1.012844443321228
fake_existing,3,0,1.1900988237294485,1.0,0.2660911977291107,1.0,0.4235331416130066,0.8271185755729675,1.0832948684692383
fake_existing,3,0,1.6797958852446786,1.0,0.2682671844959259,1.0,0.5650687217712402,0.9541729092597961,1.1249736547470093
fake_existing,3,0,2.1403734988666616,1.0,0.2912248969078064,1.0,0.6542856693267822,0.972836971282959,1.1617952585220337
fake_existing,3,0,1.713155764929601,1.0,0.2741159200668335,1.0,0.6301072239875793,1.0404475927352905,1.131636381149292
fake_existing,3,0,1.4820190529845967,0.8,0.24387529492378235,0.8,0.38822412490844727,1.0005797147750854,1.0090142488479614
fake_existing,3,0,0.9305399430247661,0.6,0.21195738017559052,0.6,0.21001365780830383,0.7983850240707397,0.9393264651298523
fake_existing,3,0,2.238035713866518,1.0,0.30209970474243164,1.0,0.7287214994430542,1.1023718118667603,1.173767328262329
fake_existing,3,0,1.7524752402235477,1.0,0.2689870595932007,1.0,0.5191925764083862,0.9515398740768433,1.1369800567626953
fake_existing,3,0,2.060901279724973,1.0,0.29549092054367065,1.0,0.6881935000419617,1.0034575462341309,1.1935144662857056
fake_existing,3,0,1.5690867284580932,1.0,0.2705855071544647,1.0,0.5068227052688599,0.9598221778869629,1.1456382274627686
fake_existing,3,0,1.5310291345941582,1.0,0.26634958386421204,1.0,0.4690402150154114,0.8339787125587463,1.1201056241989136
fake_existing,3,0,2.3171145969074907,1.0,0.304166704416275,1.0,0.774205207824707,1.1147699356079102,1.2045843601226807
fake_existing,3,0,1.3543301464376802,1.0,0.27226752042770386,1.0,0.46297144889831543,0.8541144132614136,1.172681212425232
fake_existing,3,0,2.327286513431341,1.0,0.30115118622779846,1.0,0.7607830762863159,1.140007734298706,1.1466385126113892
fake_existing,3,0,1.580070594979277,1.0,0.2570369839668274,1.0,0.559156060218811,1.0383355617523193,1.0833555459976196
fake_existing,3,0,2.1726574118350497,1.0,0.2875528335571289,1.0,0.6594936847686768,1.0666420459747314,1.1800510883331299
fake_existing,3,0,0.6184523204557357,0.6,0.22088627517223358,0.6,0.16229015588760376,0.7399422526359558,0.9840824007987976
fake_existing,3,0,1.3170782953713003,0.8,0.24899430572986603,0.8,0.3629375994205475,0.973111093044281,1.0446797609329224
fake_existing,3,0,1.457234274566828,1.0,0.24423933029174805,1.0,0.38757532835006714,0.8859257698059082,1.0810399055480957
fake_existing,3,0,1.758525142381036,0.8,0.25706344842910767,0.8,0.49510687589645386,0.9889503717422485,1.0602710247039795
fake_existing,4,0,2.4048936838137687,1.0,0.29849496483802795,1.0,0.7654709219932556,1.0464059114456177,1.0758492946624756
fake_existing,4,0,2.008608634290126,0.8,0.2805342972278595,0.8,0.4645062983036041,0.7899368405342102,1.1662423610687256
fake_existing,4,0,2.4520829199370042,1.0,0.29444363713264465,1.0,0.6852729916572571,1.008087396621704,1.073557734489441
fake_existing,4,0,2.124016480429242,1.0,0.2840995788574219,1.0,0.5275158882141113,0.9259547591209412,1.0687921047210693
fake_existing,4,0,2.2205270695389805,1.0,0.29239779710769653,1.0,0.6755156517028809,0.998802661895752,1.0966390371322632
fake_existing,4,0,2.562202865271978,1.0,0.3112104535102844,1.0,0.7588124871253967,0.9531790018081665,1.1860723495483398
fake_existing,4,0,2.0968154600171713,0.8,0.287884384393692,0.8,0.5747977495193481,0.9089877605438232,1.0803924798965454
fake_existing,4,0,1.7436877877942862,0.8,0.27166709303855896,0.8,0.5449202656745911,0.9124784469604492,1.0704127550125122
fake_existing,4,0,1.741931211501906,0.8,0.2788289487361908,0.8,0.45471081137657166,0.7780005931854248,1.1406060457229614
fake_existing,4,0,2.605423064008207,1.0,0.31203165650367737,1.0,0.8014975786209106,1.0116937160491943,1.1571898460388184
fake_existing,4,0,2.296054764483188,1.0,0.29040923714637756,1.0,0.5868441462516785,0.8293059468269348,1.136789321899414
fake_existing,4,0,2.1480466747229627,1.0,0.2721274793148041,1.0,0.5564044713973999,0.9583607912063599,1.0108762979507446
fake_existing,4,0,2.4045563306776345,1.0,0.29405632615089417,1.0,0.6191210746765137,0.8919211030006409,1.155286192893982
fake_existing,4,0,2.256506510079467,1.0,0.2926673889160156,1.0,0.6263961791992188,0.9783700704574585,1.0973867177963257
fake_existing,4,0,2.480483234653696,1.0,0.30099114775657654,1.0,0.7316131591796875,1.0059741735458374,1.0865238904953003
fake_existing,4,0,2.5041223897464917,1.0,0.30301398038864136,1.0,0.7634700536727905,0.9883303046226501,1.099662184715271
fake_existing,4,0,2.1618833710696856,1.0,0.28088700771331787,1.0,0.49942904710769653,0.8340439796447754,1.0940401554107666
fake_existing,4,0,1.201992699913839,0.6,0.23735415935516357,0.6,0.2718849182128906,0.7880576252937317,0.982656717300415
fake_existing,4,0,2.298932431724432,1.0,0.28839927911758423,1.0,0.683503270149231,1.0044115781784058,1.055549144744873
fake_existing,4,0,2.4265465045941186,1.0,0.2951555848121643,1.0,0.6481384038925171,0.8981391787528992,1.1125667095184326
fake_existing,4,0,2.5133277839829797,1.0,0.3006359934806824,1.0,0.833755612373352,1.0142349004745483,1.1379584074020386
fake_existing,4,0,2.4589642308851176,1.0,0.30697447061538696,1.0,0.7357306480407715,0.9408867359161377,1.1876986026763916
fake_existing,4,0,2.669470972764465,1.0,0.30486470460891724,1.0,0.7767297625541687,0.9988605976104736,1.1231355667114258
fake_existing,4,0,1.995874966310378,0.8,0.2868092358112335,0.8,0.5886090993881226,0.9043782949447632,1.1454992294311523
fake_existing,4,0,2.5903536082183445,1.0,0.30130666494369507,1.0,0.709524393081665,0.9416942000389099,1.0993986129760742
fake_existing,4,0,2.2651347141021168,1.0,0.2856978178024292,1.0,0.561669647693634,0.9120946526527405,1.1020201444625854
fake_existing,4,0,2.3764701546076887,1.0,0.2965264916419983,1.0,0.6932825446128845,0.9321548938751221,1.0992814302444458
fake_existing,4,0,2.4890098195398993,1.0,0.30056798458099365,1.0,0.7131636738777161,0.9502964615821838,1.1274638175964355
fake_existing,4,0,2.3222010745324604,1.0,0.28774747252464294,1.0,0.7105554342269897,1.0236526727676392,1.0539976358413696
fake_existing,4,0,2.573598819222507,1.0,0.2962747812271118,1.0,0.6725821495056152,0.9125296473503113,1.090942621231079
fake_existing,4,0,2.432293145630306,1.0,0.2945384383201599,1.0,0.6794700622558594,0.9381705522537231,1.1246882677078247
fake_existing,4,0,2.4209779839793515,1.0,0.30133670568466187,1.0,0.7749718427658081,1.029284119606018,1.0931370258331299
fake_existing,4,0,2.3283347771670964,1.0,0.296114057302475,1.0,0.6671938300132751,0.9620946049690247,1.0703045129776
fake_existing,4,0,2.6658430102908923,1.0,0.30510225892066956,1.0,0.6670576930046082,0.8496712446212769,1.1976414918899536
fake_existing,4,0,2.471652592738939,1.0,0.2955930531024933,1.0,0.6647409200668335,0.951716959476471,1.0947976112365723
fake_existing,4,0,2.591598291589743,1.0,0.29698145389556885,1.0,0.7636350393295288,0.9810442924499512,1.043890357017517
fake_existing,4,0,2.536984259973919,1.0,0.29289060831069946,1.0,0.6765189170837402,0.9658199548721313,1.0572198629379272
fake_existing,4,0,2.4498781657374358,1.0,0.30237287282943726,1.0,0.7289137840270996,0.9617112278938293,1.1116524934768677
fake_existing,4,0,2.5237363153994443,1.0,0.29761913418769836,1.0,0.7110573053359985,0.9698753356933594,1.117361307144165
fake_existing,4,0,2.5708622362465086,1.0,0.30680447816848755,1.0,0.727192223072052,0.9145177602767944,1.1819690465927124
fake_existing,5,0,1.9080616154853753,1.0,0.27553442120552063,1.0,0.5184935331344604,0.9188761711120605,1.1210442781448364
fake_existing,5,0,2.0202583065556743,1.0,0.2902500331401825,1.0,0.6815952062606812,1.0778330564498901,1.135974407196045
fake_existing,5,0,2.366438909266629,1.0,0.3055195212364197,1.0,0.7084460258483887,0.9745423197746277,1.2015750408172607
fake_existing,5,0,2.093051146719072,1.0,0.294001042842865,1.0,0.6299208402633667,1.0162090063095093,1.1503642797470093
fake_existing,5,0,2.3795498872816,1.0,0.3107343912124634,1.0,0.7679315805435181,1.012988805770874,1.2002719640731812
fake_existing,5,0,2.009391255581809,1.0,0.2750515043735504,1.0,0.5047231316566467,0.952387273311615,1.1500874757766724
fake_existing,5,0,2.1621020444657657,1.0,0.2963706851005554,1.0,0.6676946878433228,1.0122913122177124,1.164567232131958
fake_existing,5,0,2.210157332894367,1.0,0.2837280035018921,1.0,0.5745982527732849,0.9941203594207764,1.1204113960266113
fake_existing,5,0,1.9126748841979553,1.0,0.2829037010669708,1.0,0.5840908885002136,0.9506979584693909,1.131400227546692
fake_existing,5,0,1.341884196305201,0.8,0.2681958079338074,0.8,0.36437273025512695,0.7749102711677551,1.109813928604126
fake_existing,5,0,2.3731681450521416,1.0,0.3080863356590271,1.0,0.7883597612380981,1.0748317241668701,1.196399211883545
fake_existing,5,0,2.465283253200704,1.0,0.30908116698265076,1.0,0.7482098340988159,0.9861839413642883,1.2213391065597534
fake_existing,5,0,2.5279763069551153,1.0,0.30325061082839966,1.0,0.6652105450630188,0.9428192377090454,1.23404061794281
fake_existing,5,0,2.0814970757257165,1.0,0.29152488708496094,1.0,0.636339008808136,0.9790127873420715,1.1495267152786255
fake_existing,5,0,2.5317633239455537,1.0,0.3229793906211853,1.0,0.8309473991394043,1.0239620208740234,1.2194358110427856
fake_existing,5,0,2.078469165612291,1.0,0.2881999909877777,1.0,0.6092919111251831,1.0117517709732056,1.136130690574646
fake_existing,5,0,2.006136123137392,0.8,0.28291603922843933,0.8,0.5962597727775574,0.9697917699813843,1.14139723777771
fake_existing,5,0,2.500679523385562,1.0,0.3146283030509949,1.0,0.7369765043258667,0.9508057236671448,1.2203861474990845
fake_existing,5,0,1.722540389639661,0.8,0.2795044481754303,0.8,0.48244500160217285,0.8374436497688293,1.1675965785980225
fake_existing,5,0,2.1562597225029827,1.0,0.2838442325592041,1.0,0.6420598030090332,0.9458934664726257,1.1557382345199585
fake_existing,5,0,2.5096898140279267,1.0,0.31332162022590637,1.0,0.8030842542648315,1.0498828887939453,1.1854790449142456
fake_existing,5,0,1.5242260375750556,0.8,0.25895676016807556,0.8,0.31052348017692566,0.6819528937339783,1.1085336208343506
fake_existing,5,0,2.401473800694658,1.0,0.3129396438598633,1.0,0.7795961499214172,1.0062141418457031,1.2017624378204346
fake_existing,5,0,2.450529625114354,1.0,0.3057931065559387,1.0,0.7141965627670288,0.9892888069152832,1.2242854833602905
fake_existing,5,0,1.647061273108419,0.8,0.2726952135562897,0.8,0.4748825132846832,0.8956141471862793,1.1362673044204712
fake_existing,5,0,2.1839446869042907,1.0,0.2942335307598114,1.0,0.5880666971206665,0.9595139026641846,1.1433112621307373
fake_existing,5,0,2.172089033856074,1.0,0.2932227551937103,1.0,0.6084511280059814,0.91587233543396,1.1680631637573242
fake_existing,5,0,2.4320027294880235,1.0,0.303384006023407,1.0,0.6324219703674316,0.8995396494865417,1.2165796756744385
fake_existing,5,0,2.265833927836162,1.0,0.29773467779159546,1.0,0.665953516960144,0.9738819003105164,1.1878632307052612
fake_existing,5,0,2.2918164188282164,1.0,0.3019155263900757,1.0,0.6861974000930786,0.9790961146354675,1.1910218000411987
fake_existing,5,0,2.435899036282223,1.0,0.31300967931747437,1.0,0.771916389465332,1.0338293313980103,1.1972023248672485
fake_existing,5,0,2.3435183871641696,1.0,0.30479055643081665,1.0,0.7184526920318604,0.9681470990180969,1.1990647315979004
fake_existing,5,0,2.4004341626412975,1.0,0.3050028681755066,1.0,0.7022742033004761,0.9790930151939392,1.2122150659561157
fake_existing,5,0,2.2970671914956013,1.0,0.2953903079032898,1.0,0.6589081883430481,0.9967585206031799,1.172482967376709
fake_existing,5,0,1.8832611949167621,1.0,0.2529352009296417,1.0,0.40001359581947327,0.8552652597427368,1.1026387214660645
fake_existing,5,0,1.4594326609218373,0.8,0.26342302560806274,0.8,0.4217865467071533,0.8656261563301086,1.0954790115356445
fake_existing,5,0,2.4784885655318027,1.0,0.30607226490974426,1.0,0.6896888017654419,0.9611332416534424,1.2282744646072388
fake_existing,5,0,1.240221140525693,0.8,0.2528451383113861,0.8,0.25817328691482544,0.7160807251930237,1.0905390977859497
fake_existing,5,0,2.1886357077655503,1.0,0.3017503321170807,1.0,0.7308252453804016,1.079674243927002,1.1677510738372803
fake_existing,5,0,2.447895561974069,1.0,0.3120242953300476,1.0,0.7913020849227905,1.034343957901001,1.2189549207687378
fake_existing,6,0,1.1081554991469544,0.8,0.22687871754169464,0.8,0.36005714535713196,0.8272809386253357,0.9938125610351562
fake_existing,6,0,0.9787170708578463,0.8,0.22760292887687683,0.8,0.36125728487968445,0.9409092664718628,0.9484856724739075
fake_existing,6,0,1.969141703495119,1.0,0.3014160692691803,1.0,0.8442984819412231,1.097419023513794,1.1683768033981323
fake_existing,6,0,1.3165053113540488,0.8,0.2593274712562561,0.8,0.4916895031929016,1.0020220279693604,1.0715657472610474
fake_existing,6,0,0.9179915459399112,0.8,0.20203454792499542,0.8,0.12961485981941223,0.9080105423927307,0.9435780048370361
fake_existing,6,0,0.9489293127792449,0.6,0.21008627116680145,0.6,0.2108355015516281,0.8946722745895386,0.9398807883262634
fake_existing,6,0,2.0929432892597455,1.0,0.30588236451148987,1.0,0.888565182685852,1.1243603229522705,1.1738128662109375
fake_existing,6,0,0.7255089227463272,0.6,0.20442059636116028,0.6,0.07403270900249481,0.8830241560935974,0.9205647706985474
fake_existing,6,0,1.3213829339954373,1.0,0.2572055459022522,1.0,0.5198201537132263,1.0055629014968872,1.0352485179901123
fake_existing,6,0,1.8454237780033655,1.0,0.2865573763847351,1.0,0.7121524810791016,1.0856157541275024,1.1772918701171875
fake_existing,6,0,1.0130024356300287,0.8,0.23362354934215546,0.8,0.4016393721103668,0.8707149624824524,0.9047150611877441
fake_existing,6,0,0.8838631325149457,0.8,0.2374259978532791,0.8,0.3783225417137146,0.9296033382415771,0.9674507975578308
fake_existing,6,0,1.2717794349920155,0.8,0.26026514172554016,0.8,0.5279473066329956,1.017983317375183,1.020649790763855
fake_existing,6,0,0.9215103558863825,0.8,0.21461665630340576,0.8,0.27352088689804077,0.863182008266449,0.8713535070419312
fake_existing,6,0,0.8561464073839922,0.8,0.22412216663360596,0.8,0.2733752131462097,0.9035605192184448,0.9039029479026794
fake_existing,6,0,0.794658223814222,0.6,0.21400944888591766,0.6,0.25661471486091614,0.8903363347053528,0.9127944707870483
fake_existing,6,0,1.1215659746682731,1.0,0.2552674114704132,1.0,0.4730917811393738,0.9786370396614075,0.9934273958206177
fake_existing,6,0,0.9870888154026902,0.8,0.2117588222026825,0.8,0.1974037140607834,0.8170908689498901,0.9156184792518616
fake_existing,6,0,1.5292948285766523,1.0,0.26258018612861633,1.0,0.5486563444137573,1.0395501852035522,1.0642054080963135
fake_existing,6,0,0.4855563027214765,0.6,0.1852557212114334,0.6,0.015929633751511574,0.6514762043952942,0.895376443862915
fake_existing,6,0,1.7700316726389367,1.0,0.2790002226829529,1.0,0.6912199258804321,1.068093180656433,1.1048450469970703
fake_existing,6,0,1.3535259374145292,1.0,0.24738936126232147,1.0,0.47353047132492065,1.0191060304641724,1.0207935571670532
fake_existing,6,0,0.7976480193730653,0.6,0.22131595015525818,0.6,0.2902573347091675,0.8576245903968811,0.9049313068389893
fake_existing,6,0,1.6153517533133015,1.0,0.26631075143814087,1.0,0.5714725255966187,1.0377928018569946,1.0411996841430664
fake_existing,6,0,1.1884418213198402,0.8,0.2550666034221649,0.8,0.48119011521339417,1.0393579006195068,1.0476455688476562
fake_existing,6,0,0.6559703555206086,0.8,0.20820195972919464,0.8,0.17219027876853943,0.8506250977516174,0.8724015355110168
fake_existing,6,0,0.9658010137076536,1.0,0.21781106293201447,1.0,0.32989874482154846,0.9015909433364868,0.9103580713272095
fake_existing,6,0,1.1995701744773004,1.0,0.24172373116016388,1.0,0.43975257873535156,0.9832553267478943,1.0103957653045654
fake_existing,6,0,0.5041545332423291,0.6,0.17455479502677917,0.6,0.0025143742095679045,0.7104160785675049,0.7910043001174927
fake_existing,6,0,0.45984342009048584,0.6,0.20633073151111603,0.6,0.1429508775472641,0.7262204885482788,0.8811503648757935
fake_existing,6,0,0.8390461348707714,0.8,0.23155328631401062,0.8,0.3016758859157562,0.9020585417747498,0.9299660325050354
fake_existing,6,0,1.2725082579947296,0.8,0.26282963156700134,0.8,0.5361064076423645,0.995074987411499,1.0366395711898804
fake_existing,6,0,0.5790281026208202,0.8,0.18366670608520508,0.8,0.04376329854130745,0.6739729642868042,0.7932782173156738
fake_existing,6,0,1.0180222146356552,0.8,0.1941685825586319,0.8,0.1859700232744217,0.8159449696540833,0.8338510394096375
fake_existing,6,0,0.7406607285593385,0.6,0.22835199534893036,0.6,0.32637110352516174,0.9419393539428711,0.949487566947937
fake_existing,6,0,1.0773687574211688,1.0,0.2388305962085724,1.0,0.3915911614894867,0.8533951044082642,0.9432917237281799
fake_existing,6,0,1.644465319863249,1.0,0.2740035653114319,1.0,0.6819440722465515,1.0330580472946167,1.0531561374664307
fake_existing,6,0,0.870369327636879,0.8,0.22090935707092285,0.8,0.3352264165878296,0.8348948955535889,0.9292778968811035
fake_existing,6,0,1.456299846976509,0.8,0.26641368865966797,0.8,0.571026086807251,1.0667966604232788,1.100911259651184
fake_existing,6,0,0.8696403107358002,0.8,0.24803178012371063,0.8,0.4210144877433777,0.9475921392440796,0.9776952266693115
fake_existing,7,0,1.6088222040560338,1.0,0.26458120346069336,1.0,0.5322580933570862,1.0309826135635376,1.0571273565292358
fake_existing,7,0,1.2246718711854925,1.0,0.23617999255657196,1.0,0.3844474256038666,0.8853599429130554,0.974236786365509
fake_existing,7,0,1.9791479356266493,1.0,0.2875667214393616,1.0,0.7187463641166687,1.0462489128112793,1.1191999912261963
fake_existing,7,0,1.3373497390408253,0.8,0.2527768313884735,0.8,0.47502273321151733,0.9185921549797058,0.9970079064369202
fake_existing,7,0,0.6994523613368361,0.8,0.2174099236726761,0.8,0.19624866545200348,0.799371600151062,0.8900960087776184
fake_existing,7,0,1.512580333710207,1.0,0.2517682611942291,1.0,0.49307021498680115,0.9904375076293945,1.0397363901138306
fake_existing,7,0,1.406495244289315,1.0,0.23521320521831512,1.0,0.403019517660141,0.8614764213562012,0.9483357667922974
fake_existing,7,0,1.3953410166173352,1.0,0.24679604172706604,1.0,0.47023606300354004,0.8639299273490906,0.9722198843955994
fake_existing,7,0,2.1656111953615387,1.0,0.2872433066368103,1.0,0.7114977836608887,1.0029155015945435,1.1331372261047363
fake_existing,7,0,0.9626772618146887,0.6,0.21042239665985107,0.6,0.18489530682563782,0.8736495971679688,0.8885401487350464
fake_existing,7,0,1.2259408885731335,0.6,0.1983634978532791,0.6,0.15529757738113403,0.8812088966369629,0.9185681343078613
fake_existing,7,0,1.210113077348518,0.8,0.23688073456287384,0.8,0.38285595178604126,0.9128813743591309,0.9463245868682861
fake_existing,7,0,1.3297349451849487,0.8,0.24891193211078644,0.8,0.4733704626560211,0.9426500201225281,0.9509589076042175
fake_existing,7,0,1.683214756455585,0.8,0.25430193543434143,0.8,0.4737114906311035,1.0086761713027954,1.0879828929901123
fake_existing,7,0,1.807506801340222,1.0,0.2699262797832489,1.0,0.5868109464645386,1.090267539024353,1.0971567630767822
fake_existing,7,0,1.2446810037755445,0.8,0.22534780204296112,0.8,0.3408995270729065,0.8636397123336792,0.9598527550697327
fake_existing,7,0,1.863311553428609,1.0,0.269881010055542,1.0,0.582241415977478,0.9873944520950317,1.1189357042312622
fake_existing,7,0,2.107147729636367,1.0,0.28384464979171753,1.0,0.6766059994697571,1.0371849536895752,1.0798442363739014
fake_existing,7,0,1.881723282973261,1.0,0.2723279595375061,1.0,0.6584130525588989,1.0371750593185425,1.1087119579315186
fake_existing,7,0,1.6614026714988417,1.0,0.2655988335609436,1.0,0.5437119603157043,0.889843761920929,1.0717488527297974
fake_existing,7,0,0.996244686432588,0.8,0.2308388501405716,0.8,0.3168788254261017,0.9083598256111145,0.9352675676345825
fake_existing,7,0,0.7393220351353824,0.8,0.20181722939014435,0.8,0.1436847299337387,0.7605138421058655,0.829445481300354
fake_existing,7,0,1.7147348797948212,1.0,0.2701900601387024,1.0,0.5640853643417358,0.9900538325309753,1.0703133344650269
fake_existing,7,0,1.2444127351604937,0.8,0.23388230800628662,0.8,0.3619864583015442,0.9015623927116394,0.9232815504074097
fake_existing,7,0,1.309555798386998,0.8,0.23607560992240906,0.8,0.34729522466659546,0.9204335808753967,0.9509453773498535
fake_existing,7,0,1.4994602560635915,0.8,0.2633972764015198,0.8,0.5460202693939209,0.9914429187774658,0.9940633773803711
fake_existing,7,0,1.2522295066698903,0.8,0.22595934569835663,0.8,0.3309793174266815,0.842679500579834,0.9450138211250305
fake_existing,7,0,1.6281253523806676,1.0,0.24884560704231262,1.0,0.5334745645523071,0.9534855484962463,1.0486423969268799
fake_existing,7,0,1.2945715775711446,0.8,0.23794373869895935,0.8,0.4366335868835449,0.9547834396362305,0.9842754006385803
fake_existing,7,0,2.0464820805699775,1.0,0.2773793041706085,1.0,0.678733766078949,1.0447146892547607,1.1186755895614624
fake_existing,7,0,1.997303672552793,1.0,0.27366676926612854,1.0,0.6334256529808044,1.0482559204101562,1.1124688386917114
fake_existing,7,0,1.668176415679417,1.0,0.2608570456504822,1.0,0.5184470415115356,0.9658432006835938,1.0732269287109375
fake_existing,7,0,1.1868243403247287,0.8,0.235613614320755,0.8,0.3536427617073059,0.7451693415641785,0.9962928891181946
fake_existing,7,0,0.7341392016353525,0.6,0.16727855801582336,0.6,-0.03250919654965401,0.7427631616592407,0.7888784408569336
fake_existing,7,0,1.9503949273065633,1.0,0.2746812701225281,1.0,0.6063224673271179,0.9290765523910522,1.113726258277893
fake_existing,7,0,0.9390191753072582,0.8,0.21670183539390564,0.8,0.28184646368026733,0.8174331188201904,0.8473134636878967
fake_existing,7,0,1.3549785057683603,0.8,0.2437220811843872,0.8,0.46626847982406616,0.9259048104286194,0.9448822140693665
fake_existing,7,0,1.14638501331036,0.8,0.21063625812530518,0.8,0.17165857553482056,0.8642861843109131,0.9585850238800049
fake_existing,7,0,0.7806037276088792,0.6,0.19061186909675598,0.6,0.08196493238210678,0.8079832792282104,0.8399199843406677
fake_existing,7,0,1.057427050912926,0.6,0.19281461834907532,0.6,0.12626102566719055,0.7673525810241699,0.9013656377792358
fake_existing,8,0,0.5372534330645571,0.8,0.22179345786571503,0.8,0.17007271945476532,0.48473092913627625,0.9527127146720886
fake_existing,8,0,1.4344135650434044,0.8,0.241464301943779,0.8,0.42737358808517456,0.8490511178970337,0.9980239272117615
fake_existing,8,0,1.1689489890399427,0.6,0.22610393166542053,0.6,0.3450997769832611,0.8540199398994446,0.8716675639152527
fake_existing,8,0,1.5734143650707975,0.8,0.24391598999500275,0.8,0.411968857049942,0.8743762373924255,0.9632664918899536
fake_existing,8,0,1.393190079408561,1.0,0.24703559279441833,1.0,0.40198588371276855,0.875602662563324,1.000991702079773
fake_existing,8,0,0.8370846053171302,0.8,0.2147887945175171,0.8,0.20977544784545898,0.6328173875808716,0.9857993125915527
fake_existing,8,0,0.660971045334556,0.6,0.19686368107795715,0.6,0.018636131659150124,0.6896277666091919,0.8633856177330017
fake_existing,8,0,1.1806061928790603,1.0,0.24237501621246338,1.0,0.3557746410369873,0.8826507925987244,0.9216178059577942
fake_existing,8,0,0.7969090652813552,0.6,0.2123643159866333,0.6,0.13021627068519592,0.7332018613815308,0.9137405753135681
fake_existing,8,0,1.0700627757022414,0.6,0.20742686092853546,0.6,0.19282369315624237,0.8748757839202881,0.884343147277832
fake_existing,8,0,1.0219307039359826,0.6,0.20719003677368164,0.6,0.19332915544509888,0.738979697227478,0.9140762686729431
fake_existing,8,0,0.6566280934548526,0.4,0.19533434510231018,0.4,0.0793033167719841,0.7089282870292664,0.8005005121231079
fake_existing,8,0,2.653937878362471,1.0,0.30053386092185974,1.0,0.830767035484314,1.0713521242141724,1.099612832069397
fake_existing,8,0,1.1431886926910488,0.8,0.2436857670545578,0.8,0.3950798213481903,0.8367393612861633,0.9928181171417236
fake_existing,8,0,1.7047917875030119,1.0,0.2699819505214691,1.0,0.552270770072937,0.8631013035774231,0.9968488216400146
fake_existing,8,0,1.1110027695888705,0.8,0.23318429291248322,0.8,0.33987677097320557,0.8124741315841675,0.8837352395057678
fake_existing,8,0,0.2501286838197019,0.6,0.18821129202842712,0.6,-0.014791816473007202,0.493833065032959,0.8101801872253418
fake_existing,8,0,0.9243162455905602,0.8,0.2215586155653,0.8,0.23191027343273163,0.7991943359375,0.9099849462509155
fake_existing,8,0,0.7813463291747276,0.8,0.21347638964653015,0.8,0.1780988723039627,0.5803883671760559,1.004608154296875
fake_existing,8,0,1.0070636683936012,0.8,0.23488831520080566,0.8,0.24624863266944885,0.7768545150756836,0.9067443609237671
fake_existing,8,0,2.0627631712422563,1.0,0.28440061211586,1.0,0.6383779644966125,0.9449410438537598,1.0072821378707886
fake_existing,8,0,1.7318418490345806,1.0,0.27643439173698425,1.0,0.5277402997016907,0.8814713954925537,0.9800339937210083
fake_existing,8,0,1.2746243625102358,0.8,0.2511550784111023,0.8,0.376650333404541,0.7542583346366882,0.9475798606872559
fake_existing,8,0,2.062680354111815,1.0,0.27689969539642334,1.0,0.6140936017036438,0.9977352619171143,1.0288150310516357
fake_existing,8,0,1.7273051739785408,0.8,0.2579202651977539,0.8,0.5416780114173889,0.8861472606658936,0.9955875873565674
fake_existing,8,0,0.8705119952357044,0.6,0.2074415236711502,0.6,0.1634199172258377,0.8951992392539978,0.9278990030288696
fake_existing,8,0,0.8170856188444038,0.6,0.18649977445602417,0.6,0.06422652304172516,0.7443712949752808,0.7809760570526123
fake_existing,8,0,1.7505748351669035,1.0,0.261250764131546,1.0,0.5195659399032593,0.9945371747016907,1.0127544403076172
fake_existing,8,0,1.825164399484614,1.0,0.26323050260543823,1.0,0.5305876135826111,1.0172016620635986,1.0334712266921997
fake_existing,8,0,1.1442389315668382,0.8,0.24109546840190887,0.8,0.34957796335220337,0.9814826250076294,0.9970746040344238
fake_existing,8,0,1.221589706873359,0.8,0.24330659210681915,0.8,0.3539489805698395,0.9659092426300049,1.0371867418289185
fake_existing,8,0,1.2884464316017694,0.8,0.2537958025932312,0.8,0.4552827477455139,0.8174412846565247,1.005550503730774
fake_existing,8,0,0.8212717825900373,0.6,0.2354743778705597,0.6,0.2689814865589142,0.8143892884254456,0.9449067115783691
fake_existing,8,0,2.208587871921712,1.0,0.286269873380661,1.0,0.6834112405776978,0.9888360500335693,1.0568339824676514
fake_existing,8,0,2.048941477169179,1.0,0.28577372431755066,1.0,0.6633750796318054,0.923434317111969,1.0013114213943481
fake_existing,8,0,1.6315535244703976,1.0,0.27287158370018005,1.0,0.5045580863952637,0.818769633769989,1.027566909790039
fake_existing,8,0,0.6690454048561015,0.8,0.19814684987068176,0.8,0.09101903438568115,0.761243462562561,0.7825705409049988
fake_existing,8,0,2.5254263929873417,1.0,0.3018278181552887,1.0,0.8127608299255371,1.0920259952545166,1.0921177864074707
fake_existing,8,0,2.463689158794702,1.0,0.29932084679603577,1.0,0.7936387658119202,1.0388004779815674,1.0743685960769653
fake_existing,8,0,1.5629748067887843,0.8,0.25804075598716736,0.8,0.4575434625148773,0.837956428527832,1.0383397340774536
fake_existing,9,0,1.3043374954422626,0.8,0.2470572292804718,0.8,0.4540467858314514,0.7916628122329712,1.0358214378356934
fake_existing,9,0,0.9261416478689568,0.8,0.23456928133964539,0.8,0.3895500600337982,0.8626343011856079,0.9496986865997314
fake_existing,9,0,0.9140352830861275,0.8,0.21470792591571808,0.8,0.2933803200721741,0.7385649681091309,0.9167315363883972
fake_existing,9,0,1.1567506410012112,1.0,0.24860970675945282,1.0,0.4536071717739105,0.8762297034263611,1.0242971181869507
fake_existing,9,0,1.1368824220041573,0.8,0.2383759766817093,0.8,0.4320116639137268,0.7941579222679138,1.01021146774292
fake_existing,9,0,1.7236614060902036,1.0,0.2605573236942291,1.0,0.6263818144798279,1.001277208328247,1.0411697626113892
fake_existing,9,0,0.33392345180779615,0.8,0.21459004282951355,0.8,0.13740845024585724,0.7360581159591675,0.8414588570594788
fake_existing,9,0,1.397274328835809,0.8,0.2447822093963623,0.8,0.42644914984703064,0.9876008033752441,0.9989023804664612
fake_existing,9,0,0.7289383684014087,0.8,0.21307584643363953,0.8,0.2037399709224701,0.9167127013206482,0.9191876649856567
fake_existing,9,0,0.8089493025425526,0.8,0.22578731179237366,0.8,0.31035202741622925,0.8031147718429565,0.9731149673461914
fake_existing,9,0,0.20469715923547221,0.4,0.21008341014385223,0.4,0.06436481326818466,0.6676815152168274,0.9799201488494873
fake_existing,9,0,0.7394110233129378,1.0,0.2402622252702713,1.0,0.27466830611228943,0.5788432955741882,1.0726282596588135
fake_existing,9,0,0.8021613020821701,0.6,0.20945119857788086,0.6,0.23767265677452087,0.8735451698303223,0.9150211215019226
fake_existing,9,0,1.8954937813446258,1.0,0.27386990189552307,1.0,0.7007423639297485,0.9955309629440308,1.0969659090042114
fake_existing,9,0,1.1693990409163557,1.0,0.24044673144817352,1.0,0.4042424261569977,0.8227405548095703,1.0297588109970093
fake_existing,9,0,0.08007939978086258,0.2,0.1695738285779953,0.2,-0.1922367513179779,0.5812190771102905,0.813958466053009
fake_existing,9,0,0.9236955748178651,0.6,0.21979542076587677,0.6,0.24855785071849823,0.8051429986953735,0.9529901146888733
fake_existing,9,0,0.7373354864686094,0.6,0.20171615481376648,0.6,0.21803870797157288,0.7970447540283203,0.842430830001831
fake_existing,9,0,1.245085702333252,0.8,0.23978355526924133,0.8,0.4865493178367615,0.9409724473953247,0.9523404240608215
fake_existing,9,0,0.20852130722850384,0.8,0.21574537456035614,0.8,0.1401967853307724,0.4948413372039795,0.8896397352218628
fake_existing,9,0,1.1896040904177756,1.0,0.23568448424339294,1.0,0.46063345670700073,0.900814950466156,0.9811952710151672
fake_existing,9,0,0.25547064687824894,0.8,0.22077493369579315,0.8,0.11829481273889542,0.4154924154281616,0.9670379161834717
fake_existing,9,0,0.6014949403007013,0.8,0.21656349301338196,0.8,0.17290137708187103,0.818871796131134,0.9952332377433777
fake_existing,9,0,1.3888674622897867,0.8,0.2572587728500366,0.8,0.47892141342163086,0.7573359608650208,1.1015924215316772
fake_existing,9,0,0.9788437456945285,0.8,0.23691506683826447,0.8,0.4193127751350403,0.8549607396125793,0.9640891551971436
fake_existing,9,0,1.3282244200231506,0.8,0.23170039057731628,0.8,0.30134543776512146,0.8516595959663391,0.9863135814666748
fake_existing,9,0,1.0434430078760761,0.8,0.2333122193813324,0.8,0.37877708673477173,0.929013729095459,0.9808069467544556
fake_existing,9,0,1.0678720726662412,0.8,0.21455955505371094,0.8,0.26729893684387207,0.8372604846954346,0.9911916851997375
fake_existing,9,0,0.917802264997152,0.6,0.20827075839042664,0.6,0.18182364106178284,0.8324217200279236,0.9051851630210876
fake_existing,9,0,0.6265531584519293,0.6,0.2137259542942047,0.6,0.2409779578447342,0.7213769555091858,0.9266173839569092
fake_existing,9,0,0.9385633513914058,0.6,0.2303125560283661,0.6,0.3343407213687897,0.7743020057678223,0.9917498230934143
fake_existing,9,0,1.1850109256508614,0.8,0.23414678871631622,0.8,0.3725505471229553,0.9345424175262451,0.9605209827423096
fake_existing,9,0,0.5453179812979989,0.6,0.1939341425895691,0.6,0.13380981981754303,0.750806987285614,0.8091592192649841
fake_existing,9,0,1.2296755854544341,0.8,0.2511822283267975,0.8,0.4184233248233795,0.7518875002861023,1.0878734588623047
fake_existing,9,0,0.5111344948265815,0.6,0.20724713802337646,0.6,0.13082998991012573,0.7976228594779968,0.9339167475700378
fake_existing,9,0,1.0128782949878772,0.8,0.23603710532188416,0.8,0.4277552664279938,0.9284986257553101,0.9446788430213928
fake_existing,9,0,1.4773062096801022,1.0,0.26358669996261597,1.0,0.5605416297912598,0.8526691198348999,1.0806130170822144
fake_existing,9,0,0.5469178459068338,0.8,0.21492500603199005,0.8,0.22937741875648499,0.6626695394515991,0.8846333622932434
fake_existing,9,0,1.2118094982416712,1.0,0.23300305008888245,1.0,0.4050562381744385,0.9136984944343567,0.9481651782989502
fake_existing,9,0,0.6271052041151937,0.8,0.22691139578819275,0.8,0.268600732088089,0.6623069643974304,1.0069129467010498
fake_existing,10,0,0.9196987196441034,0.8,0.21616466343402863,0.8,0.29082268476486206,0.8796254992485046,0.882534921169281
fake_existing,10,0,0.7690898711722236,0.6,0.20403818786144257,0.6,0.17780670523643494,0.8537502288818359,0.8723425269126892
fake_existing,10,0,1.8330765945515044,1.0,0.2767302095890045,1.0,0.7017878890037537,1.0139836072921753,1.0174237489700317
fake_existing,10,0,1.7126149951834067,1.0,0.25754857063293457,1.0,0.6019862294197083,0.9311010837554932,1.0353057384490967
fake_existing,10,0,1.4399908479322918,0.8,0.250379353761673,0.8,0.4978567063808441,0.932573676109314,0.9725925326347351
fake_existing,10,0,1.4215794465149834,1.0,0.2587100565433502,1.0,0.5087175369262695,0.8760530948638916,1.0594465732574463
fake_existing,10,0,1.7697695686067951,1.0,0.2724917232990265,1.0,0.6419370770454407,0.9665013551712036,1.086258053779602
fake_existing,10,0,1.8602795473492761,1.0,0.26921337842941284,1.0,0.6420087814331055,0.9870659112930298,1.0714679956436157
fake_existing,10,0,1.9276440273782076,1.0,0.2815118432044983,1.0,0.7155272364616394,0.9876898527145386,1.0918022394180298
fake_existing,10,0,1.2629083920281667,1.0,0.25578004121780396,1.0,0.5212644338607788,0.9483000636100769,0.9612936973571777
fake_existing,10,0,1.1250155758261262,0.8,0.23818662762641907,0.8,0.42256060242652893,0.9039056897163391,1.008406162261963
fake_existing,10,0,1.444965175640131,1.0,0.26360684633255005,1.0,0.5604420900344849,0.9175344109535217,1.073762059211731
fake_existing,10,0,1.8874531194789355,1.0,0.2881869673728943,1.0,0.7534291744232178,1.035459041595459,1.0769790410995483
fake_existing,10,0,1.95457150790651,1.0,0.2713490128517151,1.0,0.7067430019378662,1.011376976966858,1.0449448823928833
fake_existing,10,0,0.9794869394086628,0.8,0.22988882660865784,0.8,0.364623486995697,0.9064478874206543,0.9737013578414917
fake_existing,10,0,1.056044640326751,0.8,0.23797976970672607,0.8,0.4471936821937561,0.8205276131629944,0.9944631457328796
fake_existing,10,0,1.6389555294627818,1.0,0.26453688740730286,1.0,0.5917996168136597,1.007414698600769,1.0398035049438477
fake_existing,10,0,1.553790517309831,1.0,0.26568347215652466,1.0,0.652633547782898,0.9931899905204773,1.0064990520477295
fake_existing,10,0,1.6860020368418582,1.0,0.2664598524570465,1.0,0.6578803658485413,1.0419715642929077,1.044369101524353
fake_existing,10,0,1.7475087469687556,1.0,0.26860177516937256,1.0,0.6327675580978394,1.0067033767700195,1.0613385438919067
fake_existing,10,0,1.3421258869793462,1.0,0.2610228657722473,1.0,0.5627363920211792,0.963796079158783,1.0238324403762817
fake_existing,10,0,0.9204778190429748,0.8,0.22251209616661072,0.8,0.35294753313064575,0.8118190169334412,0.9079493284225464
fake_existing,10,0,1.0517966161495231,0.8,0.24042920768260956,0.8,0.4003872275352478,0.8644333481788635,0.9691163301467896
fake_existing,10,0,1.8760578633333906,1.0,0.26975706219673157,1.0,0.6668977737426758,0.9599856734275818,1.0713716745376587
fake_existing,10,0,1.956955673988786,1.0,0.2622757852077484,1.0,0.6304217576980591,0.9773752093315125,1.029397964477539
fake_existing,10,0,1.9323742110084674,1.0,0.2808059751987457,1.0,0.7246702313423157,1.0402231216430664,1.0772427320480347
fake_existing,10,0,1.002869137393978,0.6,0.18637099862098694,0.6,0.14987799525260925,0.6934739351272583,0.7914726734161377
fake_existing,10,0,0.9737716868671196,1.0,0.23922045528888702,1.0,0.3961449861526489,0.8591855764389038,0.9255417585372925
fake_existing,10,0,1.2701229314440545,0.8,0.24071554839611053,0.8,0.4409959316253662,0.8360748291015625,0.9972322583198547
fake_existing,10,0,1.1182754737629264,0.8,0.22623014450073242,0.8,0.4047248959541321,0.9267941117286682,0.9492579698562622
fake_existing,10,0,0.49766908694346557,0.6,0.1966334879398346,0.6,0.1127035841345787,0.717520534992218,0.7594978213310242
fake_existing,10,0,1.1164902782364063,0.8,0.2447570264339447,0.8,0.4579135477542877,0.9265568256378174,0.9736567139625549
fake_existing,10,0,1.0114610831149533,1.0,0.22840376198291779,1.0,0.3779362142086029,0.8797715902328491,0.928526759147644
fake_existing,10,0,1.0637435355721117,0.8,0.23633626103401184,0.8,0.41348323225975037,0.9509781002998352,0.9659824967384338
fake_existing,10,0,1.8178723509528845,1.0,0.2868950366973877,1.0,0.759691059589386,1.0548127889633179,1.0750001668930054
fake_existing,10,0,1.4515270327348557,0.8,0.2550355792045593,0.8,0.5716771483421326,1.0010597705841064,1.0114694833755493
fake_existing,10,0,1.013018982223509,0.8,0.2352132499217987,0.8,0.38332295417785645,0.8839917182922363,0.9419590830802917
fake_existing,10,0,0.6151555288755025,0.6,0.18661083281040192,0.6,0.06401430070400238,0.7387711405754089,0.7894977331161499
fake_existing,10,0,0.3247367964848856,0.6,0.19720928370952606,0.6,0.09353490173816681,0.6897575259208679,0.8131703734397888
fake_existing,10,0,1.497085888305461,0.8,0.25396469235420227,0.8,0.5358079671859741,0.9527157545089722,0.9967087507247925
fake_existing,11,0,0.8642534126371799,0.6,0.1896449327468872,0.6,0.053151726722717285,0.7425323724746704,0.7930942177772522
fake_existing,11,0,1.1438129491587772,0.8,0.202340766787529,0.8,0.16885241866111755,0.7861758470535278,0.82124924659729
fake_existing,11,0,2.0841246092869143,0.8,0.27269667387008667,0.8,0.5608426332473755,1.0182210206985474,1.072201132774353
fake_existing,11,0,1.6626522800580847,0.8,0.2352205216884613,0.8,0.34905752539634705,1.021308422088623,1.052547812461853
fake_existing,11,0,1.9345401121221897,0.8,0.24508324265480042,0.8,0.3615305721759796,0.9929559826850891,1.0607446432113647
fake_existing,11,0,1.6629533592531378,0.6,0.20305462181568146,0.6,0.20336374640464783,0.6899971961975098,0.8833718299865723
fake_existing,11,0,3.244042849318622,1.0,0.3118012845516205,1.0,0.8153682947158813,1.166181206703186,1.2012028694152832
fake_existing,11,0,2.3040616783669967,0.8,0.2574719786643982,0.8,0.5153152942657471,1.0329428911209106,1.0380809307098389
fake_existing,11,0,2.5170051280001915,1.0,0.2780607342720032,1.0,0.6256210803985596,1.0978047847747803,1.1284326314926147
fake_existing,11,0,3.263828712618892,1.0,0.3127504289150238,1.0,0.8566156625747681,1.166469693183899,1.2144646644592285
fake_existing,11,0,1.3936236840285852,0.6,0.190318763256073,0.6,0.1460731327533722,0.8321616053581238,0.857356607913971
fake_existing,11,0,1.620642060527646,0.8,0.22840113937854767,0.8,0.2907525599002838,0.8662816882133484,0.8905812501907349
fake_existing,11,0,2.028150892655174,0.8,0.2683388590812683,0.8,0.5307941436767578,0.9240283966064453,1.087712287902832
fake_existing,11,0,1.3171870505798189,0.6,0.18061527609825134,0.6,0.1480560600757599,0.5495846271514893,0.804258406162262
fake_existing,11,0,1.7047429405364034,0.8,0.21216881275177002,0.8,0.2667233645915985,0.8469200730323792,0.9533645510673523
fake_existing,11,0,2.6579490013767693,1.0,0.29305344820022583,1.0,0.6911951899528503,1.0577168464660645,1.1059175729751587
fake_existing,11,0,1.509075060074436,0.8,0.1867162436246872,0.8,0.1580927073955536,0.7721961736679077,0.7862862348556519
fake_existing,11,0,1.7037590313614523,1.0,0.2310585230588913,1.0,0.32706546783447266,0.9049403667449951,1.0055294036865234
fake_existing,11,0,2.101942494274449,1.0,0.26036307215690613,1.0,0.5237208604812622,1.085526466369629,1.0914877653121948
fake_existing,11,0,3.4896774751612525,1.0,0.3273460268974304,1.0,0.912310779094696,1.2173566818237305,1.2224115133285522
fake_existing,11,0,1.520554903755262,0.6,0.20388031005859375,0.6,0.18083764612674713,0.83347487449646,0.8610255718231201
fake_existing,11,0,1.2415358951636226,0.6,0.1946066915988922,0.6,0.06725136935710907,0.779253363609314,0.9054635763168335
fake_existing,11,0,1.8298782053560274,1.0,0.25154733657836914,1.0,0.4569922089576721,0.9247526526451111,0.9837977886199951
fake_existing,11,0,1.99133158218527,0.8,0.24141573905944824,0.8,0.40346699953079224,0.9445558190345764,0.965589165687561
fake_existing,11,0,2.122030200226871,0.8,0.23203308880329132,0.8,0.39543992280960083,0.9598827362060547,0.9732984304428101
fake_existing,11,0,1.329292857131715,0.6,0.18678972125053406,0.6,0.10089439153671265,0.8262131214141846,0.842286229133606
fake_existing,11,0,0.848597569860513,0.2,0.15580621361732483,0.2,-0.08925725519657135,0.6551129817962646,0.7548984885215759
fake_existing,11,0,3.2176257771939865,1.0,0.31217682361602783,1.0,0.8141855001449585,1.187707543373108,1.1982208490371704
fake_existing,11,0,1.2250446650003635,0.4,0.19105491042137146,0.4,0.1030135303735733,0.8222001791000366,0.8403940796852112
fake_existing,11,0,3.0049219472780146,1.0,0.3068881630897522,1.0,0.7666383981704712,1.1144073009490967,1.1878554821014404
fake_existing,11,0,1.699624363015505,0.6,0.22752848267555237,0.6,0.33809441328048706,0.9269189834594727,0.9885039925575256
fake_existing,11,0,1.6798649139369712,0.8,0.23558421432971954,0.8,0.34108471870422363,0.9410842061042786,1.008220911026001
fake_existing,11,0,3.316165373459701,1.0,0.31242436170578003,1.0,0.8357237577438354,1.178248643875122,1.178431749343872
fake_existing,11,0,0.8635685394201655,0.4,0.17273280024528503,0.4,-0.029661964625120163,0.7535687685012817,0.7659899592399597
fake_existing,11,0,2.6990324972817215,1.0,0.29441267251968384,1.0,0.6910719275474548,1.0766278505325317,1.167123556137085
fake_existing,11,0,1.98066723262743,0.8,0.24928715825080872,0.8,0.41710081696510315,0.9947915077209473,1.0399245023727417
fake_existing,11,0,2.230001099309811,0.8,0.2638283669948578,0.8,0.49093666672706604,1.0095617771148682,1.0695381164550781
fake_existing,11,0,1.533018257604986,0.8,0.239619180560112,0.8,0.31523045897483826,0.9574283957481384,1.0450525283813477
fake_existing,11,0,2.622204285979194,1.0,0.28659898042678833,1.0,0.638556718826294,1.0183974504470825,1.124613642692566
fake_existing,11,0,2.3625366276807886,0.8,0.27452343702316284,0.8,0.5491011142730713,1.1010829210281372,1.1212108135223389
