t,false_reject,false_reject_rate,false_accept,false_accept_rate
0.0,1165,1.0,0,0.0
0.08743919679267921,1165,1.0,0,0.0
0.17487839358535842,1165,1.0,0,0.0
0.26231759037803765,1165,1.0,0,0.0
0.34975678717071684,1165,1.0,0,0.0
0.43719598396339604,1165,1.0,0,0.0
0.5246351807560753,1165,1.0,0,0.0
0.6120743775487545,1165,1.0,0,0.0
0.6995135743414337,1165,1.0,0,0.0
0.7869527711341129,1165,1.0,0,0.0
0.8743919679267921,1165,1.0,0,0.0
0.9618311647194713,1165,1.0,0,0.0
1.0492703615121506,1165,1.0,0,0.0
1.1367095583048297,1165,1.0,0,0.0
1.224148755097509,1165,1.0,0,0.0
1.311587951890188,1165,1.0,0,0.0
1.3990271486828674,1165,1.0,0,0.0
1.4864663454755467,1165,1.0,0,0.0
1.5739055422682258,1165,1.0,0,0.0
1.661344739060905,1165,1.0,0,0.0
1.7487839358535842,1165,1.0,0,0.0
1.8362231326462635,1165,1.0,0,0.0
1.9236623294389426,1164,0.9991416309012876,0,0.0
2.011101526231622,1163,0.9982832618025751,0,0.0
2.098540723024301,1161,0.9965665236051502,0,0.0
2.1859799198169805,1158,0.9939914163090129,0,0.0
2.2734191166096593,1154,0.9905579399141631,1,0.0008583690987124463
2.3608583134023386,1150,0.9871244635193133,1,0.0008583690987124463
2.448297510195018,1146,0.9836909871244636,1,0.0008583690987124463
2.5357367069876973,1140,0.9785407725321889,1,0.0008583690987124463
2.623175903780376,1134,0.9733905579399141,1,0.0008583690987124463
2.7106151005730554,1131,0.9708154506437768,1,0.0008583690987124463
2.7980542973657347,1126,0.9665236051502146,1,0.0008583690987124463
2.885493494158414,1117,0.9587982832618026,2,0.0017167381974248926
2.9729326909510934,1109,0.951931330472103,2,0.0017167381974248926
3.0603718877437722,1097,0.9416309012875537,2,0.0017167381974248926
3.1478110845364515,1088,0.9339055793991416,2,0.0017167381974248926
3.235250281329131,1076,0.9236051502145923,2,0.0017167381974248926
3.32268947812181,1064,0.9133047210300429,2,0.0017167381974248926
3.410128674914489,1059,0.9090128755364807,2,0.0017167381974248926
3.4975678717071683,1055,0.9055793991416309,2,0.0017167381974248926
3.5850070684998476,1045,0.8969957081545065,2,0.0017167381974248926
3.672446265292527,1032,0.8858369098712446,2,0.0017167381974248926
3.7598854620852062,1022,0.8772532188841202,3,0.002575107296137339
3.847324658877885,1006,0.863519313304721,4,0.0034334763948497852
3.9347638556705644,992,0.8515021459227468,4,0.0034334763948497852
4.022203052463244,973,0.8351931330472103,5,0.004291845493562232
4.109642249255923,960,0.8240343347639485,6,0.005150214592274678
4.197081446048602,944,0.8103004291845494,6,0.005150214592274678
4.284520642841281,918,0.7879828326180257,6,0.005150214592274678
4.371959839633961,894,0.7673819742489271,7,0.006008583690987125
4.45939903642664,869,0.7459227467811159,7,0.006008583690987125
4.546838233219319,842,0.7227467811158799,8,0.0068669527896995704
4.634277430011998,819,0.7030042918454935,9,0.007725321888412017
4.721716626804677,798,0.6849785407725322,9,0.007725321888412017
4.809155823597356,768,0.6592274678111588,11,0.00944206008583691
4.896595020390036,739,0.6343347639484979,11,0.00944206008583691
4.984034217182715,712,0.6111587982832618,11,0.00944206008583691
5.0714734139753945,687,0.5896995708154507,13,0.011158798283261802
5.158912610768073,668,0.5733905579399141,14,0.01201716738197425
5.246351807560752,649,0.5570815450643777,15,0.012875536480686695
5.333791004353432,625,0.5364806866952789,15,0.012875536480686695
5.421230201146111,602,0.5167381974248927,17,0.014592274678111588
5.508669397938791,579,0.49699570815450644,19,0.01630901287553648
5.5961085947314695,561,0.4815450643776824,21,0.018025751072961373
5.683547791524148,539,0.46266094420600856,22,0.01888412017167382
5.770986988316828,518,0.4446351931330472,24,0.020600858369098713
5.858426185109507,489,0.41974248927038627,28,0.0240343347639485
5.945865381902187,473,0.40600858369098713,30,0.02575107296137339
6.033304578694866,455,0.3905579399141631,33,0.02832618025751073
6.1207437754875444,444,0.3811158798283262,35,0.030042918454935622
6.208182972280224,432,0.3708154506437768,37,0.03175965665236052
6.295622169072903,418,0.3587982832618026,41,0.0351931330472103
6.383061365865583,404,0.34678111587982835,44,0.03776824034334764
6.470500562658262,391,0.3356223175965665,48,0.041201716738197426
6.5579397594509405,378,0.3244635193133047,49,0.04206008583690987
6.64537895624362,366,0.3141630901287554,50,0.04291845493562232
6.732818153036299,356,0.3055793991416309,54,0.0463519313304721
6.820257349828978,349,0.2995708154506438,54,0.0463519313304721
6.907696546621658,336,0.28841201716738196,61,0.05236051502145923
6.995135743414337,325,0.27896995708154504,64,0.054935622317596564
7.082574940207016,315,0.2703862660944206,69,0.0592274678111588
7.170014136999695,305,0.26180257510729615,72,0.061802575107296136
7.257453333792374,300,0.2575107296137339,76,0.06523605150214593
7.344892530585054,292,0.2506437768240343,80,0.06866952789699571
7.432331727377733,284,0.24377682403433476,86,0.07381974248927038
7.5197709241704125,278,0.23862660944206007,88,0.07553648068669527
7.607210120963091,273,0.23433476394849787,89,0.07639484978540773
7.69464931775577,265,0.22746781115879827,91,0.07811158798283262
7.78208851454845,263,0.2257510729613734,95,0.0815450643776824
7.869527711341129,260,0.22317596566523606,102,0.08755364806866953
7.956966908133809,254,0.21802575107296138,105,0.09012875536480687
8.044406104926487,248,0.2128755364806867,107,0.09184549356223176
8.131845301719167,244,0.2094420600858369,111,0.09527896995708154
8.219284498511845,243,0.20858369098712445,115,0.09871244635193133
8.306723695304525,237,0.2034334763948498,118,0.10128755364806867
8.394162892097205,230,0.19742489270386265,121,0.10386266094420601
8.481602088889883,222,0.1905579399141631,128,0.10987124463519313
8.569041285682562,217,0.18626609442060085,130,0.11158798283261803
8.656480482475242,214,0.18369098712446352,133,0.11416309012875536
8.743919679267922,210,0.18025751072961374,137,0.11759656652360514
8.8313588760606,208,0.17854077253218884,148,0.12703862660944207
8.91879807285328,207,0.17768240343347638,150,0.12875536480686695
9.00623726964596,204,0.17510729613733905,153,0.1313304721030043
9.093676466438637,203,0.1742489270386266,157,0.13476394849785409
9.181115663231317,199,0.17081545064377682,163,0.13991416309012875
9.268554860023997,196,0.1682403433476395,168,0.14420600858369098
9.355994056816675,191,0.16394849785407725,178,0.15278969957081545
9.443433253609355,185,0.15879828326180256,182,0.15622317596566523
9.530872450402034,180,0.15450643776824036,188,0.16137339055793992
9.618311647194712,180,0.15450643776824036,195,0.16738197424892703
9.705750843987392,172,0.14763948497854076,201,0.17253218884120172
9.793190040780072,167,0.14334763948497853,207,0.17768240343347638
9.880629237572752,163,0.13991416309012875,211,0.1811158798283262
9.96806843436543,162,0.13905579399141632,219,0.18798283261802576
10.05550763115811,161,0.13819742489270387,223,0.19141630901287554
10.142946827950789,156,0.13390557939914163,228,0.19570815450643778
10.230386024743467,154,0.13218884120171673,235,0.2017167381974249
10.317825221536147,150,0.12875536480686695,242,0.20772532188841203
10.405264418328827,148,0.12703862660944207,250,0.2145922746781116
10.492703615121505,147,0.12618025751072962,257,0.2206008583690987
10.580142811914184,144,0.12360515021459227,270,0.2317596566523605
10.667582008706864,140,0.12017167381974249,278,0.23862660944206007
10.755021205499544,137,0.11759656652360514,289,0.248068669527897
10.842460402292222,134,0.11502145922746781,301,0.25836909871244634
10.929899599084901,129,0.11072961373390558,311,0.2669527896995708
11.017338795877581,124,0.10643776824034334,320,0.27467811158798283
11.10477799267026,121,0.10386266094420601,326,0.2798283261802575
11.192217189462939,117,0.10042918454935622,337,0.2892703862660944
11.279656386255619,115,0.09871244635193133,354,0.303862660944206
11.367095583048297,114,0.09785407725321889,370,0.31759656652360513
11.454534779840976,112,0.096137339055794,379,0.32532188841201715
11.541973976633656,112,0.096137339055794,390,0.33476394849785407
11.629413173426334,108,0.0927038626609442,405,0.34763948497854075
11.716852370219014,107,0.09184549356223176,417,0.3579399141630901
11.804291567011694,105,0.09012875536480687,430,0.36909871244635195
11.891730763804373,103,0.08841201716738198,446,0.3828326180257511
11.979169960597051,102,0.08755364806866953,466,0.4
12.066609157389731,102,0.08755364806866953,491,0.42145922746781117
12.154048354182411,99,0.08497854077253218,510,0.43776824034334766
12.241487550975089,98,0.08412017167381974,535,0.4592274678111588
12.328926747767769,95,0.0815450643776824,554,0.4755364806866953
12.416365944560448,93,0.07982832618025751,580,0.4978540772532189
12.503805141353126,87,0.07467811158798283,611,0.5244635193133047
12.591244338145806,84,0.07210300429184549,635,0.5450643776824035
12.678683534938486,80,0.06866952789699571,657,0.5639484978540773
12.766122731731166,79,0.06781115879828326,681,0.5845493562231759
12.853561928523844,76,0.06523605150214593,708,0.607725321888412
12.941001125316523,75,0.06437768240343347,727,0.6240343347639485
13.028440322109203,72,0.061802575107296136,756,0.6489270386266094
13.115879518901881,70,0.060085836909871244,790,0.6781115879828327
13.20331871569456,66,0.05665236051502146,813,0.6978540772532189
13.29075791248724,63,0.05407725321888412,841,0.7218884120171674
13.378197109279919,62,0.05321888412017167,863,0.7407725321888412
13.465636306072598,60,0.05150214592274678,884,0.7587982832618025
13.553075502865278,58,0.04978540772532189,918,0.7879828326180257
13.640514699657956,57,0.048927038626609444,944,0.8103004291845494
13.727953896450636,56,0.048068669527897,968,0.8309012875536481
13.815393093243316,52,0.04463519313304721,984,0.8446351931330472
13.902832290035995,49,0.04206008583690987,1004,0.8618025751072962
13.990271486828673,49,0.04206008583690987,1023,0.8781115879828326
14.077710683621353,46,0.039484978540772535,1034,0.8875536480686695
14.165149880414033,43,0.03690987124463519,1047,0.8987124463519314
14.25258907720671,41,0.0351931330472103,1066,0.9150214592274678
14.34002827399939,40,0.034334763948497854,1077,0.9244635193133047
14.42746747079207,38,0.03261802575107296,1094,0.9390557939914163
14.514906667584748,36,0.030901287553648068,1109,0.951931330472103
14.602345864377428,31,0.026609442060085836,1125,0.9656652360515021
14.689785061170108,28,0.0240343347639485,1131,0.9708154506437768
14.777224257962787,27,0.02317596566523605,1136,0.975107296137339
14.864663454755465,25,0.02145922746781116,1140,0.9785407725321889
14.952102651548145,24,0.020600858369098713,1146,0.9836909871244636
15.039541848340825,24,0.020600858369098713,1150,0.9871244635193133
15.126981045133503,21,0.018025751072961373,1155,0.9914163090128756
15.214420241926183,20,0.017167381974248927,1160,0.9957081545064378
15.301859438718862,18,0.015450643776824034,1163,0.9982832618025751
15.38929863551154,18,0.015450643776824034,1165,1.0
15.47673783230422,16,0.013733905579399141,1165,1.0
15.5641770290969,14,0.01201716738197425,1165,1.0
15.651616225889578,13,0.011158798283261802,1165,1.0
15.739055422682258,11,0.00944206008583691,1165,1.0
15.826494619474937,11,0.00944206008583691,1165,1.0
15.913933816267617,10,0.008583690987124463,1165,1.0
16.001373013060295,8,0.0068669527896995704,1165,1.0
16.088812209852975,4,0.0034334763948497852,1165,1.0
16.176251406645655,4,0.0034334763948497852,1165,1.0
16.263690603438334,4,0.0034334763948497852,1165,1.0
16.351129800231014,4,0.0034334763948497852,1165,1.0
16.43856899702369,4,0.0034334763948497852,1165,1.0
16.52600819381637,3,0.002575107296137339,1165,1.0
16.61344739060905,3,0.002575107296137339,1165,1.0
16.70088658740173,2,0.0017167381974248926,1165,1.0
16.78832578419441,2,0.0017167381974248926,1165,1.0
16.87576498098709,1,0.0008583690987124463,1165,1.0
16.963204177779765,1,0.0008583690987124463,1165,1.0
17.050643374572445,1,0.0008583690987124463,1165,1.0
17.138082571365125,1,0.0008583690987124463,1165,1.0
17.225521768157805,1,0.0008583690987124463,1165,1.0
17.312960964950484,1,0.0008583690987124463,1165,1.0
17.400400161743164,1,0.0008583690987124463,1165,1.0
